{
"type": "FeatureCollection",
"name": "intersection_candidates",
"crs": { "type": "name", "properties": { "name": "urn:ogc:def:crs:OGC:1.3:CRS84" } },
"features": [
{ "type": "Feature", "properties": { "candidate_id": "signal_1231569867", "name": "TS379", "operation_type": "Fixed", "flash_time": "24 Hr stop and go", "flash_yellow": "SANDUSKY ST", "id": 1231569867, "description": "General Robinson St - Sandusky St", "traffic_count": 1, "crosswalk_count": 5, "hin_count": 2, "crash_count": 167, "injury_crash_count": 70, "severe_crash_count": 7, "vru_crash_count": 5, "fatalities": 0, "injuries": 112, "coverage_points": 90, "coverage_score_pre_osm": 100.0, "osm_status": "not_assessed", "safety_priority_score": 95.5, "selection_score": 98.4, "crash_window": "2019-2025" }, "geometry": { "type": "Point", "coordinates": [ -80.002280571320483, 40.448634397672386, 1231569867.0 ] } },
{ "type": "Feature", "properties": { "candidate_id": "signal_169526237", "name": "TS416", "operation_type": "Fixed", "flash_time": "1:00-6:00", "flash_yellow": "SANDUSKY ST", "id": 169526237, "description": "Lacock St - Sandusky St", "traffic_count": 1, "crosswalk_count": 4, "hin_count": 1, "crash_count": 140, "injury_crash_count": 65, "severe_crash_count": 7, "vru_crash_count": 5, "fatalities": 0, "injuries": 100, "coverage_points": 90, "coverage_score_pre_osm": 100.0, "osm_status": "not_assessed", "safety_priority_score": 95.3, "selection_score": 98.4, "crash_window": "2019-2025" }, "geometry": { "type": "Point", "coordinates": [ -80.002561357279689, 40.449494909542565, 169526237.0 ] } },
{ "type": "Feature", "properties": { "candidate_id": "signal_649032132", "name": "TS49", "operation_type": "Fully Actuated", "flash_time": "24 Hr stop and go", "flash_yellow": "", "id": 649032132, "description": "Atlantic Ave - Baum Blvd - Liberty Ave", "traffic_count": 2, "crosswalk_count": 5, "hin_count": 2, "crash_count": 80, "injury_crash_count": 36, "severe_crash_count": 6, "vru_crash_count": 15, "fatalities": 0, "injuries": 47, "coverage_points": 90, "coverage_score_pre_osm": 100.0, "osm_status": "not_assessed", "safety_priority_score": 94.2, "selection_score": 98.0, "crash_window": "2019-2025" }, "geometry": { "type": "Point", "coordinates": [ -79.939643021055829, 40.456634807766946, 649032132.0 ] } },
{ "type": "Feature", "properties": { "candidate_id": "signal_1354769511", "name": "TS320", "operation_type": "Fixed", "flash_time": "24 Hr stop and go", "flash_yellow": "GRANT ST", "id": 1354769511, "description": "First Ave - Grant St", "traffic_count": 1, "crosswalk_count": 7, "hin_count": 1, "crash_count": 103, "injury_crash_count": 34, "severe_crash_count": 5, "vru_crash_count": 6, "fatalities": 1, "injuries": 45, "coverage_points": 90, "coverage_score_pre_osm": 100.0, "osm_status": "not_assessed", "safety_priority_score": 92.3, "selection_score": 97.3, "crash_window": "2019-2025" }, "geometry": { "type": "Point", "coordinates": [ -79.998725502058306, 40.436563375127804, 1354769511.0 ] } },
{ "type": "Feature", "properties": { "candidate_id": "signal_2011109930", "name": "TS2", "operation_type": "Fully Actuated", "flash_time": "24 Hr stop and go", "flash_yellow": "", "id": 2011109930, "description": "Aiken Ave - Centre Ave - Liberty Ave", "traffic_count": 1, "crosswalk_count": 5, "hin_count": 3, "crash_count": 67, "injury_crash_count": 34, "severe_crash_count": 5, "vru_crash_count": 13, "fatalities": 0, "injuries": 46, "coverage_points": 90, "coverage_score_pre_osm": 100.0, "osm_status": "not_assessed", "safety_priority_score": 92.2, "selection_score": 97.3, "crash_window": "2019-2025" }, "geometry": { "type": "Point", "coordinates": [ -79.938594375403852, 40.455917668973413, 2011109930.0 ] } },
{ "type": "Feature", "properties": { "candidate_id": "signal_1977783821", "name": "TS591", "operation_type": "Fixed", "flash_time": "24 Hr stop and go", "flash_yellow": "FIFTH AVE", "id": 1977783821, "description": "Fifth Ave - Meyran Ave", "traffic_count": 1, "crosswalk_count": 6, "hin_count": 1, "crash_count": 114, "injury_crash_count": 53, "severe_crash_count": 2, "vru_crash_count": 25, "fatalities": 0, "injuries": 60, "coverage_points": 90, "coverage_score_pre_osm": 100.0, "osm_status": "not_assessed", "safety_priority_score": 91.6, "selection_score": 97.1, "crash_window": "2019-2025" }, "geometry": { "type": "Point", "coordinates": [ -79.959276623741204, 40.441162601910207, 1977783821.0 ] } },
{ "type": "Feature", "properties": { "candidate_id": "signal_780501747", "name": "TS609", "operation_type": "Fixed", "flash_time": "24 Hr stop and go", "flash_yellow": "MADISON AVE", "id": 780501747, "description": "Madison Ave - Tripoli St", "traffic_count": 1, "crosswalk_count": 5, "hin_count": 1, "crash_count": 114, "injury_crash_count": 36, "severe_crash_count": 4, "vru_crash_count": 5, "fatalities": 0, "injuries": 44, "coverage_points": 90, "coverage_score_pre_osm": 100.0, "osm_status": "not_assessed", "safety_priority_score": 91.5, "selection_score": 97.0, "crash_window": "2019-2025" }, "geometry": { "type": "Point", "coordinates": [ -79.9976276974499, 40.456587379612941, 780501747.0 ] } },
{ "type": "Feature", "properties": { "candidate_id": "signal_1681130241", "name": "TS610", "operation_type": "Fixed", "flash_time": "24 Hr stop and go", "flash_yellow": "MADISON AVE", "id": 1681130241, "description": "Madison Ave - E. North Ave - Spring Garden Ave", "traffic_count": 1, "crosswalk_count": 4, "hin_count": 1, "crash_count": 113, "injury_crash_count": 36, "severe_crash_count": 4, "vru_crash_count": 5, "fatalities": 0, "injuries": 44, "coverage_points": 90, "coverage_score_pre_osm": 100.0, "osm_status": "not_assessed", "safety_priority_score": 91.4, "selection_score": 97.0, "crash_window": "2019-2025" }, "geometry": { "type": "Point", "coordinates": [ -79.997852925752866, 40.457264749929493, 1681130241.0 ] } },
{ "type": "Feature", "properties": { "candidate_id": "signal_699752046", "name": "TS389", "operation_type": "Fixed", "flash_time": "24 Hr stop and go", "flash_yellow": "GRANT ST", "id": 699752046, "description": "Grant St - Third Ave", "traffic_count": 1, "crosswalk_count": 13, "hin_count": 1, "crash_count": 87, "injury_crash_count": 29, "severe_crash_count": 4, "vru_crash_count": 10, "fatalities": 1, "injuries": 36, "coverage_points": 90, "coverage_score_pre_osm": 100.0, "osm_status": "not_assessed", "safety_priority_score": 91.2, "selection_score": 96.9, "crash_window": "2019-2025" }, "geometry": { "type": "Point", "coordinates": [ -79.998052445619891, 40.437529552264031, 699752046.0 ] } },
{ "type": "Feature", "properties": { "candidate_id": "signal_1087401421", "name": "TS306", "operation_type": "Fixed", "flash_time": "24 Hr stop and go", "flash_yellow": "FIFTH AVE", "id": 1087401421, "description": "Fifth Ave - Morewood Ave", "traffic_count": 2, "crosswalk_count": 4, "hin_count": 1, "crash_count": 59, "injury_crash_count": 29, "severe_crash_count": 6, "vru_crash_count": 14, "fatalities": 1, "injuries": 45, "coverage_points": 90, "coverage_score_pre_osm": 100.0, "osm_status": "not_assessed", "safety_priority_score": 90.6, "selection_score": 96.7, "crash_window": "2019-2025" }, "geometry": { "type": "Point", "coordinates": [ -79.942455617913481, 40.447422407496646, 1087401421.0 ] } },
{ "type": "Feature", "properties": { "candidate_id": "signal_1652887156", "name": "TS324", "operation_type": "Fixed", "flash_time": "24 Hr stop and go", "flash_yellow": "GRANT ST", "id": 1652887156, "description": "Forbes Ave - Grant St", "traffic_count": 1, "crosswalk_count": 6, "hin_count": 2, "crash_count": 100, "injury_crash_count": 46, "severe_crash_count": 2, "vru_crash_count": 14, "fatalities": 0, "injuries": 62, "coverage_points": 90, "coverage_score_pre_osm": 100.0, "osm_status": "not_assessed", "safety_priority_score": 90.4, "selection_score": 96.6, "crash_window": "2019-2025" }, "geometry": { "type": "Point", "coordinates": [ -79.997269756538401, 40.438697877711547, 1652887156.0 ] } },
{ "type": "Feature", "properties": { "candidate_id": "signal_713514147", "name": "TS580", "operation_type": "Fixed", "flash_time": "24 Hr Stop & Go", "flash_yellow": "BENNETT ST", "id": 713514147, "description": "BENNETT  STERRETT", "traffic_count": 3, "crosswalk_count": 1, "hin_count": 1, "crash_count": 73, "injury_crash_count": 37, "severe_crash_count": 5, "vru_crash_count": 5, "fatalities": 0, "injuries": 49, "coverage_points": 90, "coverage_score_pre_osm": 100.0, "osm_status": "not_assessed", "safety_priority_score": 90.4, "selection_score": 96.6, "crash_window": "2019-2025" }, "geometry": { "type": "Point", "coordinates": [ -79.894502452476189, 40.455973361642975, 713514147.0 ] } },
{ "type": "Feature", "properties": { "candidate_id": "signal_1233506574", "name": "TS1", "operation_type": "Fully Actuated", "flash_time": "24 Hr stop and go", "flash_yellow": "", "id": 1233506574, "description": "Aiken Ave - Baum Blvd", "traffic_count": 1, "crosswalk_count": 4, "hin_count": 1, "crash_count": 71, "injury_crash_count": 27, "severe_crash_count": 5, "vru_crash_count": 10, "fatalities": 0, "injuries": 40, "coverage_points": 90, "coverage_score_pre_osm": 100.0, "osm_status": "not_assessed", "safety_priority_score": 90.3, "selection_score": 96.6, "crash_window": "2019-2025" }, "geometry": { "type": "Point", "coordinates": [ -79.938539065233499, 40.456941024517576, 1233506574.0 ] } },
{ "type": "Feature", "properties": { "candidate_id": "signal_849705252", "name": "TS228", "operation_type": "Fixed", "flash_time": "24 Hr stop and go", "flash_yellow": "FORBES AVE", "id": 849705252, "description": "Cherry Way - Forbes Ave", "traffic_count": 1, "crosswalk_count": 5, "hin_count": 1, "crash_count": 67, "injury_crash_count": 34, "severe_crash_count": 3, "vru_crash_count": 16, "fatalities": 0, "injuries": 45, "coverage_points": 90, "coverage_score_pre_osm": 100.0, "osm_status": "not_assessed", "safety_priority_score": 89.6, "selection_score": 96.4, "crash_window": "2019-2025" }, "geometry": { "type": "Point", "coordinates": [ -79.998216164478748, 40.439058915306546, 849705252.0 ] } },
{ "type": "Feature", "properties": { "candidate_id": "signal_831550141", "name": "TS24", "operation_type": "Fixed", "flash_time": "24 Hr stop and go", "flash_yellow": "", "id": 831550141, "description": "Blvd of the Allies - Grant St", "traffic_count": 1, "crosswalk_count": 12, "hin_count": 2, "crash_count": 96, "injury_crash_count": 29, "severe_crash_count": 3, "vru_crash_count": 9, "fatalities": 1, "injuries": 35, "coverage_points": 90, "coverage_score_pre_osm": 100.0, "osm_status": "not_assessed", "safety_priority_score": 89.4, "selection_score": 96.3, "crash_window": "2019-2025" }, "geometry": { "type": "Point", "coordinates": [ -79.998366006163081, 40.437071580693782, 831550141.0 ] } },
{ "type": "Feature", "properties": { "candidate_id": "signal_181739837", "name": "TS71", "operation_type": "Fully Actuated", "flash_time": "24 Hr stop and go", "flash_yellow": "BAUM BLVD", "id": 181739837, "description": "Baum Blvd - Morewood Ave", "traffic_count": 1, "crosswalk_count": 4, "hin_count": 1, "crash_count": 67, "injury_crash_count": 35, "severe_crash_count": 3, "vru_crash_count": 12, "fatalities": 0, "injuries": 42, "coverage_points": 90, "coverage_score_pre_osm": 100.0, "osm_status": "not_assessed", "safety_priority_score": 89.4, "selection_score": 96.3, "crash_window": "2019-2025" }, "geometry": { "type": "Point", "coordinates": [ -79.945216515828207, 40.454977692816357, 181739837.0 ] } },
{ "type": "Feature", "properties": { "candidate_id": "signal_1980836391", "name": "TS257", "operation_type": "Fixed", "flash_time": "24 Hr stop and go", "flash_yellow": "FIFTH AVE", "id": 1980836391, "description": "Darragh St - Fifth Ave - Mckee Pl", "traffic_count": 1, "crosswalk_count": 5, "hin_count": 1, "crash_count": 98, "injury_crash_count": 37, "severe_crash_count": 2, "vru_crash_count": 13, "fatalities": 0, "injuries": 44, "coverage_points": 90, "coverage_score_pre_osm": 100.0, "osm_status": "not_assessed", "safety_priority_score": 89.1, "selection_score": 96.2, "crash_window": "2019-2025" }, "geometry": { "type": "Point", "coordinates": [ -79.960277674822493, 40.440467913865362, 1980836391.0 ] } },
{ "type": "Feature", "properties": { "candidate_id": "signal_814711193", "name": "TS362", "operation_type": "Fixed", "flash_time": "24 Hr stop and go", "flash_yellow": "GRANT ST", "id": 814711193, "description": "Fourth Ave - Grant St", "traffic_count": 1, "crosswalk_count": 9, "hin_count": 1, "crash_count": 103, "injury_crash_count": 36, "severe_crash_count": 2, "vru_crash_count": 9, "fatalities": 1, "injuries": 44, "coverage_points": 90, "coverage_score_pre_osm": 100.0, "osm_status": "not_assessed", "safety_priority_score": 88.2, "selection_score": 95.9, "crash_window": "2019-2025" }, "geometry": { "type": "Point", "coordinates": [ -79.997702794361857, 40.438050436170656, 814711193.0 ] } },
{ "type": "Feature", "properties": { "candidate_id": "signal_1740199771", "name": "TS329", "operation_type": "Semi Actuated", "flash_time": "24 Hr stop and go", "flash_yellow": "FORBES AVE", "id": 1740199771, "description": "Forbes Ave - Mckee Pl", "traffic_count": 1, "crosswalk_count": 6, "hin_count": 1, "crash_count": 91, "injury_crash_count": 34, "severe_crash_count": 2, "vru_crash_count": 10, "fatalities": 0, "injuries": 39, "coverage_points": 90, "coverage_score_pre_osm": 100.0, "osm_status": "not_assessed", "safety_priority_score": 87.6, "selection_score": 95.7, "crash_window": "2019-2025" }, "geometry": { "type": "Point", "coordinates": [ -79.959435571617277, 40.439788113931179, 1740199771.0 ] } },
{ "type": "Feature", "properties": { "candidate_id": "signal_391153997", "name": "TS503", "operation_type": "Fixed", "flash_time": "24 Hr Stop And Go", "flash_yellow": "PENN AVE", "id": 391153997, "description": "Penn Ave - 22nd St", "traffic_count": 2, "crosswalk_count": 4, "hin_count": 1, "crash_count": 88, "injury_crash_count": 29, "severe_crash_count": 4, "vru_crash_count": 4, "fatalities": 1, "injuries": 37, "coverage_points": 90, "coverage_score_pre_osm": 100.0, "osm_status": "not_assessed", "safety_priority_score": 87.6, "selection_score": 95.7, "crash_window": "2019-2025" }, "geometry": { "type": "Point", "coordinates": [ -79.982284657899228, 40.452271570705847, 391153997.0 ] } },
{ "type": "Feature", "properties": { "candidate_id": "signal_1763708638", "name": "TS35", "operation_type": "Fixed", "flash_time": "1:00-6:00", "flash_yellow": "", "id": 1763708638, "description": "Anderson St - General Robinson St", "traffic_count": 1, "crosswalk_count": 11, "hin_count": 1, "crash_count": 117, "injury_crash_count": 44, "severe_crash_count": 2, "vru_crash_count": 3, "fatalities": 0, "injuries": 63, "coverage_points": 90, "coverage_score_pre_osm": 100.0, "osm_status": "not_assessed", "safety_priority_score": 85.1, "selection_score": 94.8, "crash_window": "2019-2025" }, "geometry": { "type": "Point", "coordinates": [ -80.000744215478562, 40.448950157420562, 1763708638.0 ] } },
{ "type": "Feature", "properties": { "candidate_id": "signal_489596708", "name": "TS215", "operation_type": "Fully Actuated", "flash_time": "24 Hr stop and go", "flash_yellow": "CENTRE AVE", "id": 489596708, "description": "Centre Ave - Morewood Ave", "traffic_count": 2, "crosswalk_count": 4, "hin_count": 1, "crash_count": 51, "injury_crash_count": 28, "severe_crash_count": 3, "vru_crash_count": 10, "fatalities": 0, "injuries": 33, "coverage_points": 90, "coverage_score_pre_osm": 100.0, "osm_status": "not_assessed", "safety_priority_score": 84.9, "selection_score": 94.7, "crash_window": "2019-2025" }, "geometry": { "type": "Point", "coordinates": [ -79.944451927799705, 40.454167687648777, 489596708.0 ] } },
{ "type": "Feature", "properties": { "candidate_id": "signal_1395611149", "name": "TS628", "operation_type": "Fixed", "flash_time": "24 Hr Stop And Go", "flash_yellow": "PENN AVE", "id": 1395611149, "description": "Penn Ave - 21st St", "traffic_count": 1, "crosswalk_count": 5, "hin_count": 1, "crash_count": 71, "injury_crash_count": 21, "severe_crash_count": 4, "vru_crash_count": 5, "fatalities": 1, "injuries": 25, "coverage_points": 90, "coverage_score_pre_osm": 100.0, "osm_status": "not_assessed", "safety_priority_score": 84.6, "selection_score": 94.6, "crash_window": "2019-2025" }, "geometry": { "type": "Point", "coordinates": [ -79.983118272025024, 40.45169247807943, 1395611149.0 ] } },
{ "type": "Feature", "properties": { "candidate_id": "signal_1079872343", "name": "TS590", "operation_type": "Fixed", "flash_time": "00:00 - 06:00", "flash_yellow": "FORBES AVE", "id": 1079872343, "description": "Forbes Ave - Marion St", "traffic_count": 1, "crosswalk_count": 6, "hin_count": 1, "crash_count": 58, "injury_crash_count": 22, "severe_crash_count": 3, "vru_crash_count": 9, "fatalities": 2, "injuries": 24, "coverage_points": 90, "coverage_score_pre_osm": 100.0, "osm_status": "not_assessed", "safety_priority_score": 83.5, "selection_score": 94.2, "crash_window": "2019-2025" }, "geometry": { "type": "Point", "coordinates": [ -79.984211764720072, 40.437623111075553, 1079872343.0 ] } },
{ "type": "Feature", "properties": { "candidate_id": "signal_113208382", "name": "TS135", "operation_type": "Fixed / Ped Actuated", "flash_time": "24 Hr stop and go", "flash_yellow": "BRADDOCK AVE", "id": 113208382, "description": "Braddock Ave - Meade St", "traffic_count": 1, "crosswalk_count": 4, "hin_count": 1, "crash_count": 84, "injury_crash_count": 43, "severe_crash_count": 2, "vru_crash_count": 3, "fatalities": 0, "injuries": 69, "coverage_points": 90, "coverage_score_pre_osm": 100.0, "osm_status": "not_assessed", "safety_priority_score": 83.3, "selection_score": 94.2, "crash_window": "2019-2025" }, "geometry": { "type": "Point", "coordinates": [ -79.894538676217209, 40.448020040282884, 113208382.0 ] } },
{ "type": "Feature", "properties": { "candidate_id": "signal_435724848", "name": "TS72", "operation_type": "Fully Actuated", "flash_time": "24 Hr stop and go", "flash_yellow": "BAUM BLVD", "id": 435724848, "description": "Baum Blvd - Negley Ave", "traffic_count": 1, "crosswalk_count": 6, "hin_count": 1, "crash_count": 56, "injury_crash_count": 28, "severe_crash_count": 2, "vru_crash_count": 11, "fatalities": 0, "injuries": 36, "coverage_points": 90, "coverage_score_pre_osm": 100.0, "osm_status": "not_assessed", "safety_priority_score": 82.9, "selection_score": 94.0, "crash_window": "2019-2025" }, "geometry": { "type": "Point", "coordinates": [ -79.933822060634768, 40.458359393003853, 435724848.0 ] } },
{ "type": "Feature", "properties": { "candidate_id": "signal_2085644210", "name": "TS443", "operation_type": "Fixed", "flash_time": "00:00 - 06:00", "flash_yellow": "MURRAY AVE", "id": 2085644210, "description": "Lilac St - Murray Ave", "traffic_count": 1, "crosswalk_count": 4, "hin_count": 1, "crash_count": 59, "injury_crash_count": 29, "severe_crash_count": 3, "vru_crash_count": 4, "fatalities": 1, "injuries": 35, "coverage_points": 90, "coverage_score_pre_osm": 100.0, "osm_status": "not_assessed", "safety_priority_score": 82.8, "selection_score": 94.0, "crash_window": "2019-2025" }, "geometry": { "type": "Point", "coordinates": [ -79.9286552565477, 40.423214648375705, 2085644210.0 ] } },
{ "type": "Feature", "properties": { "candidate_id": "signal_666914042", "name": "TS439", "operation_type": "Fixed", "flash_time": "24 Hr stop and go", "flash_yellow": "LIBERTY AVE", "id": 666914042, "description": "Liberty Ave - 21st St", "traffic_count": 1, "crosswalk_count": 4, "hin_count": 1, "crash_count": 63, "injury_crash_count": 21, "severe_crash_count": 4, "vru_crash_count": 4, "fatalities": 1, "injuries": 25, "coverage_points": 90, "coverage_score_pre_osm": 100.0, "osm_status": "not_assessed", "safety_priority_score": 82.7, "selection_score": 93.9, "crash_window": "2019-2025" }, "geometry": { "type": "Point", "coordinates": [ -79.982460485598949, 40.451135761270002, 666914042.0 ] } },
{ "type": "Feature", "properties": { "candidate_id": "signal_1775799773", "name": "TS267", "operation_type": "Fixed", "flash_time": "24 Hr stop and go", "flash_yellow": "EAST ST", "id": 1775799773, "description": "East St - Tripoli St", "traffic_count": 1, "crosswalk_count": 4, "hin_count": 0, "crash_count": 122, "injury_crash_count": 42, "severe_crash_count": 4, "vru_crash_count": 5, "fatalities": 0, "injuries": 51, "coverage_points": 90, "coverage_score_pre_osm": 100.0, "osm_status": "not_assessed", "safety_priority_score": 82.5, "selection_score": 93.9, "crash_window": "2019-2025" }, "geometry": { "type": "Point", "coordinates": [ -79.998663449133431, 40.456426422682348, 1775799773.0 ] } },
{ "type": "Feature", "properties": { "candidate_id": "signal_184546041", "name": "TS122", "operation_type": "Fully Actuated", "flash_time": "24 Hr stop and go", "flash_yellow": "BIGELOW BLVD", "id": 184546041, "description": "Bigelow Blvd - Herron Ave", "traffic_count": 2, "crosswalk_count": 3, "hin_count": 1, "crash_count": 82, "injury_crash_count": 29, "severe_crash_count": 3, "vru_crash_count": 2, "fatalities": 1, "injuries": 41, "coverage_points": 90, "coverage_score_pre_osm": 100.0, "osm_status": "not_assessed", "safety_priority_score": 82.1, "selection_score": 93.7, "crash_window": "2019-2025" }, "geometry": { "type": "Point", "coordinates": [ -79.965861725969589, 40.455740655427036, 184546041.0 ] } },
{ "type": "Feature", "properties": { "candidate_id": "signal_466869787", "name": "TS265", "operation_type": "Fixed", "flash_time": "24 Hr stop and go", "flash_yellow": "EAST ST", "id": 466869787, "description": "East St - North Ave", "traffic_count": 1, "crosswalk_count": 4, "hin_count": 0, "crash_count": 118, "injury_crash_count": 40, "severe_crash_count": 4, "vru_crash_count": 5, "fatalities": 0, "injuries": 49, "coverage_points": 90, "coverage_score_pre_osm": 100.0, "osm_status": "not_assessed", "safety_priority_score": 82.1, "selection_score": 93.7, "crash_window": "2019-2025" }, "geometry": { "type": "Point", "coordinates": [ -79.998831155613829, 40.456928143875643, 466869787.0 ] } },
{ "type": "Feature", "properties": { "candidate_id": "signal_470681282", "name": "TS66", "operation_type": "Fully Actuated", "flash_time": "24 Hr stop and go", "flash_yellow": "BAUM BLVD", "id": 470681282, "description": "Baum Blvd - Cypress St", "traffic_count": 2, "crosswalk_count": 4, "hin_count": 1, "crash_count": 58, "injury_crash_count": 26, "severe_crash_count": 3, "vru_crash_count": 4, "fatalities": 0, "injuries": 34, "coverage_points": 90, "coverage_score_pre_osm": 100.0, "osm_status": "not_assessed", "safety_priority_score": 81.7, "selection_score": 93.6, "crash_window": "2019-2025" }, "geometry": { "type": "Point", "coordinates": [ -79.941988183148652, 40.455946630942329, 470681282.0 ] } },
{ "type": "Feature", "properties": { "candidate_id": "signal_1163822607", "name": "TS292", "operation_type": "Fixed", "flash_time": "24 Hr stop and go", "flash_yellow": "GENERAL ROBINSON ST", "id": 1163822607, "description": "Federal St - General Robinson St", "traffic_count": 1, "crosswalk_count": 5, "hin_count": 1, "crash_count": 59, "injury_crash_count": 28, "severe_crash_count": 4, "vru_crash_count": 2, "fatalities": 0, "injuries": 32, "coverage_points": 90, "coverage_score_pre_osm": 100.0, "osm_status": "not_assessed", "safety_priority_score": 81.4, "selection_score": 93.5, "crash_window": "2019-2025" }, "geometry": { "type": "Point", "coordinates": [ -80.004253248777374, 40.448253816142312, 1163822607.0 ] } },
{ "type": "Feature", "properties": { "candidate_id": "signal_1391678132", "name": "TS678", "operation_type": "Semi Actuated", "flash_time": "24 Hr stop and go", "flash_yellow": "CENTRE AVE", "id": 1391678132, "description": "Annie Pl - Centre Ave", "traffic_count": 1, "crosswalk_count": 3, "hin_count": 1, "crash_count": 59, "injury_crash_count": 35, "severe_crash_count": 1, "vru_crash_count": 18, "fatalities": 0, "injuries": 39, "coverage_points": 90, "coverage_score_pre_osm": 100.0, "osm_status": "not_assessed", "safety_priority_score": 80.6, "selection_score": 93.2, "crash_window": "2019-2025" }, "geometry": { "type": "Point", "coordinates": [ -79.9239511566972, 40.460294969558305, 1391678132.0 ] } },
{ "type": "Feature", "properties": { "candidate_id": "signal_626662746", "name": "TS20", "operation_type": "Fixed", "flash_time": "24 Hr stop and go", "flash_yellow": "", "id": 626662746, "description": "Blvd of the Allies - Cherry Way", "traffic_count": 1, "crosswalk_count": 9, "hin_count": 1, "crash_count": 85, "injury_crash_count": 29, "severe_crash_count": 1, "vru_crash_count": 7, "fatalities": 1, "injuries": 40, "coverage_points": 90, "coverage_score_pre_osm": 100.0, "osm_status": "not_assessed", "safety_priority_score": 79.6, "selection_score": 92.9, "crash_window": "2019-2025" }, "geometry": { "type": "Point", "coordinates": [ -79.99931216212596, 40.437452522616006, 626662746.0 ] } },
{ "type": "Feature", "properties": { "candidate_id": "signal_68099917", "name": "TS249", "operation_type": "Fixed", "flash_time": "24 Hr stop and go", "flash_yellow": "FORBES AVE", "id": 68099917, "description": "Dallas Ave - Forbes Ave", "traffic_count": 1, "crosswalk_count": 5, "hin_count": 2, "crash_count": 43, "injury_crash_count": 23, "severe_crash_count": 3, "vru_crash_count": 5, "fatalities": 0, "injuries": 28, "coverage_points": 90, "coverage_score_pre_osm": 100.0, "osm_status": "not_assessed", "safety_priority_score": 79.0, "selection_score": 92.6, "crash_window": "2019-2025" }, "geometry": { "type": "Point", "coordinates": [ -79.913086025250934, 40.438035621438978, 68099917.0 ] } },
{ "type": "Feature", "properties": { "candidate_id": "signal_278907631", "name": "TS507", "operation_type": "Semi Actuated", "flash_time": "24 Hr stop and go", "flash_yellow": "CENTRE AVE", "id": 278907631, "description": "Centre Ave - Penn Ave", "traffic_count": 1, "crosswalk_count": 6, "hin_count": 2, "crash_count": 62, "injury_crash_count": 29, "severe_crash_count": 1, "vru_crash_count": 10, "fatalities": 1, "injuries": 44, "coverage_points": 90, "coverage_score_pre_osm": 100.0, "osm_status": "not_assessed", "safety_priority_score": 79.0, "selection_score": 92.6, "crash_window": "2019-2025" }, "geometry": { "type": "Point", "coordinates": [ -79.922725672291648, 40.460663903980361, 278907631.0 ] } },
{ "type": "Feature", "properties": { "candidate_id": "signal_280750047", "name": "TS334", "operation_type": "Fixed", "flash_time": "00:00 - 06:00", "flash_yellow": "FORBES AVE", "id": 280750047, "description": "Forbes Ave - Pride St", "traffic_count": 1, "crosswalk_count": 8, "hin_count": 1, "crash_count": 50, "injury_crash_count": 16, "severe_crash_count": 3, "vru_crash_count": 9, "fatalities": 2, "injuries": 18, "coverage_points": 90, "coverage_score_pre_osm": 100.0, "osm_status": "not_assessed", "safety_priority_score": 78.8, "selection_score": 92.6, "crash_window": "2019-2025" }, "geometry": { "type": "Point", "coordinates": [ -79.985143489247918, 40.437665673939982, 280750047.0 ] } },
{ "type": "Feature", "properties": { "candidate_id": "signal_1372296686", "name": "TS683", "operation_type": "Fully Actuated", "flash_time": "24 Hr stop and go", "flash_yellow": "BAUM BLVD", "id": 1372296686, "description": "Baum Blvd - Luna Driveway", "traffic_count": 1, "crosswalk_count": 2, "hin_count": 1, "crash_count": 43, "injury_crash_count": 19, "severe_crash_count": 3, "vru_crash_count": 7, "fatalities": 0, "injuries": 24, "coverage_points": 90, "coverage_score_pre_osm": 100.0, "osm_status": "not_assessed", "safety_priority_score": 78.3, "selection_score": 92.4, "crash_window": "2019-2025" }, "geometry": { "type": "Point", "coordinates": [ -79.943761389696689, 40.455447627293481, 1372296686.0 ] } },
{ "type": "Feature", "properties": { "candidate_id": "signal_301063214", "name": "TS92", "operation_type": "Semi Actuated", "flash_time": "24 Hr stop and go", "flash_yellow": "", "id": 301063214, "description": "Beechwood Blvd - Browns Hill Rd - Hazelwood Ave", "traffic_count": 1, "crosswalk_count": 5, "hin_count": 2, "crash_count": 64, "injury_crash_count": 25, "severe_crash_count": 2, "vru_crash_count": 3, "fatalities": 0, "injuries": 33, "coverage_points": 90, "coverage_score_pre_osm": 100.0, "osm_status": "not_assessed", "safety_priority_score": 78.1, "selection_score": 92.3, "crash_window": "2019-2025" }, "geometry": { "type": "Point", "coordinates": [ -79.927154534178158, 40.419615512699401, 301063214.0 ] } },
{ "type": "Feature", "properties": { "candidate_id": "signal_982547027", "name": "TS499", "operation_type": "Fixed", "flash_time": "24 Hr stop and go", "flash_yellow": "PENN AVE", "id": 982547027, "description": "Penn Ave - 31st St", "traffic_count": 1, "crosswalk_count": 3, "hin_count": 1, "crash_count": 51, "injury_crash_count": 22, "severe_crash_count": 2, "vru_crash_count": 5, "fatalities": 0, "injuries": 28, "coverage_points": 90, "coverage_score_pre_osm": 100.0, "osm_status": "not_assessed", "safety_priority_score": 77.2, "selection_score": 92.0, "crash_window": "2019-2025" }, "geometry": { "type": "Point", "coordinates": [ -79.971377006046495, 40.459807589619963, 982547027.0 ] } },
{ "type": "Feature", "properties": { "candidate_id": "signal_273681944", "name": "TS87", "operation_type": "Fixed", "flash_time": "24 Hr stop and go", "flash_yellow": "BROWNSVILLE RD", "id": 273681944, "description": "Becks Run Rd - Brownsville Rd", "traffic_count": 1, "crosswalk_count": 4, "hin_count": 1, "crash_count": 35, "injury_crash_count": 16, "severe_crash_count": 4, "vru_crash_count": 7, "fatalities": 0, "injuries": 25, "coverage_points": 90, "coverage_score_pre_osm": 100.0, "osm_status": "not_assessed", "safety_priority_score": 76.3, "selection_score": 91.7, "crash_window": "2019-2025" }, "geometry": { "type": "Point", "coordinates": [ -79.983801219363897, 40.387332642410634, 273681944.0 ] } },
{ "type": "Feature", "properties": { "candidate_id": "signal_584750453", "name": "TS330", "operation_type": "Fixed", "flash_time": "24 Hr stop and go", "flash_yellow": "FORBES AVE", "id": 584750453, "description": "Forbes Ave - Meyran Ave", "traffic_count": 1, "crosswalk_count": 6, "hin_count": 1, "crash_count": 87, "injury_crash_count": 41, "severe_crash_count": 0, "vru_crash_count": 23, "fatalities": 0, "injuries": 47, "coverage_points": 90, "coverage_score_pre_osm": 100.0, "osm_status": "not_assessed", "safety_priority_score": 76.1, "selection_score": 91.6, "crash_window": "2019-2025" }, "geometry": { "type": "Point", "coordinates": [ -79.958337697838573, 40.440584803920395, 584750453.0 ] } },
{ "type": "Feature", "properties": { "candidate_id": "signal_248558072", "name": "TS229", "operation_type": "Fixed", "flash_time": "00:00 - 06:00", "flash_yellow": "FOURTH AVE", "id": 248558072, "description": "Cherry Way - Fourth Ave", "traffic_count": 1, "crosswalk_count": 9, "hin_count": 0, "crash_count": 83, "injury_crash_count": 29, "severe_crash_count": 2, "vru_crash_count": 9, "fatalities": 1, "injuries": 37, "coverage_points": 90, "coverage_score_pre_osm": 100.0, "osm_status": "not_assessed", "safety_priority_score": 75.4, "selection_score": 91.4, "crash_window": "2019-2025" }, "geometry": { "type": "Point", "coordinates": [ -79.998666466574477, 40.438404011801424, 248558072.0 ] } },
{ "type": "Feature", "properties": { "candidate_id": "signal_103297690", "name": "TS96", "operation_type": "Fixed", "flash_time": "24 Hr stop and go", "flash_yellow": "BEECHWOOD BLVD", "id": 103297690, "description": "Beechwood Blvd - Lilac St", "traffic_count": 2, "crosswalk_count": 4, "hin_count": 1, "crash_count": 55, "injury_crash_count": 23, "severe_crash_count": 2, "vru_crash_count": 2, "fatalities": 1, "injuries": 26, "coverage_points": 90, "coverage_score_pre_osm": 100.0, "osm_status": "not_assessed", "safety_priority_score": 74.0, "selection_score": 90.9, "crash_window": "2019-2025" }, "geometry": { "type": "Point", "coordinates": [ -79.927582897618038, 40.423051066170167, 103297690.0 ] } },
{ "type": "Feature", "properties": { "candidate_id": "signal_804718321", "name": "TS27", "operation_type": "Semi Actuated", "flash_time": "24 Hr stop and go", "flash_yellow": "", "id": 804718321, "description": "Blvd of the Allies - Smithfield St", "traffic_count": 1, "crosswalk_count": 13, "hin_count": 2, "crash_count": 50, "injury_crash_count": 24, "severe_crash_count": 1, "vru_crash_count": 7, "fatalities": 0, "injuries": 34, "coverage_points": 90, "coverage_score_pre_osm": 100.0, "osm_status": "not_assessed", "safety_priority_score": 73.9, "selection_score": 90.9, "crash_window": "2019-2025" }, "geometry": { "type": "Point", "coordinates": [ -80.00018352660409, 40.437786002154233, 804718321.0 ] } },
{ "type": "Feature", "properties": { "candidate_id": "signal_34205616", "name": "TS116", "operation_type": "Semi Actuated", "flash_time": "24 Hr stop and go", "flash_yellow": "CENTRE AVE", "id": 34205616, "description": "Bigelow Blvd - Centre Ave", "traffic_count": 1, "crosswalk_count": 2, "hin_count": 1, "crash_count": 40, "injury_crash_count": 18, "severe_crash_count": 2, "vru_crash_count": 6, "fatalities": 0, "injuries": 23, "coverage_points": 90, "coverage_score_pre_osm": 100.0, "osm_status": "not_assessed", "safety_priority_score": 73.6, "selection_score": 90.8, "crash_window": "2019-2025" }, "geometry": { "type": "Point", "coordinates": [ -79.95490677350287, 40.450983725028919, 34205616.0 ] } },
{ "type": "Feature", "properties": { "candidate_id": "signal_166264234", "name": "TS158", "operation_type": "Actuated/PED", "flash_time": "24 Hr stop and go", "flash_yellow": "BROOKLINE BLVD", "id": 166264234, "description": "Brookline Blvd - Pioneer Ave", "traffic_count": 1, "crosswalk_count": 4, "hin_count": 1, "crash_count": 36, "injury_crash_count": 17, "severe_crash_count": 4, "vru_crash_count": 2, "fatalities": 1, "injuries": 21, "coverage_points": 90, "coverage_score_pre_osm": 100.0, "osm_status": "not_assessed", "safety_priority_score": 71.9, "selection_score": 90.2, "crash_window": "2019-2025" }, "geometry": { "type": "Point", "coordinates": [ -80.023639340594002, 40.396077291117855, 166264234.0 ] } },
{ "type": "Feature", "properties": { "candidate_id": "signal_1286731887", "name": "TS438", "operation_type": "Fixed", "flash_time": "10:00 PM to 6:00 AM", "flash_yellow": "LIBERTY AVE", "id": 1286731887, "description": "Liberty Ave - 25th St", "traffic_count": 1, "crosswalk_count": 3, "hin_count": 1, "crash_count": 61, "injury_crash_count": 27, "severe_crash_count": 1, "vru_crash_count": 2, "fatalities": 0, "injuries": 50, "coverage_points": 90, "coverage_score_pre_osm": 100.0, "osm_status": "not_assessed", "safety_priority_score": 71.4, "selection_score": 90.0, "crash_window": "2019-2025" }, "geometry": { "type": "Point", "coordinates": [ -79.979186282695196, 40.453387842953617, 1286731887.0 ] } },
{ "type": "Feature", "properties": { "candidate_id": "signal_1236566133", "name": "TS161", "operation_type": "Semi Actuated", "flash_time": "24 Hr stop and go", "flash_yellow": "BROWNS HILL RD", "id": 1236566133, "description": "Browns Hill Rd - Imogene Rd", "traffic_count": 1, "crosswalk_count": 4, "hin_count": 1, "crash_count": 46, "injury_crash_count": 17, "severe_crash_count": 2, "vru_crash_count": 3, "fatalities": 0, "injuries": 24, "coverage_points": 90, "coverage_score_pre_osm": 100.0, "osm_status": "not_assessed", "safety_priority_score": 70.9, "selection_score": 89.8, "crash_window": "2019-2025" }, "geometry": { "type": "Point", "coordinates": [ -79.924911659204326, 40.415456481565769, 1236566133.0 ] } },
{ "type": "Feature", "properties": { "candidate_id": "signal_98755868", "name": "TS129", "operation_type": "Fully Actuated", "flash_time": "24 Hr stop and go", "flash_yellow": "", "id": 98755868, "description": "Bloomfield Brg - Liberty Ave", "traffic_count": 1, "crosswalk_count": 9, "hin_count": 1, "crash_count": 49, "injury_crash_count": 20, "severe_crash_count": 1, "vru_crash_count": 5, "fatalities": 0, "injuries": 26, "coverage_points": 90, "coverage_score_pre_osm": 100.0, "osm_status": "not_assessed", "safety_priority_score": 70.5, "selection_score": 89.7, "crash_window": "2019-2025" }, "geometry": { "type": "Point", "coordinates": [ -79.952829092421581, 40.463622388030721, 98755868.0 ] } },
{ "type": "Feature", "properties": { "candidate_id": "signal_2022833379", "name": "TS151", "operation_type": "Fully Actuated", "flash_time": "24 Hr stop and go", "flash_yellow": "", "id": 2022833379, "description": "Broad St - East Liberty Blvd - Frankstown Ave", "traffic_count": 3, "crosswalk_count": 4, "hin_count": 1, "crash_count": 33, "injury_crash_count": 23, "severe_crash_count": 2, "vru_crash_count": 3, "fatalities": 1, "injuries": 31, "coverage_points": 90, "coverage_score_pre_osm": 100.0, "osm_status": "not_assessed", "safety_priority_score": 70.3, "selection_score": 89.6, "crash_window": "2019-2025" }, "geometry": { "type": "Point", "coordinates": [ -79.915792003762448, 40.460814444045582, 2022833379.0 ] } },
{ "type": "Feature", "properties": { "candidate_id": "signal_465375336", "name": "TS460", "operation_type": "Semi Actuated", "flash_time": "01:00 - 05:00", "flash_yellow": "SAW MILL RUN BLVD", "id": 465375336, "description": "Midwood Ave - Saw Mill Run Blvd", "traffic_count": 1, "crosswalk_count": 3, "hin_count": 1, "crash_count": 42, "injury_crash_count": 20, "severe_crash_count": 2, "vru_crash_count": 2, "fatalities": 0, "injuries": 22, "coverage_points": 90, "coverage_score_pre_osm": 100.0, "osm_status": "not_assessed", "safety_priority_score": 70.2, "selection_score": 89.6, "crash_window": "2019-2025" }, "geometry": { "type": "Point", "coordinates": [ -79.997347481471735, 40.392998026584898, 465375336.0 ] } },
{ "type": "Feature", "properties": { "candidate_id": "signal_2118968168", "name": "TS111", "operation_type": "Fixed", "flash_time": "24 Hr stop and go", "flash_yellow": "BENNETT ST", "id": 2118968168, "description": "Bennett St - Lang Ave", "traffic_count": 3, "crosswalk_count": 4, "hin_count": 1, "crash_count": 34, "injury_crash_count": 12, "severe_crash_count": 4, "vru_crash_count": 4, "fatalities": 0, "injuries": 13, "coverage_points": 90, "coverage_score_pre_osm": 100.0, "osm_status": "not_assessed", "safety_priority_score": 70.1, "selection_score": 89.5, "crash_window": "2019-2025" }, "geometry": { "type": "Point", "coordinates": [ -79.898896706392719, 40.456978965476708, 2118968168.0 ] } },
{ "type": "Feature", "properties": { "candidate_id": "signal_883537589", "name": "TS449", "operation_type": "Fixed", "flash_time": "24 Hr stop and go", "flash_yellow": "PENN AVE", "id": 883537589, "description": "Main St - Penn Ave", "traffic_count": 2, "crosswalk_count": 6, "hin_count": 1, "crash_count": 59, "injury_crash_count": 18, "severe_crash_count": 1, "vru_crash_count": 4, "fatalities": 0, "injuries": 22, "coverage_points": 90, "coverage_score_pre_osm": 100.0, "osm_status": "not_assessed", "safety_priority_score": 70.0, "selection_score": 89.5, "crash_window": "2019-2025" }, "geometry": { "type": "Point", "coordinates": [ -79.955187095482231, 40.465659550010308, 883537589.0 ] } },
{ "type": "Feature", "properties": { "candidate_id": "signal_867584605", "name": "TS406", "operation_type": "Fully Actuated", "flash_time": "stop and go", "flash_yellow": "PENN AVE", "id": 867584605, "description": "Homewood Ave - Penn Ave", "traffic_count": 1, "crosswalk_count": 4, "hin_count": 1, "crash_count": 69, "injury_crash_count": 27, "severe_crash_count": 1, "vru_crash_count": 1, "fatalities": 0, "injuries": 37, "coverage_points": 90, "coverage_score_pre_osm": 100.0, "osm_status": "not_assessed", "safety_priority_score": 69.9, "selection_score": 89.5, "crash_window": "2019-2025" }, "geometry": { "type": "Point", "coordinates": [ -79.901319042751595, 40.449189276491467, 867584605.0 ] } },
{ "type": "Feature", "properties": { "candidate_id": "signal_1392701913", "name": "TS648", "operation_type": "Semi Actuated", "flash_time": "24 Hr stop and go", "flash_yellow": "", "id": 1392701913, "description": "Centre Ave - Euclid Ave", "traffic_count": 1, "crosswalk_count": 2, "hin_count": 1, "crash_count": 37, "injury_crash_count": 14, "severe_crash_count": 2, "vru_crash_count": 5, "fatalities": 0, "injuries": 19, "coverage_points": 90, "coverage_score_pre_osm": 100.0, "osm_status": "not_assessed", "safety_priority_score": 68.8, "selection_score": 89.1, "crash_window": "2019-2025" }, "geometry": { "type": "Point", "coordinates": [ -79.928982756698304, 40.458766059625844, 1392701913.0 ] } },
{ "type": "Feature", "properties": { "candidate_id": "signal_2136486972", "name": "TS86", "operation_type": "Fixed", "flash_time": "24 Hr stop and go", "flash_yellow": "BEAVER AVE", "id": 2136486972, "description": "Beaver Ave - Chateau St", "traffic_count": 2, "crosswalk_count": 1, "hin_count": 0, "crash_count": 50, "injury_crash_count": 19, "severe_crash_count": 5, "vru_crash_count": 3, "fatalities": 4, "injuries": 26, "coverage_points": 90, "coverage_score_pre_osm": 100.0, "osm_status": "not_assessed", "safety_priority_score": 68.8, "selection_score": 89.1, "crash_window": "2019-2025" }, "geometry": { "type": "Point", "coordinates": [ -80.029838196028777, 40.455841809758788, 2136486972.0 ] } },
{ "type": "Feature", "properties": { "candidate_id": "signal_1161898126", "name": "TS623", "operation_type": "Fixed / Ped Actuated", "flash_time": "24 Hr stop and go", "flash_yellow": "BROOKLINE BLVD", "id": 1161898126, "description": "Brookline Blvd - Wedgemere St", "traffic_count": 1, "crosswalk_count": 3, "hin_count": 1, "crash_count": 31, "injury_crash_count": 14, "severe_crash_count": 4, "vru_crash_count": 3, "fatalities": 1, "injuries": 17, "coverage_points": 90, "coverage_score_pre_osm": 100.0, "osm_status": "not_assessed", "safety_priority_score": 68.7, "selection_score": 89.0, "crash_window": "2019-2025" }, "geometry": { "type": "Point", "coordinates": [ -80.022442735951373, 40.395488721647403, 1161898126.0 ] } },
{ "type": "Feature", "properties": { "candidate_id": "signal_166116047", "name": "TS69", "operation_type": "Fixed", "flash_time": "24 Hr stop and go", "flash_yellow": "BAUM BLVD", "id": 166116047, "description": "Baum Blvd - Melwood Ave", "traffic_count": 2, "crosswalk_count": 4, "hin_count": 1, "crash_count": 52, "injury_crash_count": 18, "severe_crash_count": 3, "vru_crash_count": 0, "fatalities": 0, "injuries": 23, "coverage_points": 90, "coverage_score_pre_osm": 100.0, "osm_status": "not_assessed", "safety_priority_score": 68.7, "selection_score": 89.0, "crash_window": "2019-2025" }, "geometry": { "type": "Point", "coordinates": [ -79.951944995222632, 40.454038395605892, 166116047.0 ] } },
{ "type": "Feature", "properties": { "candidate_id": "signal_1913335443", "name": "TS180", "operation_type": "Fixed", "flash_time": "24 Hr stop and go", "flash_yellow": "BUTLER ST", "id": 1913335443, "description": "Butler St - Main St", "traffic_count": 1, "crosswalk_count": 5, "hin_count": 1, "crash_count": 34, "injury_crash_count": 14, "severe_crash_count": 2, "vru_crash_count": 5, "fatalities": 0, "injuries": 16, "coverage_points": 90, "coverage_score_pre_osm": 100.0, "osm_status": "not_assessed", "safety_priority_score": 67.7, "selection_score": 88.7, "crash_window": "2019-2025" }, "geometry": { "type": "Point", "coordinates": [ -79.960913427820415, 40.469803745862919, 1913335443.0 ] } },
{ "type": "Feature", "properties": { "candidate_id": "signal_1892564004", "name": "TS368", "operation_type": "Fixed", "flash_time": "24 Hr stop and go", "flash_yellow": "FRANKSTOWN RD", "id": 1892564004, "description": "Frankstown Ave - Lang Ave", "traffic_count": 2, "crosswalk_count": 4, "hin_count": 1, "crash_count": 34, "injury_crash_count": 11, "severe_crash_count": 3, "vru_crash_count": 4, "fatalities": 0, "injuries": 12, "coverage_points": 90, "coverage_score_pre_osm": 100.0, "osm_status": "not_assessed", "safety_priority_score": 67.4, "selection_score": 88.6, "crash_window": "2019-2025" }, "geometry": { "type": "Point", "coordinates": [ -79.898531530449944, 40.457913920576317, 1892564004.0 ] } },
{ "type": "Feature", "properties": { "candidate_id": "signal_2129935165", "name": "TS112", "operation_type": "Fixed", "flash_time": "24 Hr stop and go", "flash_yellow": "BENNETT ST", "id": 2129935165, "description": "Bennett St - Murtland Ave", "traffic_count": 3, "crosswalk_count": 4, "hin_count": 1, "crash_count": 35, "injury_crash_count": 19, "severe_crash_count": 1, "vru_crash_count": 5, "fatalities": 0, "injuries": 25, "coverage_points": 90, "coverage_score_pre_osm": 100.0, "osm_status": "not_assessed", "safety_priority_score": 66.6, "selection_score": 88.3, "crash_window": "2019-2025" }, "geometry": { "type": "Point", "coordinates": [ -79.901482333563195, 40.45756240174353, 2129935165.0 ] } },
{ "type": "Feature", "properties": { "candidate_id": "signal_1478025335", "name": "TS358", "operation_type": "Fixed", "flash_time": "24 Hr stop and go", "flash_yellow": "PENN AVE", "id": 1478025335, "description": "Penn Ave - 44th St", "traffic_count": 1, "crosswalk_count": 5, "hin_count": 1, "crash_count": 48, "injury_crash_count": 13, "severe_crash_count": 1, "vru_crash_count": 6, "fatalities": 0, "injuries": 17, "coverage_points": 90, "coverage_score_pre_osm": 100.0, "osm_status": "not_assessed", "safety_priority_score": 66.1, "selection_score": 88.1, "crash_window": "2019-2025" }, "geometry": { "type": "Point", "coordinates": [ -79.95356358419312, 40.465939092324646, 1478025335.0 ] } },
{ "type": "Feature", "properties": { "candidate_id": "signal_649270041", "name": "TS82", "operation_type": "Fixed", "flash_time": "24 Hr stop and go", "flash_yellow": "MURRAY AVE", "id": 649270041, "description": "Beacon St - Murray Ave", "traffic_count": 2, "crosswalk_count": 4, "hin_count": 1, "crash_count": 30, "injury_crash_count": 17, "severe_crash_count": 1, "vru_crash_count": 11, "fatalities": 0, "injuries": 19, "coverage_points": 90, "coverage_score_pre_osm": 100.0, "osm_status": "not_assessed", "safety_priority_score": 66.1, "selection_score": 88.1, "crash_window": "2019-2025" }, "geometry": { "type": "Point", "coordinates": [ -79.922836132732243, 40.434761578985302, 649270041.0 ] } },
{ "type": "Feature", "properties": { "candidate_id": "signal_607546384", "name": "TS160", "operation_type": "Semi Actuated", "flash_time": "24 Hr stop and go", "flash_yellow": "BROWNS HILL RD", "id": 607546384, "description": "Browns Hill Rd -Parkview Blvd", "traffic_count": 1, "crosswalk_count": 2, "hin_count": 1, "crash_count": 39, "injury_crash_count": 21, "severe_crash_count": 1, "vru_crash_count": 2, "fatalities": 1, "injuries": 25, "coverage_points": 90, "coverage_score_pre_osm": 100.0, "osm_status": "not_assessed", "safety_priority_score": 64.8, "selection_score": 87.7, "crash_window": "2019-2025" }, "geometry": { "type": "Point", "coordinates": [ -79.923060422295762, 40.414000987654788, 607546384.0 ] } },
{ "type": "Feature", "properties": { "candidate_id": "signal_244153097", "name": "TS337", "operation_type": "Fixed / Ped Actuated", "flash_time": "24 Hr stop and go", "flash_yellow": "FORBES AVE", "id": 244153097, "description": "Forbes Ave - Shady Ave", "traffic_count": 1, "crosswalk_count": 4, "hin_count": 2, "crash_count": 38, "injury_crash_count": 14, "severe_crash_count": 1, "vru_crash_count": 5, "fatalities": 0, "injuries": 15, "coverage_points": 90, "coverage_score_pre_osm": 100.0, "osm_status": "not_assessed", "safety_priority_score": 63.9, "selection_score": 87.4, "crash_window": "2019-2025" }, "geometry": { "type": "Point", "coordinates": [ -79.919362279705751, 40.4380485641598, 244153097.0 ] } },
{ "type": "Feature", "properties": { "candidate_id": "signal_2034847747", "name": "TS506", "operation_type": "Fixed", "flash_time": "24 Hr Stop And Go", "flash_yellow": "PENN AVE", "id": 2034847747, "description": "Penn Ave - 32nd St", "traffic_count": 1, "crosswalk_count": 3, "hin_count": 1, "crash_count": 36, "injury_crash_count": 18, "severe_crash_count": 1, "vru_crash_count": 3, "fatalities": 0, "injuries": 39, "coverage_points": 90, "coverage_score_pre_osm": 100.0, "osm_status": "not_assessed", "safety_priority_score": 63.9, "selection_score": 87.4, "crash_window": "2019-2025" }, "geometry": { "type": "Point", "coordinates": [ -79.969952199852429, 40.460779965046029, 2034847747.0 ] } },
{ "type": "Feature", "properties": { "candidate_id": "signal_450949955", "name": "TS18", "operation_type": "Semi Actuated", "flash_time": "24 Hr stop and go", "flash_yellow": "", "id": 450949955, "description": "Blvd of the Allies - Bates St", "traffic_count": 1, "crosswalk_count": 6, "hin_count": 2, "crash_count": 50, "injury_crash_count": 23, "severe_crash_count": 0, "vru_crash_count": 4, "fatalities": 0, "injuries": 33, "coverage_points": 90, "coverage_score_pre_osm": 100.0, "osm_status": "not_assessed", "safety_priority_score": 62.8, "selection_score": 87.0, "crash_window": "2019-2025" }, "geometry": { "type": "Point", "coordinates": [ -79.956410964267732, 40.435132042622634, 450949955.0 ] } },
{ "type": "Feature", "properties": { "candidate_id": "signal_333438521", "name": "TS234", "operation_type": "Fixed", "flash_time": "24 Hr stop and go", "flash_yellow": "FRANKSTOWN AVE", "id": 333438521, "description": "Collier St - Frankstown Ave", "traffic_count": 2, "crosswalk_count": 4, "hin_count": 1, "crash_count": 28, "injury_crash_count": 15, "severe_crash_count": 3, "vru_crash_count": 1, "fatalities": 0, "injuries": 18, "coverage_points": 90, "coverage_score_pre_osm": 100.0, "osm_status": "not_assessed", "safety_priority_score": 62.6, "selection_score": 86.9, "crash_window": "2019-2025" }, "geometry": { "type": "Point", "coordinates": [ -79.891904771786741, 40.456400839257668, 333438521.0 ] } },
{ "type": "Feature", "properties": { "candidate_id": "signal_2026511400", "name": "TS370", "operation_type": "Fixed", "flash_time": "24 Hr stop and go", "flash_yellow": "FRANKSTOWN AVE", "id": 2026511400, "description": "Frankstown Ave - Murtland St", "traffic_count": 2, "crosswalk_count": 4, "hin_count": 1, "crash_count": 31, "injury_crash_count": 17, "severe_crash_count": 1, "vru_crash_count": 4, "fatalities": 0, "injuries": 23, "coverage_points": 90, "coverage_score_pre_osm": 100.0, "osm_status": "not_assessed", "safety_priority_score": 62.6, "selection_score": 86.9, "crash_window": "2019-2025" }, "geometry": { "type": "Point", "coordinates": [ -79.901118099504004, 40.458497692527956, 2026511400.0 ] } },
{ "type": "Feature", "properties": { "candidate_id": "signal_203299372", "name": "TS270", "operation_type": "Fully Actuated", "flash_time": "24 Hr stop and go", "flash_yellow": "E LIBERTY BLVD", "id": 203299372, "description": "East Liberty Blvd - Hamilton Ave", "traffic_count": 2, "crosswalk_count": 3, "hin_count": 1, "crash_count": 30, "injury_crash_count": 20, "severe_crash_count": 1, "vru_crash_count": 3, "fatalities": 0, "injuries": 26, "coverage_points": 90, "coverage_score_pre_osm": 100.0, "osm_status": "not_assessed", "safety_priority_score": 62.4, "selection_score": 86.8, "crash_window": "2019-2025" }, "geometry": { "type": "Point", "coordinates": [ -79.915774141212182, 40.459866443842898, 203299372.0 ] } },
{ "type": "Feature", "properties": { "candidate_id": "signal_1362229814", "name": "TS529", "operation_type": "Fixed", "flash_time": "24 Hr stop and go", "flash_yellow": "WILKINS AVE", "id": 1362229814, "description": "Shady Ave - Wilkins Ave", "traffic_count": 2, "crosswalk_count": 4, "hin_count": 2, "crash_count": 30, "injury_crash_count": 13, "severe_crash_count": 3, "vru_crash_count": 1, "fatalities": 0, "injuries": 18, "coverage_points": 90, "coverage_score_pre_osm": 100.0, "osm_status": "not_assessed", "safety_priority_score": 61.6, "selection_score": 86.6, "crash_window": "2019-2025" }, "geometry": { "type": "Point", "coordinates": [ -79.920515914609098, 40.44385912100703, 1362229814.0 ] } },
{ "type": "Feature", "properties": { "candidate_id": "signal_1048745279", "name": "TS369", "operation_type": "Fixed", "flash_time": "24 Hr stop and go", "flash_yellow": "FRANKSTOWN AVE", "id": 1048745279, "description": "Frankstown Ave - Lincoln Ave - Lowell St", "traffic_count": 6, "crosswalk_count": 5, "hin_count": 1, "crash_count": 25, "injury_crash_count": 15, "severe_crash_count": 3, "vru_crash_count": 1, "fatalities": 1, "injuries": 21, "coverage_points": 90, "coverage_score_pre_osm": 100.0, "osm_status": "not_assessed", "safety_priority_score": 61.5, "selection_score": 86.5, "crash_window": "2019-2025" }, "geometry": { "type": "Point", "coordinates": [ -79.913793648412337, 40.460434161491072, 1048745279.0 ] } },
{ "type": "Feature", "properties": { "candidate_id": "signal_1041204423", "name": "TS627", "operation_type": "Fully Actuated", "flash_time": "24 Hr stop and go", "flash_yellow": "CENTRE AVE", "id": 1041204423, "description": "Centre Ave - Cypress St", "traffic_count": 2, "crosswalk_count": 4, "hin_count": 1, "crash_count": 40, "injury_crash_count": 15, "severe_crash_count": 1, "vru_crash_count": 2, "fatalities": 0, "injuries": 22, "coverage_points": 90, "coverage_score_pre_osm": 100.0, "osm_status": "not_assessed", "safety_priority_score": 61.2, "selection_score": 86.4, "crash_window": "2019-2025" }, "geometry": { "type": "Point", "coordinates": [ -79.941496616042002, 40.455047681724452, 1041204423.0 ] } },
{ "type": "Feature", "properties": { "candidate_id": "signal_2023927709", "name": "TS115", "operation_type": "Fully Actuated", "flash_time": "24 Hr stop and go", "flash_yellow": "BIGELOW BLVD", "id": 2023927709, "description": "Bigelow Blvd - Bloomfield Brg", "traffic_count": 2, "crosswalk_count": 2, "hin_count": 1, "crash_count": 50, "injury_crash_count": 12, "severe_crash_count": 2, "vru_crash_count": 0, "fatalities": 1, "injuries": 19, "coverage_points": 90, "coverage_score_pre_osm": 100.0, "osm_status": "not_assessed", "safety_priority_score": 60.8, "selection_score": 86.3, "crash_window": "2019-2025" }, "geometry": { "type": "Point", "coordinates": [ -79.957342311503169, 40.45864165631739, 2023927709.0 ] } },
{ "type": "Feature", "properties": { "candidate_id": "signal_1027054833", "name": "TS62", "operation_type": "Fixed", "flash_time": "", "flash_yellow": "MURRAY AVE", "id": 1027054833, "description": "Bartlett St - Murray Ave", "traffic_count": 3, "crosswalk_count": 4, "hin_count": 1, "crash_count": 21, "injury_crash_count": 15, "severe_crash_count": 1, "vru_crash_count": 11, "fatalities": 0, "injuries": 16, "coverage_points": 90, "coverage_score_pre_osm": 100.0, "osm_status": "not_assessed", "safety_priority_score": 60.8, "selection_score": 86.3, "crash_window": "2019-2025" }, "geometry": { "type": "Point", "coordinates": [ -79.922882813685987, 40.436029703424666, 1027054833.0 ] } },
{ "type": "Feature", "properties": { "candidate_id": "signal_1926852084", "name": "TS401", "operation_type": "Fixed", "flash_time": "24 Hr stop and go", "flash_yellow": "N HIGHLAND AVE", "id": 1926852084, "description": "Highland Ave - Stanton Ave", "traffic_count": 4, "crosswalk_count": 4, "hin_count": 2, "crash_count": 26, "injury_crash_count": 12, "severe_crash_count": 2, "vru_crash_count": 3, "fatalities": 0, "injuries": 14, "coverage_points": 90, "coverage_score_pre_osm": 100.0, "osm_status": "not_assessed", "safety_priority_score": 60.6, "selection_score": 86.2, "crash_window": "2019-2025" }, "geometry": { "type": "Point", "coordinates": [ -79.921028094907371, 40.46969795367275, 1926852084.0 ] } },
{ "type": "Feature", "properties": { "candidate_id": "signal_82517090", "name": "TS273", "operation_type": "Fixed", "flash_time": "00:00 - 06:00", "flash_yellow": "N NEGLEY AVE", "id": 82517090, "description": "East Liberty Blvd - Negley Ave", "traffic_count": 1, "crosswalk_count": 5, "hin_count": 1, "crash_count": 26, "injury_crash_count": 15, "severe_crash_count": 1, "vru_crash_count": 4, "fatalities": 1, "injuries": 18, "coverage_points": 90, "coverage_score_pre_osm": 100.0, "osm_status": "not_assessed", "safety_priority_score": 59.1, "selection_score": 85.7, "crash_window": "2019-2025" }, "geometry": { "type": "Point", "coordinates": [ -79.9281260190388, 40.467731181693438, 82517090.0 ] } },
{ "type": "Feature", "properties": { "candidate_id": "signal_146457270", "name": "TS357", "operation_type": "Fixed", "flash_time": "24 Hr stop and go", "flash_yellow": "PENN AVE", "id": 146457270, "description": "Penn Ave - Friendship Ave - 45th St", "traffic_count": 1, "crosswalk_count": 5, "hin_count": 1, "crash_count": 37, "injury_crash_count": 8, "severe_crash_count": 1, "vru_crash_count": 5, "fatalities": 0, "injuries": 8, "coverage_points": 90, "coverage_score_pre_osm": 100.0, "osm_status": "not_assessed", "safety_priority_score": 58.5, "selection_score": 85.5, "crash_window": "2019-2025" }, "geometry": { "type": "Point", "coordinates": [ -79.952309927721956, 40.466150299509543, 146457270.0 ] } },
{ "type": "Feature", "properties": { "candidate_id": "signal_648684866", "name": "TS482", "operation_type": "Fully Actuated", "flash_time": "00:00 - 06:00", "flash_yellow": "SHADY AVE", "id": 648684866, "description": "Northumberland St - Shady Ave", "traffic_count": 2, "crosswalk_count": 4, "hin_count": 1, "crash_count": 16, "injury_crash_count": 11, "severe_crash_count": 3, "vru_crash_count": 3, "fatalities": 0, "injuries": 13, "coverage_points": 90, "coverage_score_pre_osm": 100.0, "osm_status": "not_assessed", "safety_priority_score": 57.9, "selection_score": 85.3, "crash_window": "2019-2025" }, "geometry": { "type": "Point", "coordinates": [ -79.919905484669869, 40.441822971617924, 648684866.0 ] } },
{ "type": "Feature", "properties": { "candidate_id": "signal_1328315278", "name": "TS356", "operation_type": "Semi Actuated", "flash_time": "24 Hr stop and go", "flash_yellow": "PENN AVE", "id": 1328315278, "description": "Penn Ave - 40th St", "traffic_count": 1, "crosswalk_count": 4, "hin_count": 1, "crash_count": 43, "injury_crash_count": 16, "severe_crash_count": 0, "vru_crash_count": 4, "fatalities": 0, "injuries": 18, "coverage_points": 90, "coverage_score_pre_osm": 100.0, "osm_status": "not_assessed", "safety_priority_score": 57.8, "selection_score": 85.2, "crash_window": "2019-2025" }, "geometry": { "type": "Point", "coordinates": [ -79.957964262785083, 40.465190288339691, 1328315278.0 ] } },
{ "type": "Feature", "properties": { "candidate_id": "signal_58760704", "name": "TS85", "operation_type": "Semi Actuated", "flash_time": "00:00 - 06:00", "flash_yellow": "CENTRE AVE", "id": 58760704, "description": "Beatty St - Centre Ave", "traffic_count": 1, "crosswalk_count": 4, "hin_count": 1, "crash_count": 40, "injury_crash_count": 15, "severe_crash_count": 0, "vru_crash_count": 5, "fatalities": 0, "injuries": 17, "coverage_points": 90, "coverage_score_pre_osm": 100.0, "osm_status": "not_assessed", "safety_priority_score": 57.3, "selection_score": 85.1, "crash_window": "2019-2025" }, "geometry": { "type": "Point", "coordinates": [ -79.927470738463228, 40.459240062840983, 58760704.0 ] } },
{ "type": "Feature", "properties": { "candidate_id": "signal_1392826003", "name": "TS400", "operation_type": "Semi Actuated", "flash_time": "00:00 - 06:00", "flash_yellow": "CENTRE AVE", "id": 1392826003, "description": "Centre Ave - Highland Ave", "traffic_count": 1, "crosswalk_count": 9, "hin_count": 2, "crash_count": 33, "injury_crash_count": 15, "severe_crash_count": 0, "vru_crash_count": 7, "fatalities": 0, "injuries": 16, "coverage_points": 90, "coverage_score_pre_osm": 100.0, "osm_status": "not_assessed", "safety_priority_score": 56.2, "selection_score": 84.7, "crash_window": "2019-2025" }, "geometry": { "type": "Point", "coordinates": [ -79.925045982492122, 40.459962129006108, 1392826003.0 ] } },
{ "type": "Feature", "properties": { "candidate_id": "signal_5305491", "name": "TS666", "operation_type": "Fixed", "flash_time": "24 Hr stop and go", "flash_yellow": "BUTLER ST", "id": 5305491, "description": "Butler St -  45th St", "traffic_count": 1, "crosswalk_count": 4, "hin_count": 1, "crash_count": 36, "injury_crash_count": 13, "severe_crash_count": 0, "vru_crash_count": 8, "fatalities": 0, "injuries": 13, "coverage_points": 90, "coverage_score_pre_osm": 100.0, "osm_status": "not_assessed", "safety_priority_score": 56.2, "selection_score": 84.7, "crash_window": "2019-2025" }, "geometry": { "type": "Point", "coordinates": [ -79.959294388344802, 40.472156306129442, 5305491.0 ] } },
{ "type": "Feature", "properties": { "candidate_id": "signal_157250934", "name": "TS538", "operation_type": "Fixed", "flash_time": "00:00 - 06:00", "flash_yellow": "SMITHFIELD ST", "id": 157250934, "description": "Smithfield St - Third Ave", "traffic_count": 1, "crosswalk_count": 13, "hin_count": 0, "crash_count": 37, "injury_crash_count": 19, "severe_crash_count": 1, "vru_crash_count": 4, "fatalities": 0, "injuries": 28, "coverage_points": 90, "coverage_score_pre_osm": 100.0, "osm_status": "not_assessed", "safety_priority_score": 56.1, "selection_score": 84.6, "crash_window": "2019-2025" }, "geometry": { "type": "Point", "coordinates": [ -79.999891182920436, 40.438219881654312, 157250934.0 ] } },
{ "type": "Feature", "properties": { "candidate_id": "signal_1703928722", "name": "TS656", "operation_type": "Semi Actuated", "flash_time": "24 Hr stop and go", "flash_yellow": "STEUBEN ST", "id": 1703928722, "description": "Lorenz Ave - Steuben St", "traffic_count": 1, "crosswalk_count": 5, "hin_count": 1, "crash_count": 26, "injury_crash_count": 13, "severe_crash_count": 1, "vru_crash_count": 3, "fatalities": 0, "injuries": 16, "coverage_points": 90, "coverage_score_pre_osm": 100.0, "osm_status": "not_assessed", "safety_priority_score": 56.0, "selection_score": 84.6, "crash_window": "2019-2025" }, "geometry": { "type": "Point", "coordinates": [ -80.042412564093382, 40.442782878466041, 1703928722.0 ] } },
{ "type": "Feature", "properties": { "candidate_id": "signal_1457717099", "name": "TS133", "operation_type": "Fully Actuated", "flash_time": "24 Hr stop and go", "flash_yellow": "HAMILTON AVE", "id": 1457717099, "description": "Braddock Ave - Hamilton Ave", "traffic_count": 1, "crosswalk_count": 4, "hin_count": 2, "crash_count": 24, "injury_crash_count": 9, "severe_crash_count": 2, "vru_crash_count": 2, "fatalities": 0, "injuries": 11, "coverage_points": 90, "coverage_score_pre_osm": 100.0, "osm_status": "not_assessed", "safety_priority_score": 55.4, "selection_score": 84.4, "crash_window": "2019-2025" }, "geometry": { "type": "Point", "coordinates": [ -79.891111686951604, 40.453172918083759, 1457717099.0 ] } },
{ "type": "Feature", "properties": { "candidate_id": "signal_466970229", "name": "TS132", "operation_type": "Fixed / Ped Actuated", "flash_time": "24 Hr stop and go", "flash_yellow": "BRADDOCK AVE", "id": 466970229, "description": "Braddock Ave - Forbes Ave", "traffic_count": 1, "crosswalk_count": 4, "hin_count": 1, "crash_count": 35, "injury_crash_count": 16, "severe_crash_count": 1, "vru_crash_count": 0, "fatalities": 1, "injuries": 21, "coverage_points": 90, "coverage_score_pre_osm": 100.0, "osm_status": "not_assessed", "safety_priority_score": 55.2, "selection_score": 84.3, "crash_window": "2019-2025" }, "geometry": { "type": "Point", "coordinates": [ -79.897645458304822, 40.439669325570158, 466970229.0 ] } },
{ "type": "Feature", "properties": { "candidate_id": "signal_877866287", "name": "TS83", "operation_type": "Fixed", "flash_time": "24 Hr stop and go", "flash_yellow": "SHADY AVE", "id": 877866287, "description": "Beacon St - Shady Ave", "traffic_count": 2, "crosswalk_count": 4, "hin_count": 1, "crash_count": 24, "injury_crash_count": 6, "severe_crash_count": 2, "vru_crash_count": 4, "fatalities": 0, "injuries": 7, "coverage_points": 90, "coverage_score_pre_osm": 100.0, "osm_status": "not_assessed", "safety_priority_score": 55.0, "selection_score": 84.2, "crash_window": "2019-2025" }, "geometry": { "type": "Point", "coordinates": [ -79.918978506390815, 40.435319293622108, 877866287.0 ] } },
{ "type": "Feature", "properties": { "candidate_id": "signal_349604133", "name": "TS685", "operation_type": "Fully Actuated", "flash_time": "24 Hr stop and go", "flash_yellow": "S HIGHLAND AVE", "id": 349604133, "description": "Highland Ave -Spirit St", "traffic_count": 1, "crosswalk_count": 7, "hin_count": 1, "crash_count": 31, "injury_crash_count": 15, "severe_crash_count": 0, "vru_crash_count": 6, "fatalities": 0, "injuries": 17, "coverage_points": 90, "coverage_score_pre_osm": 100.0, "osm_status": "not_assessed", "safety_priority_score": 54.8, "selection_score": 84.2, "crash_window": "2019-2025" }, "geometry": { "type": "Point", "coordinates": [ -79.925090156697067, 40.459299969465405, 349604133.0 ] } },
{ "type": "Feature", "properties": { "candidate_id": "signal_1316852736", "name": "TS550", "operation_type": "Fixed", "flash_time": "00:00 - 06:00", "flash_yellow": "FORBES AVE", "id": 1316852736, "description": "Forbes Ave - Jumonville St", "traffic_count": 2, "crosswalk_count": 5, "hin_count": 0, "crash_count": 75, "injury_crash_count": 20, "severe_crash_count": 1, "vru_crash_count": 0, "fatalities": 0, "injuries": 29, "coverage_points": 90, "coverage_score_pre_osm": 100.0, "osm_status": "not_assessed", "safety_priority_score": 54.5, "selection_score": 84.1, "crash_window": "2019-2025" }, "geometry": { "type": "Point", "coordinates": [ -79.977735817023387, 40.437346986812528, 1316852736.0 ] } },
{ "type": "Feature", "properties": { "candidate_id": "signal_684604920", "name": "TS412", "operation_type": "Fixed", "flash_time": "24 Hr stop and go", "flash_yellow": "KELLY ST", "id": 684604920, "description": "Kelly St - Lang Ave", "traffic_count": 3, "crosswalk_count": 4, "hin_count": 1, "crash_count": 25, "injury_crash_count": 9, "severe_crash_count": 2, "vru_crash_count": 1, "fatalities": 0, "injuries": 11, "coverage_points": 90, "coverage_score_pre_osm": 100.0, "osm_status": "not_assessed", "safety_priority_score": 53.5, "selection_score": 83.7, "crash_window": "2019-2025" }, "geometry": { "type": "Point", "coordinates": [ -79.899259157745234, 40.45604345942688, 684604920.0 ] } },
{ "type": "Feature", "properties": { "candidate_id": "signal_1768891284", "name": "TS127", "operation_type": "Master", "flash_time": "24 Hr stop and go", "flash_yellow": "N NEGLEY AVE", "id": 1768891284, "description": "Black St - Negley Ave", "traffic_count": 3, "crosswalk_count": 5, "hin_count": 1, "crash_count": 27, "injury_crash_count": 17, "severe_crash_count": 0, "vru_crash_count": 4, "fatalities": 0, "injuries": 21, "coverage_points": 90, "coverage_score_pre_osm": 100.0, "osm_status": "not_assessed", "safety_priority_score": 53.1, "selection_score": 83.6, "crash_window": "2019-2025" }, "geometry": { "type": "Point", "coordinates": [ -79.927520577444355, 40.468758111212367, 1768891284.0 ] } },
{ "type": "Feature", "properties": { "candidate_id": "signal_2090425771", "name": "TS154", "operation_type": "Actuated", "flash_time": "24 Hr stop and go", "flash_yellow": "BROOKLINE BLVD", "id": 2090425771, "description": "Brookline Blvd - Castlegate Ave", "traffic_count": 1, "crosswalk_count": 2, "hin_count": 1, "crash_count": 21, "injury_crash_count": 10, "severe_crash_count": 1, "vru_crash_count": 4, "fatalities": 0, "injuries": 12, "coverage_points": 90, "coverage_score_pre_osm": 100.0, "osm_status": "not_assessed", "safety_priority_score": 53.0, "selection_score": 83.6, "crash_window": "2019-2025" }, "geometry": { "type": "Point", "coordinates": [ -80.021549638980744, 40.394856795386573, 2090425771.0 ] } },
{ "type": "Feature", "properties": { "candidate_id": "signal_368170496", "name": "TS170", "operation_type": "Fixed", "flash_time": "24 Hr stop and go", "flash_yellow": "HAMILTON AVE", "id": 368170496, "description": "Brushton Ave - Hamilton Ave", "traffic_count": 1, "crosswalk_count": 4, "hin_count": 1, "crash_count": 21, "injury_crash_count": 7, "severe_crash_count": 3, "vru_crash_count": 1, "fatalities": 1, "injuries": 14, "coverage_points": 90, "coverage_score_pre_osm": 100.0, "osm_status": "not_assessed", "safety_priority_score": 52.5, "selection_score": 83.4, "crash_window": "2019-2025" }, "geometry": { "type": "Point", "coordinates": [ -79.889193158143428, 40.452733505595553, 368170496.0 ] } },
{ "type": "Feature", "properties": { "candidate_id": "signal_981294975", "name": "TS332", "operation_type": "Semi Actuated", "flash_time": "24 Hr stop and go", "flash_yellow": "FORBES AVE", "id": 981294975, "description": "Forbes Ave - Morewood Ave", "traffic_count": 1, "crosswalk_count": 3, "hin_count": 1, "crash_count": 15, "injury_crash_count": 12, "severe_crash_count": 1, "vru_crash_count": 5, "fatalities": 0, "injuries": 12, "coverage_points": 90, "coverage_score_pre_osm": 100.0, "osm_status": "not_assessed", "safety_priority_score": 52.5, "selection_score": 83.4, "crash_window": "2019-2025" }, "geometry": { "type": "Point", "coordinates": [ -79.943004962862531, 40.444655160798249, 981294975.0 ] } },
{ "type": "Feature", "properties": { "candidate_id": "signal_1741780708", "name": "TS512", "operation_type": "Fully Actuated", "flash_time": "00:00 - 06:00", "flash_yellow": "SHADY AVE", "id": 1741780708, "description": "Ellsworth Ave - Shady Ave", "traffic_count": 1, "crosswalk_count": 5, "hin_count": 1, "crash_count": 22, "injury_crash_count": 9, "severe_crash_count": 1, "vru_crash_count": 4, "fatalities": 1, "injuries": 12, "coverage_points": 90, "coverage_score_pre_osm": 100.0, "osm_status": "not_assessed", "safety_priority_score": 52.4, "selection_score": 83.3, "crash_window": "2019-2025" }, "geometry": { "type": "Point", "coordinates": [ -79.922074635357475, 40.459201462898193, 1741780708.0 ] } },
{ "type": "Feature", "properties": { "candidate_id": "signal_462552568", "name": "TS222", "operation_type": "Semi Actuated", "flash_time": "24 Hr stop and go", "flash_yellow": "CHARTIERS AVE", "id": 462552568, "description": "Chartiers Ave - Lorenz Ave", "traffic_count": 1, "crosswalk_count": 4, "hin_count": 1, "crash_count": 24, "injury_crash_count": 9, "severe_crash_count": 1, "vru_crash_count": 3, "fatalities": 0, "injuries": 9, "coverage_points": 90, "coverage_score_pre_osm": 100.0, "osm_status": "not_assessed", "safety_priority_score": 51.9, "selection_score": 83.2, "crash_window": "2019-2025" }, "geometry": { "type": "Point", "coordinates": [ -80.040632882488779, 40.443981151715754, 462552568.0 ] } },
{ "type": "Feature", "properties": { "candidate_id": "signal_402272722", "name": "TS339", "operation_type": "Fixed", "flash_time": "24 Hr stop and go", "flash_yellow": "SMITHFIELD ST", "id": 402272722, "description": "Forbes Ave - Smithfield St", "traffic_count": 1, "crosswalk_count": 6, "hin_count": 0, "crash_count": 26, "injury_crash_count": 14, "severe_crash_count": 1, "vru_crash_count": 7, "fatalities": 0, "injuries": 18, "coverage_points": 90, "coverage_score_pre_osm": 100.0, "osm_status": "not_assessed", "safety_priority_score": 50.6, "selection_score": 82.7, "crash_window": "2019-2025" }, "geometry": { "type": "Point", "coordinates": [ -79.999097035827518, 40.439421135132484, 402272722.0 ] } },
{ "type": "Feature", "properties": { "candidate_id": "signal_161626785", "name": "TS171", "operation_type": "Fixed", "flash_time": "0:00-6:00", "flash_yellow": "CENTRE AVE", "id": 161626785, "description": "Bryn Mawr Rd - Centre Ave", "traffic_count": 2, "crosswalk_count": 2, "hin_count": 1, "crash_count": 21, "injury_crash_count": 10, "severe_crash_count": 1, "vru_crash_count": 2, "fatalities": 0, "injuries": 16, "coverage_points": 90, "coverage_score_pre_osm": 100.0, "osm_status": "not_assessed", "safety_priority_score": 50.0, "selection_score": 82.5, "crash_window": "2019-2025" }, "geometry": { "type": "Point", "coordinates": [ -79.957713552421609, 40.448980420213957, 161626785.0 ] } },
{ "type": "Feature", "properties": { "candidate_id": "signal_1182647053", "name": "TS177", "operation_type": "Fixed", "flash_time": "24 Hr stop and go", "flash_yellow": "BUTLER ST", "id": 1182647053, "description": "Butler St - 46th St", "traffic_count": 1, "crosswalk_count": 4, "hin_count": 1, "crash_count": 30, "injury_crash_count": 10, "severe_crash_count": 0, "vru_crash_count": 5, "fatalities": 0, "injuries": 10, "coverage_points": 90, "coverage_score_pre_osm": 100.0, "osm_status": "not_assessed", "safety_priority_score": 49.7, "selection_score": 82.4, "crash_window": "2019-2025" }, "geometry": { "type": "Point", "coordinates": [ -79.958810692725862, 40.472825493725928, 1182647053.0 ] } },
{ "type": "Feature", "properties": { "candidate_id": "signal_359836640", "name": "TS555", "operation_type": "Fully Actuated", "flash_time": "24 Hr stop and go", "flash_yellow": "CENTRE AVE", "id": 359836640, "description": "Allequippa St - Centre Ave - University A Dr", "traffic_count": 1, "crosswalk_count": 4, "hin_count": 1, "crash_count": 19, "injury_crash_count": 9, "severe_crash_count": 1, "vru_crash_count": 2, "fatalities": 0, "injuries": 15, "coverage_points": 90, "coverage_score_pre_osm": 100.0, "osm_status": "not_assessed", "safety_priority_score": 47.6, "selection_score": 81.7, "crash_window": "2019-2025" }, "geometry": { "type": "Point", "coordinates": [ -79.958476821274104, 40.448457082415899, 359836640.0 ] } },
{ "type": "Feature", "properties": { "candidate_id": "signal_868247070", "name": "TS84", "operation_type": "Fixed", "flash_time": "24 Hr stop and go", "flash_yellow": "BEACON ST", "id": 868247070, "description": "Beacon St - Wightman St", "traffic_count": 2, "crosswalk_count": 4, "hin_count": 1, "crash_count": 13, "injury_crash_count": 8, "severe_crash_count": 1, "vru_crash_count": 5, "fatalities": 0, "injuries": 9, "coverage_points": 90, "coverage_score_pre_osm": 100.0, "osm_status": "not_assessed", "safety_priority_score": 47.6, "selection_score": 81.7, "crash_window": "2019-2025" }, "geometry": { "type": "Point", "coordinates": [ -79.927613387786238, 40.434127113099343, 868247070.0 ] } },
{ "type": "Feature", "properties": { "candidate_id": "signal_1239438940", "name": "TS97", "operation_type": "Fixed", "flash_time": "24 Hr stop and go", "flash_yellow": "BEECHWOOD BLVD", "id": 1239438940, "description": "Beechwood Blvd - Linden Ave - Wilkins Ave", "traffic_count": 2, "crosswalk_count": 5, "hin_count": 1, "crash_count": 18, "injury_crash_count": 5, "severe_crash_count": 2, "vru_crash_count": 2, "fatalities": 1, "injuries": 10, "coverage_points": 90, "coverage_score_pre_osm": 100.0, "osm_status": "not_assessed", "safety_priority_score": 47.5, "selection_score": 81.6, "crash_window": "2019-2025" }, "geometry": { "type": "Point", "coordinates": [ -79.917779565405283, 40.444334282545846, 1239438940.0 ] } },
{ "type": "Feature", "properties": { "candidate_id": "signal_189748274", "name": "TS155", "operation_type": "Actuated", "flash_time": "24 Hr stop and go", "flash_yellow": "BROOKLINE BLVD", "id": 189748274, "description": "Brookline Blvd - Flatbush Ave", "traffic_count": 1, "crosswalk_count": 2, "hin_count": 1, "crash_count": 21, "injury_crash_count": 5, "severe_crash_count": 1, "vru_crash_count": 4, "fatalities": 0, "injuries": 6, "coverage_points": 90, "coverage_score_pre_osm": 100.0, "osm_status": "not_assessed", "safety_priority_score": 47.1, "selection_score": 81.5, "crash_window": "2019-2025" }, "geometry": { "type": "Point", "coordinates": [ -80.019971708658304, 40.393723809437809, 189748274.0 ] } },
{ "type": "Feature", "properties": { "candidate_id": "signal_418307789", "name": "TS325", "operation_type": "Fixed", "flash_time": "24 Hr stop and go", "flash_yellow": "FORBES AVE", "id": 418307789, "description": "Forbes Ave - Halket St", "traffic_count": 1, "crosswalk_count": 6, "hin_count": 1, "crash_count": 34, "injury_crash_count": 16, "severe_crash_count": 0, "vru_crash_count": 0, "fatalities": 0, "injuries": 20, "coverage_points": 90, "coverage_score_pre_osm": 100.0, "osm_status": "not_assessed", "safety_priority_score": 46.7, "selection_score": 81.3, "crash_window": "2019-2025" }, "geometry": { "type": "Point", "coordinates": [ -79.961243249217716, 40.438472680290879, 418307789.0 ] } },
{ "type": "Feature", "properties": { "candidate_id": "signal_334986552", "name": "TS365", "operation_type": "Fixed", "flash_time": "00:00 - 06:00", "flash_yellow": "SMITHFIELD ST", "id": 334986552, "description": "Fourth Ave - Smithfield St", "traffic_count": 1, "crosswalk_count": 11, "hin_count": 0, "crash_count": 37, "injury_crash_count": 16, "severe_crash_count": 0, "vru_crash_count": 4, "fatalities": 0, "injuries": 19, "coverage_points": 90, "coverage_score_pre_osm": 100.0, "osm_status": "not_assessed", "safety_priority_score": 46.3, "selection_score": 81.2, "crash_window": "2019-2025" }, "geometry": { "type": "Point", "coordinates": [ -79.99954711738684, 40.438732853132834, 334986552.0 ] } },
{ "type": "Feature", "properties": { "candidate_id": "signal_305034168", "name": "TS331", "operation_type": "Fixed", "flash_time": "00:00 - 06:00", "flash_yellow": "FORBES AVE", "id": 305034168, "description": "Forbes Ave - Miltenberger St", "traffic_count": 1, "crosswalk_count": 5, "hin_count": 0, "crash_count": 36, "injury_crash_count": 13, "severe_crash_count": 1, "vru_crash_count": 1, "fatalities": 0, "injuries": 17, "coverage_points": 90, "coverage_score_pre_osm": 100.0, "osm_status": "not_assessed", "safety_priority_score": 46.0, "selection_score": 81.1, "crash_window": "2019-2025" }, "geometry": { "type": "Point", "coordinates": [ -79.981434525552018, 40.437507818169337, 305034168.0 ] } },
{ "type": "Feature", "properties": { "candidate_id": "signal_1642910405", "name": "TS146", "operation_type": "Fixed", "flash_time": "24 Hr stop and go", "flash_yellow": "BRIGHTON RD", "id": 1642910405, "description": "Brighton Rd - North Ave (OSM)", "traffic_count": 1, "crosswalk_count": 6, "hin_count": 1, "crash_count": 23, "injury_crash_count": 10, "severe_crash_count": 0, "vru_crash_count": 4, "fatalities": 0, "injuries": 11, "coverage_points": 90, "coverage_score_pre_osm": 100.0, "osm_status": "not_assessed", "safety_priority_score": 45.8, "selection_score": 81.0, "crash_window": "2019-2025" }, "geometry": { "type": "Point", "coordinates": [ -80.014571280164461, 40.45397430812465, 1642910405.0 ] } },
{ "type": "Feature", "properties": { "candidate_id": "signal_1238936023", "name": "TS289", "operation_type": "Fixed", "flash_time": "00:00 - 07:00", "flash_yellow": "E WARRINGTON AVE", "id": 1238936023, "description": "Estella Ave - Warrington Ave", "traffic_count": 1, "crosswalk_count": 4, "hin_count": 1, "crash_count": 21, "injury_crash_count": 8, "severe_crash_count": 1, "vru_crash_count": 1, "fatalities": 0, "injuries": 11, "coverage_points": 90, "coverage_score_pre_osm": 100.0, "osm_status": "not_assessed", "safety_priority_score": 45.3, "selection_score": 80.9, "crash_window": "2019-2025" }, "geometry": { "type": "Point", "coordinates": [ -80.000555947010483, 40.421022018310872, 1238936023.0 ] } },
{ "type": "Feature", "properties": { "candidate_id": "signal_375348238", "name": "TS3", "operation_type": "Fixed", "flash_time": "24 Hr stop and go", "flash_yellow": "", "id": 375348238, "description": "Aiken Ave - Ellsworth Ave", "traffic_count": 4, "crosswalk_count": 4, "hin_count": 2, "crash_count": 25, "injury_crash_count": 10, "severe_crash_count": 0, "vru_crash_count": 3, "fatalities": 0, "injuries": 13, "coverage_points": 90, "coverage_score_pre_osm": 100.0, "osm_status": "not_assessed", "safety_priority_score": 45.3, "selection_score": 80.9, "crash_window": "2019-2025" }, "geometry": { "type": "Point", "coordinates": [ -79.936729966498291, 40.452753204237297, 375348238.0 ] } },
{ "type": "Feature", "properties": { "candidate_id": "signal_12135633", "name": "TS385", "operation_type": "Fixed", "flash_time": "23:00 - 06:00", "flash_yellow": "PENN AVE", "id": 12135633, "description": "Graham St - Penn Ave (OSM)", "traffic_count": 1, "crosswalk_count": 3, "hin_count": 1, "crash_count": 24, "injury_crash_count": 9, "severe_crash_count": 1, "vru_crash_count": 0, "fatalities": 0, "injuries": 10, "coverage_points": 90, "coverage_score_pre_osm": 100.0, "osm_status": "not_assessed", "safety_priority_score": 44.8, "selection_score": 80.7, "crash_window": "2019-2025" }, "geometry": { "type": "Point", "coordinates": [ -79.935111320035588, 40.464741988013472, 12135633.0 ] } },
{ "type": "Feature", "properties": { "candidate_id": "signal_2029517080", "name": "TS7", "operation_type": "Fixed / Ped Actuated", "flash_time": "24 Hr stop and go", "flash_yellow": "", "id": 2029517080, "description": "Aiken Ave - Walnut St", "traffic_count": 1, "crosswalk_count": 5, "hin_count": 1, "crash_count": 14, "injury_crash_count": 6, "severe_crash_count": 1, "vru_crash_count": 4, "fatalities": 0, "injuries": 6, "coverage_points": 90, "coverage_score_pre_osm": 100.0, "osm_status": "not_assessed", "safety_priority_score": 44.6, "selection_score": 80.6, "crash_window": "2019-2025" }, "geometry": { "type": "Point", "coordinates": [ -79.935505963414641, 40.45064258540755, 2029517080.0 ] } },
{ "type": "Feature", "properties": { "candidate_id": "signal_664804940", "name": "TS462", "operation_type": "Fixed", "flash_time": "24 Hr stop and go", "flash_yellow": "PENN AVE", "id": 664804940, "description": "Millvale Ave - Penn Ave", "traffic_count": 3, "crosswalk_count": 4, "hin_count": 1, "crash_count": 22, "injury_crash_count": 9, "severe_crash_count": 0, "vru_crash_count": 4, "fatalities": 0, "injuries": 10, "coverage_points": 90, "coverage_score_pre_osm": 100.0, "osm_status": "not_assessed", "safety_priority_score": 44.3, "selection_score": 80.5, "crash_window": "2019-2025" }, "geometry": { "type": "Point", "coordinates": [ -79.945234531092069, 40.465304953865136, 664804940.0 ] } },
{ "type": "Feature", "properties": { "candidate_id": "signal_1090595147", "name": "TS217", "operation_type": "Fully Actuated", "flash_time": "24 Hr stop and go", "flash_yellow": "CENTRE AVE", "id": 1090595147, "description": "Centre Ave - Neville St", "traffic_count": 2, "crosswalk_count": 4, "hin_count": 1, "crash_count": 21, "injury_crash_count": 8, "severe_crash_count": 0, "vru_crash_count": 5, "fatalities": 0, "injuries": 9, "coverage_points": 90, "coverage_score_pre_osm": 100.0, "osm_status": "not_assessed", "safety_priority_score": 43.9, "selection_score": 80.4, "crash_window": "2019-2025" }, "geometry": { "type": "Point", "coordinates": [ -79.94969125108301, 40.452592547094, 1090595147.0 ] } },
{ "type": "Feature", "properties": { "candidate_id": "signal_1272586530", "name": "TS272", "operation_type": "Fully Actuated", "flash_time": "24 Hr stop and go", "flash_yellow": "E LIBERTY BLVD", "id": 1272586530, "description": "East Liberty Blvd - Larimer Ave", "traffic_count": 2, "crosswalk_count": 7, "hin_count": 1, "crash_count": 19, "injury_crash_count": 10, "severe_crash_count": 1, "vru_crash_count": 0, "fatalities": 0, "injuries": 18, "coverage_points": 90, "coverage_score_pre_osm": 100.0, "osm_status": "not_assessed", "safety_priority_score": 43.3, "selection_score": 80.2, "crash_window": "2019-2025" }, "geometry": { "type": "Point", "coordinates": [ -79.917409143301242, 40.463454094648789, 1272586530.0 ] } },
{ "type": "Feature", "properties": { "candidate_id": "signal_1053130876", "name": "TS404", "operation_type": "Fixed", "flash_time": "01:00 - 06:00", "flash_yellow": "WIGHTMAN ST", "id": 1053130876, "description": "Hobart St - Wightman St", "traffic_count": 1, "crosswalk_count": 4, "hin_count": 1, "crash_count": 20, "injury_crash_count": 5, "severe_crash_count": 2, "vru_crash_count": 0, "fatalities": 0, "injuries": 6, "coverage_points": 90, "coverage_score_pre_osm": 100.0, "osm_status": "not_assessed", "safety_priority_score": 43.2, "selection_score": 80.1, "crash_window": "2019-2025" }, "geometry": { "type": "Point", "coordinates": [ -79.927563701518721, 40.432615523588744, 1053130876.0 ] } },
{ "type": "Feature", "properties": { "candidate_id": "signal_1062261996", "name": "TS371", "operation_type": "Fixed", "flash_time": "", "flash_yellow": "FRANKSTOWN AVE", "id": 1062261996, "description": "Frankstown Ave - Standard Ave", "traffic_count": 1, "crosswalk_count": 3, "hin_count": 1, "crash_count": 17, "injury_crash_count": 6, "severe_crash_count": 2, "vru_crash_count": 0, "fatalities": 0, "injuries": 10, "coverage_points": 90, "coverage_score_pre_osm": 100.0, "osm_status": "not_assessed", "safety_priority_score": 42.9, "selection_score": 80.0, "crash_window": "2019-2025" }, "geometry": { "type": "Point", "coordinates": [ -79.877689179901381, 40.457101683567309, 1062261996.0 ] } },
{ "type": "Feature", "properties": { "candidate_id": "signal_518147947", "name": "TS297", "operation_type": "Fixed", "flash_time": "24 Hr stop and go", "flash_yellow": "FIFTH AVE", "id": 518147947, "description": "Fifth Ave - Halket St", "traffic_count": 1, "crosswalk_count": 4, "hin_count": 1, "crash_count": 26, "injury_crash_count": 15, "severe_crash_count": 0, "vru_crash_count": 0, "fatalities": 0, "injuries": 19, "coverage_points": 90, "coverage_score_pre_osm": 100.0, "osm_status": "not_assessed", "safety_priority_score": 42.6, "selection_score": 79.9, "crash_window": "2019-2025" }, "geometry": { "type": "Point", "coordinates": [ -79.962074143693982, 40.439139380775998, 518147947.0 ] } },
{ "type": "Feature", "properties": { "candidate_id": "signal_1973209422", "name": "TSF156", "operation_type": "", "flash_time": "", "flash_yellow": "", "id": 1973209422, "description": "RRFB - Marion Street", "traffic_count": 1, "crosswalk_count": 5, "hin_count": 0, "crash_count": 72, "injury_crash_count": 29, "severe_crash_count": 4, "vru_crash_count": 2, "fatalities": 1, "injuries": 39, "coverage_points": 75, "coverage_score_pre_osm": 83.3, "osm_status": "not_assessed", "safety_priority_score": 73.4, "selection_score": 79.8, "crash_window": "2019-2025" }, "geometry": { "type": "Point", "coordinates": [ -79.984347332623713, 40.436168849288393, 1973209422.0 ] } },
{ "type": "Feature", "properties": { "candidate_id": "signal_750516954", "name": "TS263", "operation_type": "Fully Actuated", "flash_time": "00:00 - 06:00", "flash_yellow": "EVERGREEN RD", "id": 750516954, "description": "East St - Evergreen Rd", "traffic_count": 1, "crosswalk_count": 2, "hin_count": 0, "crash_count": 50, "injury_crash_count": 18, "severe_crash_count": 0, "vru_crash_count": 0, "fatalities": 0, "injuries": 22, "coverage_points": 90, "coverage_score_pre_osm": 100.0, "osm_status": "not_assessed", "safety_priority_score": 42.0, "selection_score": 79.7, "crash_window": "2019-2025" }, "geometry": { "type": "Point", "coordinates": [ -80.009748274811372, 40.486348687693777, 750516954.0 ] } },
{ "type": "Feature", "properties": { "candidate_id": "signal_681274432", "name": "TS168", "operation_type": "Fixed / Ped Actuated", "flash_time": "12:00 AM - 06:00 AM", "flash_yellow": "BROWNSVILLE RD", "id": 681274432, "description": "Brownsville Rd - Parkfield St", "traffic_count": 1, "crosswalk_count": 4, "hin_count": 1, "crash_count": 29, "injury_crash_count": 7, "severe_crash_count": 0, "vru_crash_count": 2, "fatalities": 0, "injuries": 7, "coverage_points": 90, "coverage_score_pre_osm": 100.0, "osm_status": "not_assessed", "safety_priority_score": 41.7, "selection_score": 79.6, "crash_window": "2019-2025" }, "geometry": { "type": "Point", "coordinates": [ -79.986609242449248, 40.391338955895648, 681274432.0 ] } },
{ "type": "Feature", "properties": { "candidate_id": "signal_1041996339", "name": "TS256", "operation_type": "Fixed", "flash_time": "", "flash_yellow": "MURRAY AVE", "id": 1041996339, "description": "Darlington Rd - Murray Ave", "traffic_count": 2, "crosswalk_count": 5, "hin_count": 0, "crash_count": 26, "injury_crash_count": 12, "severe_crash_count": 0, "vru_crash_count": 7, "fatalities": 0, "injuries": 16, "coverage_points": 90, "coverage_score_pre_osm": 100.0, "osm_status": "not_assessed", "safety_priority_score": 41.2, "selection_score": 79.4, "crash_window": "2019-2025" }, "geometry": { "type": "Point", "coordinates": [ -79.922930553753446, 40.436981952195005, 1041996339.0 ] } },
{ "type": "Feature", "properties": { "candidate_id": "signal_592917029", "name": "TS392", "operation_type": "Fixed", "flash_time": "24 Hr stop and go", "flash_yellow": "HAMILTON AVE", "id": 592917029, "description": "Hamilton Ave - Homewood Ave", "traffic_count": 1, "crosswalk_count": 4, "hin_count": 1, "crash_count": 21, "injury_crash_count": 12, "severe_crash_count": 0, "vru_crash_count": 1, "fatalities": 0, "injuries": 22, "coverage_points": 90, "coverage_score_pre_osm": 100.0, "osm_status": "not_assessed", "safety_priority_score": 41.1, "selection_score": 79.4, "crash_window": "2019-2025" }, "geometry": { "type": "Point", "coordinates": [ -79.897528040861516, 40.454636148305134, 592917029.0 ] } },
{ "type": "Feature", "properties": { "candidate_id": "signal_330802691", "name": "TS456", "operation_type": "Semi Actuated", "flash_time": "24 Hr stop and go", "flash_yellow": "PENN AVE", "id": 330802691, "description": "Mathilda St - Penn Ave (OSM)", "traffic_count": 4, "crosswalk_count": 4, "hin_count": 1, "crash_count": 23, "injury_crash_count": 8, "severe_crash_count": 0, "vru_crash_count": 2, "fatalities": 0, "injuries": 12, "coverage_points": 90, "coverage_score_pre_osm": 100.0, "osm_status": "not_assessed", "safety_priority_score": 40.6, "selection_score": 79.2, "crash_window": "2019-2025" }, "geometry": { "type": "Point", "coordinates": [ -79.94644935923256, 40.465474430762825, 330802691.0 ] } },
{ "type": "Feature", "properties": { "candidate_id": "signal_519788769", "name": "TS277", "operation_type": "Fixed / Ped Actuated", "flash_time": "23:00 - 06:00", "flash_yellow": "FRIENDSHIP AVE", "id": 519788769, "description": "Edmond St - Friendship Ave", "traffic_count": 1, "crosswalk_count": 4, "hin_count": 0, "crash_count": 21, "injury_crash_count": 9, "severe_crash_count": 1, "vru_crash_count": 3, "fatalities": 0, "injuries": 9, "coverage_points": 90, "coverage_score_pre_osm": 100.0, "osm_status": "not_assessed", "safety_priority_score": 40.5, "selection_score": 79.2, "crash_window": "2019-2025" }, "geometry": { "type": "Point", "coordinates": [ -79.947816954870248, 40.462871385492136, 519788769.0 ] } },
{ "type": "Feature", "properties": { "candidate_id": "signal_197122036", "name": "TS147", "operation_type": "Fully Actuated", "flash_time": "24 Hr stop and go", "flash_yellow": "BRIGHTON RD", "id": 197122036, "description": "Brighton Rd - Schimmer St - Westborn St", "traffic_count": 2, "crosswalk_count": 3, "hin_count": 1, "crash_count": 16, "injury_crash_count": 6, "severe_crash_count": 1, "vru_crash_count": 1, "fatalities": 0, "injuries": 8, "coverage_points": 90, "coverage_score_pre_osm": 100.0, "osm_status": "not_assessed", "safety_priority_score": 40.2, "selection_score": 79.1, "crash_window": "2019-2025" }, "geometry": { "type": "Point", "coordinates": [ -80.028796094154501, 40.473659478621798, 197122036.0 ] } },
{ "type": "Feature", "properties": { "candidate_id": "signal_872568642", "name": "TS607", "operation_type": "Fully Actuated", "flash_time": "00:00 - 06:00", "flash_yellow": "EAST ST", "id": 872568642, "description": "East St - Venture St", "traffic_count": 1, "crosswalk_count": 2, "hin_count": 0, "crash_count": 46, "injury_crash_count": 16, "severe_crash_count": 0, "vru_crash_count": 0, "fatalities": 0, "injuries": 19, "coverage_points": 90, "coverage_score_pre_osm": 100.0, "osm_status": "not_assessed", "safety_priority_score": 39.9, "selection_score": 79.0, "crash_window": "2019-2025" }, "geometry": { "type": "Point", "coordinates": [ -80.009539588535176, 40.485339796056238, 872568642.0 ] } },
{ "type": "Feature", "properties": { "candidate_id": "signal_1292633636", "name": "TS51", "operation_type": "Fixed", "flash_time": "23:00 - 06:00", "flash_yellow": "PENN AVE", "id": 1292633636, "description": "Atlantic Ave - Penn Ave", "traffic_count": 1, "crosswalk_count": 4, "hin_count": 1, "crash_count": 22, "injury_crash_count": 7, "severe_crash_count": 0, "vru_crash_count": 2, "fatalities": 0, "injuries": 10, "coverage_points": 90, "coverage_score_pre_osm": 100.0, "osm_status": "not_assessed", "safety_priority_score": 39.1, "selection_score": 78.7, "crash_window": "2019-2025" }, "geometry": { "type": "Point", "coordinates": [ -79.938610937193587, 40.464569812394053, 1292633636.0 ] } },
{ "type": "Feature", "properties": { "candidate_id": "signal_336310886", "name": "TS305", "operation_type": "Fixed", "flash_time": "24 Hr stop and go", "flash_yellow": "FIFTH AVE", "id": 336310886, "description": "Fifth Ave - Maryland Ave", "traffic_count": 2, "crosswalk_count": 2, "hin_count": 1, "crash_count": 11, "injury_crash_count": 5, "severe_crash_count": 1, "vru_crash_count": 2, "fatalities": 0, "injuries": 6, "coverage_points": 90, "coverage_score_pre_osm": 100.0, "osm_status": "not_assessed", "safety_priority_score": 38.6, "selection_score": 78.5, "crash_window": "2019-2025" }, "geometry": { "type": "Point", "coordinates": [ -79.927510986581211, 40.450521910726941, 336310886.0 ] } },
{ "type": "Feature", "properties": { "candidate_id": "signal_1181991901", "name": "TS614", "operation_type": "Fully Actuated", "flash_time": "0:00-6:00", "flash_yellow": "CORLISS ST", "id": 1181991901, "description": "Chartiers Ave - Corliss St", "traffic_count": 1, "crosswalk_count": 3, "hin_count": 1, "crash_count": 19, "injury_crash_count": 10, "severe_crash_count": 0, "vru_crash_count": 1, "fatalities": 0, "injuries": 12, "coverage_points": 90, "coverage_score_pre_osm": 100.0, "osm_status": "not_assessed", "safety_priority_score": 38.3, "selection_score": 78.4, "crash_window": "2019-2025" }, "geometry": { "type": "Point", "coordinates": [ -80.045091498823297, 40.450297377718648, 1181991901.0 ] } },
{ "type": "Feature", "properties": { "candidate_id": "signal_924762073", "name": "TS79", "operation_type": "Fixed", "flash_time": "24 Hr stop and go", "flash_yellow": "BAYARD ST", "id": 924762073, "description": "Bayard St - Neville St", "traffic_count": 1, "crosswalk_count": 4, "hin_count": 1, "crash_count": 23, "injury_crash_count": 10, "severe_crash_count": 0, "vru_crash_count": 0, "fatalities": 0, "injuries": 11, "coverage_points": 90, "coverage_score_pre_osm": 100.0, "osm_status": "not_assessed", "safety_priority_score": 37.4, "selection_score": 78.1, "crash_window": "2019-2025" }, "geometry": { "type": "Point", "coordinates": [ -79.948754410200451, 40.450399884032208, 924762073.0 ] } },
{ "type": "Feature", "properties": { "candidate_id": "signal_1732134566", "name": "TS94", "operation_type": "Fixed", "flash_time": "24 Hr stop and go", "flash_yellow": "FORBES AVE", "id": 1732134566, "description": "Beechwood Blvd - Forbes Ave", "traffic_count": 2, "crosswalk_count": 4, "hin_count": 0, "crash_count": 15, "injury_crash_count": 8, "severe_crash_count": 1, "vru_crash_count": 4, "fatalities": 0, "injuries": 10, "coverage_points": 90, "coverage_score_pre_osm": 100.0, "osm_status": "not_assessed", "safety_priority_score": 37.4, "selection_score": 78.1, "crash_window": "2019-2025" }, "geometry": { "type": "Point", "coordinates": [ -79.916148512310201, 40.438043725168704, 1732134566.0 ] } },
{ "type": "Feature", "properties": { "candidate_id": "signal_960549217", "name": "TS474", "operation_type": "Semi Actuated", "flash_time": "24 Hr stop and go", "flash_yellow": "N NEGLEY AVE", "id": 960549217, "description": "Negley Ave - Stanton Ave", "traffic_count": 2, "crosswalk_count": 4, "hin_count": 2, "crash_count": 18, "injury_crash_count": 7, "severe_crash_count": 0, "vru_crash_count": 2, "fatalities": 0, "injuries": 10, "coverage_points": 90, "coverage_score_pre_osm": 100.0, "osm_status": "not_assessed", "safety_priority_score": 36.8, "selection_score": 77.9, "crash_window": "2019-2025" }, "geometry": { "type": "Point", "coordinates": [ -79.926280225022538, 40.471529857611785, 960549217.0 ] } },
{ "type": "Feature", "properties": { "candidate_id": "signal_1876425348", "name": "TS509", "operation_type": "Fixed", "flash_time": "24 Hr stop and go", "flash_yellow": "SHADY AVE", "id": 1876425348, "description": "Phillips Ave - Shady Ave - Tilbury Ave", "traffic_count": 1, "crosswalk_count": 5, "hin_count": 1, "crash_count": 29, "injury_crash_count": 5, "severe_crash_count": 0, "vru_crash_count": 1, "fatalities": 0, "injuries": 7, "coverage_points": 90, "coverage_score_pre_osm": 100.0, "osm_status": "not_assessed", "safety_priority_score": 36.7, "selection_score": 77.8, "crash_window": "2019-2025" }, "geometry": { "type": "Point", "coordinates": [ -79.9182554483762, 40.432304473519153, 1876425348.0 ] } },
{ "type": "Feature", "properties": { "candidate_id": "signal_1053879201", "name": "TS510", "operation_type": "Fixed", "flash_time": "23:00 - 06:00", "flash_yellow": "WIGHTMAN ST", "id": 1053879201, "description": "Phillips Ave - Wightman St", "traffic_count": 1, "crosswalk_count": 4, "hin_count": 1, "crash_count": 10, "injury_crash_count": 5, "severe_crash_count": 1, "vru_crash_count": 1, "fatalities": 0, "injuries": 5, "coverage_points": 90, "coverage_score_pre_osm": 100.0, "osm_status": "not_assessed", "safety_priority_score": 35.7, "selection_score": 77.5, "crash_window": "2019-2025" }, "geometry": { "type": "Point", "coordinates": [ -79.9274972706543, 40.431030369544118, 1053879201.0 ] } },
{ "type": "Feature", "properties": { "candidate_id": "signal_583715480", "name": "TS233", "operation_type": "Fixed", "flash_time": "24 Hr stop and go", "flash_yellow": "STANTON AVE", "id": 583715480, "description": "Chislett St - Stanton Ave", "traffic_count": 1, "crosswalk_count": 4, "hin_count": 1, "crash_count": 18, "injury_crash_count": 6, "severe_crash_count": 0, "vru_crash_count": 2, "fatalities": 0, "injuries": 8, "coverage_points": 90, "coverage_score_pre_osm": 100.0, "osm_status": "not_assessed", "safety_priority_score": 35.6, "selection_score": 77.5, "crash_window": "2019-2025" }, "geometry": { "type": "Point", "coordinates": [ -79.930742850538152, 40.473260496989894, 583715480.0 ] } },
{ "type": "Feature", "properties": { "candidate_id": "signal_232081543", "name": "TS554", "operation_type": "Fixed", "flash_time": "00:00 - 06:00", "flash_yellow": "FIFTH AVE", "id": 232081543, "description": "Fifth Ave - Jumonville St", "traffic_count": 1, "crosswalk_count": 3, "hin_count": 1, "crash_count": 23, "injury_crash_count": 8, "severe_crash_count": 0, "vru_crash_count": 0, "fatalities": 0, "injuries": 8, "coverage_points": 90, "coverage_score_pre_osm": 100.0, "osm_status": "not_assessed", "safety_priority_score": 35.1, "selection_score": 77.3, "crash_window": "2019-2025" }, "geometry": { "type": "Point", "coordinates": [ -79.977667896752223, 40.438242163856437, 232081543.0 ] } },
{ "type": "Feature", "properties": { "candidate_id": "signal_1949317724", "name": "TS78", "operation_type": "Fixed", "flash_time": "24 Hr stop and go", "flash_yellow": "BAYARD ST", "id": 1949317724, "description": "Bayard St - Morewood Ave", "traffic_count": 2, "crosswalk_count": 4, "hin_count": 1, "crash_count": 14, "injury_crash_count": 6, "severe_crash_count": 0, "vru_crash_count": 3, "fatalities": 0, "injuries": 9, "coverage_points": 90, "coverage_score_pre_osm": 100.0, "osm_status": "not_assessed", "safety_priority_score": 35.1, "selection_score": 77.3, "crash_window": "2019-2025" }, "geometry": { "type": "Point", "coordinates": [ -79.943366374864269, 40.451818720424605, 1949317724.0 ] } },
{ "type": "Feature", "properties": { "candidate_id": "signal_1787369165", "name": "TS290", "operation_type": "Semi Actuated", "flash_time": "24 Hr stop and go", "flash_yellow": "PENN AVE", "id": 1787369165, "description": "Evaline St - Penn Ave", "traffic_count": 1, "crosswalk_count": 7, "hin_count": 1, "crash_count": 20, "injury_crash_count": 6, "severe_crash_count": 0, "vru_crash_count": 1, "fatalities": 0, "injuries": 6, "coverage_points": 90, "coverage_score_pre_osm": 100.0, "osm_status": "not_assessed", "safety_priority_score": 34.3, "selection_score": 77.0, "crash_window": "2019-2025" }, "geometry": { "type": "Point", "coordinates": [ -79.941138387669653, 40.464753098406668, 1787369165.0 ] } },
{ "type": "Feature", "properties": { "candidate_id": "signal_854480118", "name": "TSF154", "operation_type": "", "flash_time": "", "flash_yellow": "", "id": 854480118, "description": "RRFB - Shady and Pittock", "traffic_count": 1, "crosswalk_count": 2, "hin_count": 1, "crash_count": 22, "injury_crash_count": 13, "severe_crash_count": 3, "vru_crash_count": 5, "fatalities": 0, "injuries": 15, "coverage_points": 75, "coverage_score_pre_osm": 83.3, "osm_status": "not_assessed", "safety_priority_score": 65.2, "selection_score": 77.0, "crash_window": "2019-2025" }, "geometry": { "type": "Point", "coordinates": [ -79.92032568511874, 40.429971879837758, 854480118.0 ] } },
{ "type": "Feature", "properties": { "candidate_id": "signal_908687903", "name": "TS541", "operation_type": "Fixed", "flash_time": "24 Hr stop and go", "flash_yellow": "WILKINS AVE", "id": 908687903, "description": "Wightman St - Wilkins Ave", "traffic_count": 1, "crosswalk_count": 4, "hin_count": 1, "crash_count": 15, "injury_crash_count": 6, "severe_crash_count": 0, "vru_crash_count": 2, "fatalities": 0, "injuries": 6, "coverage_points": 90, "coverage_score_pre_osm": 100.0, "osm_status": "not_assessed", "safety_priority_score": 34.0, "selection_score": 76.9, "crash_window": "2019-2025" }, "geometry": { "type": "Point", "coordinates": [ -79.927928184860406, 40.444129225964261, 908687903.0 ] } },
{ "type": "Feature", "properties": { "candidate_id": "signal_2061627559", "name": "TS665", "operation_type": "Semi Actuated", "flash_time": "24 Hr stop and go", "flash_yellow": "FRIENDSHIP AVE", "id": 2061627559, "description": "Friendship Ave - Howley St", "traffic_count": 1, "crosswalk_count": 3, "hin_count": 0, "crash_count": 33, "injury_crash_count": 6, "severe_crash_count": 0, "vru_crash_count": 3, "fatalities": 0, "injuries": 6, "coverage_points": 90, "coverage_score_pre_osm": 100.0, "osm_status": "not_assessed", "safety_priority_score": 33.9, "selection_score": 76.9, "crash_window": "2019-2025" }, "geometry": { "type": "Point", "coordinates": [ -79.951315020812643, 40.465215751673654, 2061627559.0 ] } },
{ "type": "Feature", "properties": { "candidate_id": "signal_688688248", "name": "TS286", "operation_type": "Fixed", "flash_time": "24 Hr stop and go", "flash_yellow": "ELLSWORTH AVE", "id": 688688248, "description": "Ellsworth Ave -  Morewood Ave", "traffic_count": 1, "crosswalk_count": 4, "hin_count": 1, "crash_count": 11, "injury_crash_count": 6, "severe_crash_count": 0, "vru_crash_count": 3, "fatalities": 0, "injuries": 9, "coverage_points": 90, "coverage_score_pre_osm": 100.0, "osm_status": "not_assessed", "safety_priority_score": 33.5, "selection_score": 76.7, "crash_window": "2019-2025" }, "geometry": { "type": "Point", "coordinates": [ -79.943053378912253, 40.450884123813324, 688688248.0 ] } },
{ "type": "Feature", "properties": { "candidate_id": "signal_1751436229", "name": "TS5", "operation_type": "Fixed", "flash_time": "23:00 - 6:00", "flash_yellow": "", "id": 1751436229, "description": "Aiken Ave - Friendship Ave", "traffic_count": 1, "crosswalk_count": 4, "hin_count": 0, "crash_count": 19, "injury_crash_count": 5, "severe_crash_count": 1, "vru_crash_count": 2, "fatalities": 0, "injuries": 5, "coverage_points": 90, "coverage_score_pre_osm": 100.0, "osm_status": "not_assessed", "safety_priority_score": 32.8, "selection_score": 76.5, "crash_window": "2019-2025" }, "geometry": { "type": "Point", "coordinates": [ -79.937627108582632, 40.461906188773398, 1751436229.0 ] } },
{ "type": "Feature", "properties": { "candidate_id": "signal_1563096966", "name": "TSF150", "operation_type": "", "flash_time": "", "flash_yellow": "", "id": 1563096966, "description": "RRFB - Chateau and Juniata", "traffic_count": 1, "crosswalk_count": 4, "hin_count": 0, "crash_count": 48, "injury_crash_count": 15, "severe_crash_count": 4, "vru_crash_count": 2, "fatalities": 3, "injuries": 21, "coverage_points": 75, "coverage_score_pre_osm": 83.3, "osm_status": "not_assessed", "safety_priority_score": 63.0, "selection_score": 76.2, "crash_window": "2019-2025" }, "geometry": { "type": "Point", "coordinates": [ -80.029121497188072, 40.456449215309334, 1563096966.0 ] } },
{ "type": "Feature", "properties": { "candidate_id": "signal_1761971183", "name": "TS341", "operation_type": "Fixed", "flash_time": "24 Hr stop and go", "flash_yellow": "FORBES AVE", "id": 1761971183, "description": "Forbes Ave - Wightman St", "traffic_count": 2, "crosswalk_count": 3, "hin_count": 2, "crash_count": 10, "injury_crash_count": 6, "severe_crash_count": 0, "vru_crash_count": 2, "fatalities": 0, "injuries": 7, "coverage_points": 90, "coverage_score_pre_osm": 100.0, "osm_status": "not_assessed", "safety_priority_score": 31.4, "selection_score": 76.0, "crash_window": "2019-2025" }, "geometry": { "type": "Point", "coordinates": [ -79.927717463900109, 40.438047232625344, 1761971183.0 ] } },
{ "type": "Feature", "properties": { "candidate_id": "signal_2037977315", "name": "TS333", "operation_type": "Fixed / Ped Actuated", "flash_time": "24 Hr stop and go", "flash_yellow": "FORBES AVE", "id": 2037977315, "description": "Forbes Ave - Murray Ave", "traffic_count": 1, "crosswalk_count": 4, "hin_count": 1, "crash_count": 17, "injury_crash_count": 5, "severe_crash_count": 0, "vru_crash_count": 1, "fatalities": 0, "injuries": 8, "coverage_points": 90, "coverage_score_pre_osm": 100.0, "osm_status": "not_assessed", "safety_priority_score": 31.3, "selection_score": 76.0, "crash_window": "2019-2025" }, "geometry": { "type": "Point", "coordinates": [ -79.922986968402455, 40.438064034912756, 2037977315.0 ] } },
{ "type": "Feature", "properties": { "candidate_id": "signal_865247784", "name": "TS375", "operation_type": "Fixed", "flash_time": "23:00 - 06:00", "flash_yellow": "FRIENDSHIP AVE", "id": 865247784, "description": "Friendship Ave - Roup Ave", "traffic_count": 2, "crosswalk_count": 4, "hin_count": 0, "crash_count": 26, "injury_crash_count": 6, "severe_crash_count": 0, "vru_crash_count": 3, "fatalities": 0, "injuries": 6, "coverage_points": 90, "coverage_score_pre_osm": 100.0, "osm_status": "not_assessed", "safety_priority_score": 31.2, "selection_score": 75.9, "crash_window": "2019-2025" }, "geometry": { "type": "Point", "coordinates": [ -79.93506353415404, 40.46161676713163, 865247784.0 ] } },
{ "type": "Feature", "properties": { "candidate_id": "signal_545142627", "name": "TS475", "operation_type": "Fixed", "flash_time": "24 Hr stop and go", "flash_yellow": "S NEGLEY AVE", "id": 545142627, "description": "Negley Ave - Walnut St", "traffic_count": 1, "crosswalk_count": 4, "hin_count": 1, "crash_count": 16, "injury_crash_count": 5, "severe_crash_count": 0, "vru_crash_count": 1, "fatalities": 0, "injuries": 7, "coverage_points": 90, "coverage_score_pre_osm": 100.0, "osm_status": "not_assessed", "safety_priority_score": 30.8, "selection_score": 75.8, "crash_window": "2019-2025" }, "geometry": { "type": "Point", "coordinates": [ -79.930982375978047, 40.452069803080683, 545142627.0 ] } },
{ "type": "Feature", "properties": { "candidate_id": "signal_1338578659", "name": "TS713", "operation_type": "Fixed", "flash_time": "24 Hour Stop & Go", "flash_yellow": "FORBES AVE", "id": 1338578659, "description": "Forbes Ave - Gist St", "traffic_count": 2, "crosswalk_count": 4, "hin_count": 0, "crash_count": 29, "injury_crash_count": 8, "severe_crash_count": 0, "vru_crash_count": 1, "fatalities": 0, "injuries": 9, "coverage_points": 90, "coverage_score_pre_osm": 100.0, "osm_status": "not_assessed", "safety_priority_score": 30.4, "selection_score": 75.6, "crash_window": "2019-2025" }, "geometry": { "type": "Point", "coordinates": [ -79.979525840482694, 40.437448316379346, 1338578659.0 ] } },
{ "type": "Feature", "properties": { "candidate_id": "signal_1155067887", "name": "TS144", "operation_type": "Fixed", "flash_time": "23:00-6:00", "flash_yellow": "BRIGHTON RD", "id": 1155067887, "description": "Brighton Rd - Jacksonia St", "traffic_count": 1, "crosswalk_count": 3, "hin_count": 1, "crash_count": 15, "injury_crash_count": 5, "severe_crash_count": 0, "vru_crash_count": 1, "fatalities": 0, "injuries": 5, "coverage_points": 90, "coverage_score_pre_osm": 100.0, "osm_status": "not_assessed", "safety_priority_score": 30.3, "selection_score": 75.6, "crash_window": "2019-2025" }, "geometry": { "type": "Point", "coordinates": [ -80.015577142652717, 40.456804918635044, 1155067887.0 ] } },
{ "type": "Feature", "properties": { "candidate_id": "signal_426094024", "name": "TS616", "operation_type": "Fixed", "flash_time": "23:00 - 06:00", "flash_yellow": "FRIENDSHIP AVE", "id": 426094024, "description": "Friendship Ave - Pearl St", "traffic_count": 1, "crosswalk_count": 5, "hin_count": 0, "crash_count": 13, "injury_crash_count": 7, "severe_crash_count": 1, "vru_crash_count": 1, "fatalities": 0, "injuries": 7, "coverage_points": 90, "coverage_score_pre_osm": 100.0, "osm_status": "not_assessed", "safety_priority_score": 29.9, "selection_score": 75.5, "crash_window": "2019-2025" }, "geometry": { "type": "Point", "coordinates": [ -79.948937629238344, 40.463517139702667, 426094024.0 ] } },
{ "type": "Feature", "properties": { "candidate_id": "signal_1252587291", "name": "TS81", "operation_type": "Fully Actuated", "flash_time": "24 Hr stop and go", "flash_yellow": "EVERGREEN RD", "id": 1252587291, "description": "Baytree St - Evergreen Rd", "traffic_count": 1, "crosswalk_count": 3, "hin_count": 0, "crash_count": 27, "injury_crash_count": 11, "severe_crash_count": 0, "vru_crash_count": 0, "fatalities": 0, "injuries": 13, "coverage_points": 90, "coverage_score_pre_osm": 100.0, "osm_status": "not_assessed", "safety_priority_score": 29.9, "selection_score": 75.5, "crash_window": "2019-2025" }, "geometry": { "type": "Point", "coordinates": [ -80.010155204448552, 40.488456688450967, 1252587291.0 ] } },
{ "type": "Feature", "properties": { "candidate_id": "signal_307759113", "name": "TS63", "operation_type": "Fixed", "flash_time": "24 Hr stop and go", "flash_yellow": "PERRYSVILLE AVE", "id": 307759113, "description": "Bascom St - Perrysville Ave - Vinceton St", "traffic_count": 1, "crosswalk_count": 5, "hin_count": 1, "crash_count": 12, "injury_crash_count": 4, "severe_crash_count": 0, "vru_crash_count": 2, "fatalities": 0, "injuries": 6, "coverage_points": 90, "coverage_score_pre_osm": 100.0, "osm_status": "not_assessed", "safety_priority_score": 29.8, "selection_score": 75.4, "crash_window": "2019-2025" }, "geometry": { "type": "Point", "coordinates": [ -80.021801147946519, 40.492786562719324, 307759113.0 ] } },
{ "type": "Feature", "properties": { "candidate_id": "signal_1169419580", "name": "TS528", "operation_type": "Fixed", "flash_time": "24 Hr stop and go", "flash_yellow": "SHADY AVE", "id": 1169419580, "description": "Shady Ave - Walnut St", "traffic_count": 1, "crosswalk_count": 4, "hin_count": 1, "crash_count": 17, "injury_crash_count": 6, "severe_crash_count": 0, "vru_crash_count": 0, "fatalities": 0, "injuries": 10, "coverage_points": 90, "coverage_score_pre_osm": 100.0, "osm_status": "not_assessed", "safety_priority_score": 29.6, "selection_score": 75.4, "crash_window": "2019-2025" }, "geometry": { "type": "Point", "coordinates": [ -79.922548761223695, 40.455869681866339, 1169419580.0 ] } },
{ "type": "Feature", "properties": { "candidate_id": "signal_970112126", "name": "TSF54", "operation_type": "", "flash_time": "", "flash_yellow": "", "id": 970112126, "description": "WASHINGTON EDUCATION  [CLOSED]", "traffic_count": 1, "crosswalk_count": 1, "hin_count": 0, "crash_count": 83, "injury_crash_count": 26, "severe_crash_count": 0, "vru_crash_count": 7, "fatalities": 0, "injuries": 29, "coverage_points": 75, "coverage_score_pre_osm": 83.3, "osm_status": "not_assessed", "safety_priority_score": 60.4, "selection_score": 75.3, "crash_window": "2019-2025" }, "geometry": { "type": "Point", "coordinates": [ -79.962777055182158, 40.469528079603322, 970112126.0 ] } },
{ "type": "Feature", "properties": { "candidate_id": "signal_1417293667", "name": "TS142", "operation_type": "Fixed / Ped Actuated", "flash_time": "24 Hr stop and go", "flash_yellow": "BRIGHTON RD", "id": 1417293667, "description": "Brighton Rd - California Ave - Charles St", "traffic_count": 1, "crosswalk_count": 8, "hin_count": 1, "crash_count": 11, "injury_crash_count": 5, "severe_crash_count": 0, "vru_crash_count": 1, "fatalities": 0, "injuries": 5, "coverage_points": 90, "coverage_score_pre_osm": 100.0, "osm_status": "not_assessed", "safety_priority_score": 28.1, "selection_score": 74.8, "crash_window": "2019-2025" }, "geometry": { "type": "Point", "coordinates": [ -80.017072936864608, 40.459663583901829, 1417293667.0 ] } },
{ "type": "Feature", "properties": { "candidate_id": "signal_1343464850", "name": "TS274", "operation_type": "Fully Actuated", "flash_time": "24 Hr stop and go", "flash_yellow": "E LIBERTY BLVD", "id": 1343464850, "description": "Centre Ave - East Liberty Blvd - Negley Run Blvd", "traffic_count": 2, "crosswalk_count": 7, "hin_count": 1, "crash_count": 13, "injury_crash_count": 4, "severe_crash_count": 0, "vru_crash_count": 1, "fatalities": 0, "injuries": 4, "coverage_points": 90, "coverage_score_pre_osm": 100.0, "osm_status": "not_assessed", "safety_priority_score": 27.9, "selection_score": 74.8, "crash_window": "2019-2025" }, "geometry": { "type": "Point", "coordinates": [ -79.919907337894287, 40.465077970234056, 1343464850.0 ] } },
{ "type": "Feature", "properties": { "candidate_id": "signal_1802655427", "name": "TS50", "operation_type": "Fixed", "flash_time": "23:00 - 06:00", "flash_yellow": "FRIENDSHIP AVE", "id": 1802655427, "description": "Atlantic Ave - Friendship Ave", "traffic_count": 2, "crosswalk_count": 4, "hin_count": 0, "crash_count": 12, "injury_crash_count": 4, "severe_crash_count": 1, "vru_crash_count": 2, "fatalities": 0, "injuries": 4, "coverage_points": 90, "coverage_score_pre_osm": 100.0, "osm_status": "not_assessed", "safety_priority_score": 27.8, "selection_score": 74.7, "crash_window": "2019-2025" }, "geometry": { "type": "Point", "coordinates": [ -79.938954580069847, 40.462004450109319, 1802655427.0 ] } },
{ "type": "Feature", "properties": { "candidate_id": "signal_993149963", "name": "TS6", "operation_type": "Fixed", "flash_time": "23:00 - 6:00", "flash_yellow": "", "id": 993149963, "description": "Aiken Ave - Penn Ave", "traffic_count": 1, "crosswalk_count": 4, "hin_count": 1, "crash_count": 14, "injury_crash_count": 5, "severe_crash_count": 0, "vru_crash_count": 0, "fatalities": 0, "injuries": 6, "coverage_points": 90, "coverage_score_pre_osm": 100.0, "osm_status": "not_assessed", "safety_priority_score": 26.7, "selection_score": 74.3, "crash_window": "2019-2025" }, "geometry": { "type": "Point", "coordinates": [ -79.936444100566149, 40.464683579908453, 993149963.0 ] } },
{ "type": "Feature", "properties": { "candidate_id": "signal_1159606674", "name": "TS114", "operation_type": "Fixed / Ped Actuated", "flash_time": "24 Hr stop and go", "flash_yellow": "BRIGHTON RD", "id": 1159606674, "description": "Benton Ave - Brighton  Rd (OSM)", "traffic_count": 1, "crosswalk_count": 4, "hin_count": 0, "crash_count": 26, "injury_crash_count": 8, "severe_crash_count": 0, "vru_crash_count": 0, "fatalities": 0, "injuries": 12, "coverage_points": 90, "coverage_score_pre_osm": 100.0, "osm_status": "not_assessed", "safety_priority_score": 26.4, "selection_score": 74.2, "crash_window": "2019-2025" }, "geometry": { "type": "Point", "coordinates": [ -80.035823373424506, 40.48431934311516, 1159606674.0 ] } },
{ "type": "Feature", "properties": { "candidate_id": "signal_1190277941", "name": "TS291", "operation_type": "Fully Actuated", "flash_time": "24 Hr stop and go", "flash_yellow": "MCKNIGHT RD", "id": 1190277941, "description": "Evergreen Rd - Mcknight Rd", "traffic_count": 1, "crosswalk_count": 2, "hin_count": 0, "crash_count": 32, "injury_crash_count": 6, "severe_crash_count": 0, "vru_crash_count": 0, "fatalities": 0, "injuries": 7, "coverage_points": 90, "coverage_score_pre_osm": 100.0, "osm_status": "not_assessed", "safety_priority_score": 26.4, "selection_score": 74.2, "crash_window": "2019-2025" }, "geometry": { "type": "Point", "coordinates": [ -80.011415773904986, 40.49305386302602, 1190277941.0 ] } },
{ "type": "Feature", "properties": { "candidate_id": "signal_47255719", "name": "TS459", "operation_type": "Fixed", "flash_time": "24 Hr stop and go", "flash_yellow": "MERRIMAC ST", "id": 47255719, "description": "Merrimac St - Virginia Ave", "traffic_count": 2, "crosswalk_count": 4, "hin_count": 0, "crash_count": 16, "injury_crash_count": 5, "severe_crash_count": 1, "vru_crash_count": 0, "fatalities": 0, "injuries": 6, "coverage_points": 90, "coverage_score_pre_osm": 100.0, "osm_status": "not_assessed", "safety_priority_score": 25.8, "selection_score": 74.0, "crash_window": "2019-2025" }, "geometry": { "type": "Point", "coordinates": [ -80.013704031317815, 40.431722835803271, 47255719.0 ] } },
{ "type": "Feature", "properties": { "candidate_id": "signal_1620044783", "name": "TS335", "operation_type": "Fixed", "flash_time": "24 Hr stop and go", "flash_yellow": "ROSS ST", "id": 1620044783, "description": "Forbes Ave - Ross St", "traffic_count": 0, "crosswalk_count": 7, "hin_count": 1, "crash_count": 123, "injury_crash_count": 60, "severe_crash_count": 5, "vru_crash_count": 19, "fatalities": 0, "injuries": 77, "coverage_points": 55, "coverage_score_pre_osm": 61.1, "osm_status": "not_assessed", "safety_priority_score": 97.9, "selection_score": 74.0, "crash_window": "2019-2025" }, "geometry": { "type": "Point", "coordinates": [ -79.996058991477952, 40.438235567053702, 1620044783.0 ] } },
{ "type": "Feature", "properties": { "candidate_id": "signal_1538823462", "name": "TS596", "operation_type": "Semi Actuated", "flash_time": "24 Hr stop and go", "flash_yellow": "SECOND AVE", "id": 1538823462, "description": "Famco - Second Ave", "traffic_count": 0, "crosswalk_count": 5, "hin_count": 1, "crash_count": 180, "injury_crash_count": 43, "severe_crash_count": 7, "vru_crash_count": 11, "fatalities": 2, "injuries": 47, "coverage_points": 55, "coverage_score_pre_osm": 61.1, "osm_status": "not_assessed", "safety_priority_score": 97.4, "selection_score": 73.8, "crash_window": "2019-2025" }, "geometry": { "type": "Point", "coordinates": [ -79.995714132554269, 40.436051246574522, 1538823462.0 ] } },
{ "type": "Feature", "properties": { "candidate_id": "signal_1408041440", "name": "TS313", "operation_type": "Fixed", "flash_time": "24 Hr stop and go", "flash_yellow": "SIXTH AVE", "id": 1408041440, "description": "Fifth Ave - Sixth Ave", "traffic_count": 0, "crosswalk_count": 9, "hin_count": 1, "crash_count": 140, "injury_crash_count": 56, "severe_crash_count": 4, "vru_crash_count": 10, "fatalities": 0, "injuries": 78, "coverage_points": 55, "coverage_score_pre_osm": 61.1, "osm_status": "not_assessed", "safety_priority_score": 96.0, "selection_score": 73.3, "crash_window": "2019-2025" }, "geometry": { "type": "Point", "coordinates": [ -79.99466520096658, 40.438954956598444, 1408041440.0 ] } },
{ "type": "Feature", "properties": { "candidate_id": "signal_1254801023", "name": "TS587", "operation_type": "Fixed", "flash_time": "24 Hr stop and go", "flash_yellow": "ROSS ST", "id": 1254801023, "description": "Fifth Ave - Ross St", "traffic_count": 0, "crosswalk_count": 7, "hin_count": 1, "crash_count": 108, "injury_crash_count": 55, "severe_crash_count": 4, "vru_crash_count": 15, "fatalities": 0, "injuries": 71, "coverage_points": 55, "coverage_score_pre_osm": 61.1, "osm_status": "not_assessed", "safety_priority_score": 96.0, "selection_score": 73.3, "crash_window": "2019-2025" }, "geometry": { "type": "Point", "coordinates": [ -79.99560120596675, 40.439003787511133, 1254801023.0 ] } },
{ "type": "Feature", "properties": { "candidate_id": "signal_643133511", "name": "TS640", "operation_type": "Semi Actuated", "flash_time": "24 Hr stop and go", "flash_yellow": "SECOND AVE", "id": 643133511, "description": "Municipal Courts Dr - Second Ave", "traffic_count": 0, "crosswalk_count": 6, "hin_count": 1, "crash_count": 204, "injury_crash_count": 46, "severe_crash_count": 6, "vru_crash_count": 6, "fatalities": 2, "injuries": 55, "coverage_points": 55, "coverage_score_pre_osm": 61.1, "osm_status": "not_assessed", "safety_priority_score": 95.6, "selection_score": 73.2, "crash_window": "2019-2025" }, "geometry": { "type": "Point", "coordinates": [ -79.994784636475174, 40.435686148490504, 643133511.0 ] } },
{ "type": "Feature", "properties": { "candidate_id": "signal_207963309", "name": "TS378", "operation_type": "Fixed", "flash_time": "23:00-6:00", "flash_yellow": "WESTERN AVE", "id": 207963309, "description": "Galveston Ave - Western Ave", "traffic_count": 2, "crosswalk_count": 4, "hin_count": 0, "crash_count": 13, "injury_crash_count": 4, "severe_crash_count": 1, "vru_crash_count": 0, "fatalities": 0, "injuries": 7, "coverage_points": 90, "coverage_score_pre_osm": 100.0, "osm_status": "not_assessed", "safety_priority_score": 23.0, "selection_score": 73.0, "crash_window": "2019-2025" }, "geometry": { "type": "Point", "coordinates": [ -80.016528561844851, 40.451969537674593, 207963309.0 ] } },
{ "type": "Feature", "properties": { "candidate_id": "signal_605285201", "name": "TS40", "operation_type": "Fixed", "flash_time": "23:00-6:00", "flash_yellow": "NORTH AVE", "id": 605285201, "description": "Arch St - North Ave", "traffic_count": 1, "crosswalk_count": 5, "hin_count": 1, "crash_count": 9, "injury_crash_count": 4, "severe_crash_count": 0, "vru_crash_count": 0, "fatalities": 0, "injuries": 4, "coverage_points": 90, "coverage_score_pre_osm": 100.0, "osm_status": "not_assessed", "safety_priority_score": 23.0, "selection_score": 73.0, "crash_window": "2019-2025" }, "geometry": { "type": "Point", "coordinates": [ -80.008630689300389, 40.455098633253705, 605285201.0 ] } },
{ "type": "Feature", "properties": { "candidate_id": "signal_568154260", "name": "TS14", "operation_type": "Fixed", "flash_time": "23:00 - 6:00", "flash_yellow": "", "id": 568154260, "description": "Allegheny Ave - Pennsylvania Ave", "traffic_count": 1, "crosswalk_count": 4, "hin_count": 0, "crash_count": 8, "injury_crash_count": 3, "severe_crash_count": 1, "vru_crash_count": 1, "fatalities": 0, "injuries": 6, "coverage_points": 90, "coverage_score_pre_osm": 100.0, "osm_status": "not_assessed", "safety_priority_score": 22.7, "selection_score": 72.9, "crash_window": "2019-2025" }, "geometry": { "type": "Point", "coordinates": [ -80.020112087040303, 40.455208271820936, 568154260.0 ] } },
{ "type": "Feature", "properties": { "candidate_id": "signal_1666706610", "name": "TS374", "operation_type": "Fixed", "flash_time": "24 Hr stop and go", "flash_yellow": "S NEGLEY AVE", "id": 1666706610, "description": "Friendship Ave - Negley Ave", "traffic_count": 1, "crosswalk_count": 4, "hin_count": 0, "crash_count": 13, "injury_crash_count": 4, "severe_crash_count": 0, "vru_crash_count": 3, "fatalities": 0, "injuries": 4, "coverage_points": 90, "coverage_score_pre_osm": 100.0, "osm_status": "not_assessed", "safety_priority_score": 22.0, "selection_score": 72.7, "crash_window": "2019-2025" }, "geometry": { "type": "Point", "coordinates": [ -79.932401949485552, 40.460686358156941, 1666706610.0 ] } },
{ "type": "Feature", "properties": { "candidate_id": "signal_1546796693", "name": "TS376", "operation_type": "Fixed", "flash_time": "23:00 - 06:00", "flash_yellow": "FRIENDSHIP AVE", "id": 1546796693, "description": "Friendship Ave - Taylor St", "traffic_count": 2, "crosswalk_count": 3, "hin_count": 0, "crash_count": 15, "injury_crash_count": 6, "severe_crash_count": 0, "vru_crash_count": 1, "fatalities": 0, "injuries": 6, "coverage_points": 90, "coverage_score_pre_osm": 100.0, "osm_status": "not_assessed", "safety_priority_score": 21.6, "selection_score": 72.6, "crash_window": "2019-2025" }, "geometry": { "type": "Point", "coordinates": [ -79.949629491008935, 40.464007580216141, 1546796693.0 ] } },
{ "type": "Feature", "properties": { "candidate_id": "signal_968857587", "name": "TS445", "operation_type": "Fixed", "flash_time": "0:00-7:00", "flash_yellow": "LINCOLN AVE", "id": 968857587, "description": "Lincoln Ave - Shetland St", "traffic_count": 1, "crosswalk_count": 4, "hin_count": 0, "crash_count": 15, "injury_crash_count": 6, "severe_crash_count": 0, "vru_crash_count": 1, "fatalities": 0, "injuries": 7, "coverage_points": 90, "coverage_score_pre_osm": 100.0, "osm_status": "not_assessed", "safety_priority_score": 21.6, "selection_score": 72.6, "crash_window": "2019-2025" }, "geometry": { "type": "Point", "coordinates": [ -79.907925354411475, 40.461607860085081, 968857587.0 ] } },
{ "type": "Feature", "properties": { "candidate_id": "signal_1432370983", "name": "TS247", "operation_type": "Fully Actuated", "flash_time": "24 Hr stop and go", "flash_yellow": "SIXTH AVE", "id": 1432370983, "description": "Crosstown Blvd  Ramp - Liberty Br", "traffic_count": 0, "crosswalk_count": 4, "hin_count": 1, "crash_count": 183, "injury_crash_count": 39, "severe_crash_count": 6, "vru_crash_count": 5, "fatalities": 2, "injuries": 47, "coverage_points": 55, "coverage_score_pre_osm": 61.1, "osm_status": "not_assessed", "safety_priority_score": 94.0, "selection_score": 72.6, "crash_window": "2019-2025" }, "geometry": { "type": "Point", "coordinates": [ -79.99448192308904, 40.436146644271595, 1432370983.0 ] } },
{ "type": "Feature", "properties": { "candidate_id": "signal_579431089", "name": "TS113", "operation_type": "Fixed", "flash_time": "", "flash_yellow": "BENNETT ST", "id": 579431089, "description": "Bennett St - Oakwood St", "traffic_count": 0, "crosswalk_count": 4, "hin_count": 1, "crash_count": 79, "injury_crash_count": 42, "severe_crash_count": 13, "vru_crash_count": 7, "fatalities": 0, "injuries": 64, "coverage_points": 55, "coverage_score_pre_osm": 61.1, "osm_status": "not_assessed", "safety_priority_score": 93.5, "selection_score": 72.4, "crash_window": "2019-2025" }, "geometry": { "type": "Point", "coordinates": [ -79.88565164131478, 40.454034519181924, 579431089.0 ] } },
{ "type": "Feature", "properties": { "candidate_id": "signal_1275543187", "name": "TS200", "operation_type": "Fixed", "flash_time": "24 Hr stop and go", "flash_yellow": "E CARSON ST", "id": 1275543187, "description": "Carson St - S 10th St", "traffic_count": 0, "crosswalk_count": 6, "hin_count": 1, "crash_count": 85, "injury_crash_count": 37, "severe_crash_count": 4, "vru_crash_count": 12, "fatalities": 1, "injuries": 55, "coverage_points": 55, "coverage_score_pre_osm": 61.1, "osm_status": "not_assessed", "safety_priority_score": 93.1, "selection_score": 72.3, "crash_window": "2019-2025" }, "geometry": { "type": "Point", "coordinates": [ -79.988576583464194, 40.428710451221107, 1275543187.0 ] } },
{ "type": "Feature", "properties": { "candidate_id": "signal_750851804", "name": "TS296", "operation_type": "Fixed", "flash_time": "24 Hr stop and go", "flash_yellow": "GRANT ST", "id": 750851804, "description": "Fifth Ave - Grant St", "traffic_count": 0, "crosswalk_count": 5, "hin_count": 2, "crash_count": 96, "injury_crash_count": 48, "severe_crash_count": 3, "vru_crash_count": 12, "fatalities": 0, "injuries": 64, "coverage_points": 55, "coverage_score_pre_osm": 61.1, "osm_status": "not_assessed", "safety_priority_score": 93.0, "selection_score": 72.3, "crash_window": "2019-2025" }, "geometry": { "type": "Point", "coordinates": [ -79.996780307385308, 40.439392335872746, 750851804.0 ] } },
{ "type": "Feature", "properties": { "candidate_id": "signal_1505834885", "name": "TS448", "operation_type": "Actuated", "flash_time": "", "flash_yellow": "", "id": 1505834885, "description": "East Ohio St - Madison Ave", "traffic_count": 0, "crosswalk_count": 1, "hin_count": 1, "crash_count": 114, "injury_crash_count": 44, "severe_crash_count": 6, "vru_crash_count": 4, "fatalities": 0, "injuries": 53, "coverage_points": 55, "coverage_score_pre_osm": 61.1, "osm_status": "not_assessed", "safety_priority_score": 92.7, "selection_score": 72.2, "crash_window": "2019-2025" }, "geometry": { "type": "Point", "coordinates": [ -79.996830880114771, 40.454168821317673, 1505834885.0 ] } },
{ "type": "Feature", "properties": { "candidate_id": "signal_2077005411", "name": "TS266", "operation_type": "Actuated", "flash_time": "24 Hr stop and go", "flash_yellow": "EAST OHIO ST", "id": 2077005411, "description": "East St - East Ohio St", "traffic_count": 0, "crosswalk_count": 4, "hin_count": 1, "crash_count": 96, "injury_crash_count": 43, "severe_crash_count": 4, "vru_crash_count": 6, "fatalities": 0, "injuries": 51, "coverage_points": 55, "coverage_score_pre_osm": 61.1, "osm_status": "not_assessed", "safety_priority_score": 92.4, "selection_score": 72.1, "crash_window": "2019-2025" }, "geometry": { "type": "Point", "coordinates": [ -79.997867940194539, 40.453980815546338, 2077005411.0 ] } },
{ "type": "Feature", "properties": { "candidate_id": "signal_1642941472", "name": "TS309", "operation_type": "Fixed", "flash_time": "24 Hr stop and go", "flash_yellow": "PENN AVE", "id": 1642941472, "description": "Fifth Ave - Penn Ave - Cecil Pl", "traffic_count": 0, "crosswalk_count": 5, "hin_count": 2, "crash_count": 64, "injury_crash_count": 31, "severe_crash_count": 6, "vru_crash_count": 20, "fatalities": 2, "injuries": 38, "coverage_points": 55, "coverage_score_pre_osm": 61.1, "osm_status": "not_assessed", "safety_priority_score": 92.4, "selection_score": 72.1, "crash_window": "2019-2025" }, "geometry": { "type": "Point", "coordinates": [ -80.003099504728738, 40.442497593031149, 1642941472.0 ] } },
{ "type": "Feature", "properties": { "candidate_id": "signal_1212786957", "name": "TS196", "operation_type": "Fixed", "flash_time": "24 Hr stop and go", "flash_yellow": "E CARSON ST", "id": 1212786957, "description": "Carson St - S 18th St", "traffic_count": 0, "crosswalk_count": 4, "hin_count": 2, "crash_count": 84, "injury_crash_count": 34, "severe_crash_count": 4, "vru_crash_count": 12, "fatalities": 0, "injuries": 40, "coverage_points": 55, "coverage_score_pre_osm": 61.1, "osm_status": "not_assessed", "safety_priority_score": 92.3, "selection_score": 72.0, "crash_window": "2019-2025" }, "geometry": { "type": "Point", "coordinates": [ -79.980565135570885, 40.428766717108751, 1212786957.0 ] } },
{ "type": "Feature", "properties": { "candidate_id": "signal_1182969737", "name": "TS227", "operation_type": "Fixed", "flash_time": "24 Hr stop and go", "flash_yellow": "FIFTH AVE", "id": 1182969737, "description": "Cherry Way - Fifth Ave - WIlliam Penn Pl", "traffic_count": 0, "crosswalk_count": 5, "hin_count": 1, "crash_count": 68, "injury_crash_count": 38, "severe_crash_count": 4, "vru_crash_count": 15, "fatalities": 0, "injuries": 49, "coverage_points": 55, "coverage_score_pre_osm": 61.1, "osm_status": "not_assessed", "safety_priority_score": 92.3, "selection_score": 72.0, "crash_window": "2019-2025" }, "geometry": { "type": "Point", "coordinates": [ -79.997720735065542, 40.439748418470117, 1182969737.0 ] } },
{ "type": "Feature", "properties": { "candidate_id": "signal_475738090", "name": "TS295", "operation_type": "Fixed", "flash_time": "24 Hr stop and go", "flash_yellow": "FIFTH AVE", "id": 475738090, "description": "Fifth Ave - Frankstown Ave - Washington Blvd", "traffic_count": 0, "crosswalk_count": 4, "hin_count": 3, "crash_count": 95, "injury_crash_count": 43, "severe_crash_count": 8, "vru_crash_count": 4, "fatalities": 0, "injuries": 58, "coverage_points": 55, "coverage_score_pre_osm": 61.1, "osm_status": "not_assessed", "safety_priority_score": 92.2, "selection_score": 72.0, "crash_window": "2019-2025" }, "geometry": { "type": "Point", "coordinates": [ -79.908042931305744, 40.458682152282485, 475738090.0 ] } },
{ "type": "Feature", "properties": { "candidate_id": "signal_517929728", "name": "TS239", "operation_type": "Fully Actuated", "flash_time": "24 Hr stop and go", "flash_yellow": "", "id": 517929728, "description": "Commons - Ridge Ave", "traffic_count": 1, "crosswalk_count": 6, "hin_count": 0, "crash_count": 12, "injury_crash_count": 4, "severe_crash_count": 0, "vru_crash_count": 2, "fatalities": 0, "injuries": 4, "coverage_points": 90, "coverage_score_pre_osm": 100.0, "osm_status": "not_assessed", "safety_priority_score": 19.8, "selection_score": 71.9, "crash_window": "2019-2025" }, "geometry": { "type": "Point", "coordinates": [ -80.007651780762231, 40.452191241606492, 517929728.0 ] } },
{ "type": "Feature", "properties": { "candidate_id": "signal_690981318", "name": "TS39", "operation_type": "Fixed", "flash_time": "23:00-6:00", "flash_yellow": "CALIFORNIA AVE", "id": 690981318, "description": "Antrim St - California Ave", "traffic_count": 1, "crosswalk_count": 2, "hin_count": 0, "crash_count": 19, "injury_crash_count": 5, "severe_crash_count": 0, "vru_crash_count": 0, "fatalities": 0, "injuries": 5, "coverage_points": 90, "coverage_score_pre_osm": 100.0, "osm_status": "not_assessed", "safety_priority_score": 19.3, "selection_score": 71.8, "crash_window": "2019-2025" }, "geometry": { "type": "Point", "coordinates": [ -80.039575677688802, 40.475268499787759, 690981318.0 ] } },
{ "type": "Feature", "properties": { "candidate_id": "signal_547113883", "name": "TS205", "operation_type": "Actuated", "flash_time": "24 Hr stop and go", "flash_yellow": "CARSON ST RAMP", "id": 547113883, "description": "Carson St - West End Br - Main St", "traffic_count": 0, "crosswalk_count": 4, "hin_count": 1, "crash_count": 188, "injury_crash_count": 77, "severe_crash_count": 12, "vru_crash_count": 2, "fatalities": 1, "injuries": 104, "coverage_points": 55, "coverage_score_pre_osm": 61.1, "osm_status": "not_assessed", "safety_priority_score": 91.8, "selection_score": 71.8, "crash_window": "2019-2025" }, "geometry": { "type": "Point", "coordinates": [ -80.028206057319693, 40.444264643105711, 547113883.0 ] } },
{ "type": "Feature", "properties": { "candidate_id": "signal_513072102", "name": "TS338", "operation_type": "Fixed", "flash_time": "24 Hr stop and go", "flash_yellow": "SIXTH AVE", "id": 513072102, "description": "Diamond St - Forbes Ave - Sixth Ave", "traffic_count": 0, "crosswalk_count": 12, "hin_count": 1, "crash_count": 119, "injury_crash_count": 42, "severe_crash_count": 3, "vru_crash_count": 7, "fatalities": 0, "injuries": 57, "coverage_points": 55, "coverage_score_pre_osm": 61.1, "osm_status": "not_assessed", "safety_priority_score": 91.8, "selection_score": 71.8, "crash_window": "2019-2025" }, "geometry": { "type": "Point", "coordinates": [ -79.994288167711204, 40.438046099026337, 513072102.0 ] } },
{ "type": "Feature", "properties": { "candidate_id": "signal_1936587336", "name": "TS281", "operation_type": "Fixed", "flash_time": "24 Hr stop and go", "flash_yellow": "S 18TH ST", "id": 1936587336, "description": "S 18th St - Sarah St", "traffic_count": 0, "crosswalk_count": 4, "hin_count": 1, "crash_count": 97, "injury_crash_count": 36, "severe_crash_count": 3, "vru_crash_count": 11, "fatalities": 0, "injuries": 45, "coverage_points": 55, "coverage_score_pre_osm": 61.1, "osm_status": "not_assessed", "safety_priority_score": 91.7, "selection_score": 71.8, "crash_window": "2019-2025" }, "geometry": { "type": "Point", "coordinates": [ -79.980655081634495, 40.427846398471658, 1936587336.0 ] } },
{ "type": "Feature", "properties": { "candidate_id": "signal_1080282479", "name": "TS110", "operation_type": "Fixed", "flash_time": "24 Hr stop and go", "flash_yellow": "BENNETT ST", "id": 1080282479, "description": "Bennett St - Homewood Ave", "traffic_count": 0, "crosswalk_count": 4, "hin_count": 1, "crash_count": 60, "injury_crash_count": 35, "severe_crash_count": 8, "vru_crash_count": 8, "fatalities": 0, "injuries": 47, "coverage_points": 55, "coverage_score_pre_osm": 61.1, "osm_status": "not_assessed", "safety_priority_score": 91.1, "selection_score": 71.6, "crash_window": "2019-2025" }, "geometry": { "type": "Point", "coordinates": [ -79.896663122244718, 40.456471651700816, 1080282479.0 ] } },
{ "type": "Feature", "properties": { "candidate_id": "signal_723398801", "name": "TS301", "operation_type": "Fixed", "flash_time": "24 Hr stop and go", "flash_yellow": "LIBERTY AVE", "id": 723398801, "description": "Fifth Ave - Liberty Ave", "traffic_count": 0, "crosswalk_count": 12, "hin_count": 2, "crash_count": 61, "injury_crash_count": 31, "severe_crash_count": 4, "vru_crash_count": 20, "fatalities": 2, "injuries": 38, "coverage_points": 55, "coverage_score_pre_osm": 61.1, "osm_status": "not_assessed", "safety_priority_score": 90.5, "selection_score": 71.4, "crash_window": "2019-2025" }, "geometry": { "type": "Point", "coordinates": [ -80.002703024294931, 40.441696485908267, 723398801.0 ] } },
{ "type": "Feature", "properties": { "candidate_id": "signal_168825978", "name": "TS407", "operation_type": "Fixed", "flash_time": "24 Hr stop and go", "flash_yellow": "THOMAS BLVD", "id": 168825978, "description": "Homewood Ave - Thomas Blvd", "traffic_count": 1, "crosswalk_count": 4, "hin_count": 0, "crash_count": 11, "injury_crash_count": 5, "severe_crash_count": 0, "vru_crash_count": 1, "fatalities": 0, "injuries": 5, "coverage_points": 90, "coverage_score_pre_osm": 100.0, "osm_status": "not_assessed", "safety_priority_score": 18.1, "selection_score": 71.3, "crash_window": "2019-2025" }, "geometry": { "type": "Point", "coordinates": [ -79.900089233856264, 40.450932665791143, 168825978.0 ] } },
{ "type": "Feature", "properties": { "candidate_id": "signal_1361587711", "name": "TS42", "operation_type": "Fully Actuated", "flash_time": "23:00 - 06:00", "flash_yellow": "RIDGE AVE", "id": 1361587711, "description": "Arch St - Ridge Ave", "traffic_count": 1, "crosswalk_count": 4, "hin_count": 0, "crash_count": 8, "injury_crash_count": 4, "severe_crash_count": 0, "vru_crash_count": 2, "fatalities": 0, "injuries": 4, "coverage_points": 90, "coverage_score_pre_osm": 100.0, "osm_status": "not_assessed", "safety_priority_score": 18.1, "selection_score": 71.3, "crash_window": "2019-2025" }, "geometry": { "type": "Point", "coordinates": [ -80.00873435129094, 40.45199538288599, 1361587711.0 ] } },
{ "type": "Feature", "properties": { "candidate_id": "signal_842420919", "name": "TS53", "operation_type": "Fixed", "flash_time": "24 Hr stop and go", "flash_yellow": "FIFTH AVE", "id": 842420919, "description": "Atwood St - Fifth Ave", "traffic_count": 0, "crosswalk_count": 9, "hin_count": 1, "crash_count": 89, "injury_crash_count": 45, "severe_crash_count": 2, "vru_crash_count": 33, "fatalities": 2, "injuries": 48, "coverage_points": 55, "coverage_score_pre_osm": 61.1, "osm_status": "not_assessed", "safety_priority_score": 90.3, "selection_score": 71.3, "crash_window": "2019-2025" }, "geometry": { "type": "Point", "coordinates": [ -79.958471942972949, 40.441776342824959, 842420919.0 ] } },
{ "type": "Feature", "properties": { "candidate_id": "signal_305646355", "name": "TS54", "operation_type": "Fixed", "flash_time": "24 Hr stop and go", "flash_yellow": "FORBES AVE", "id": 305646355, "description": "Atwood St - Forbes Ave", "traffic_count": 0, "crosswalk_count": 8, "hin_count": 1, "crash_count": 89, "injury_crash_count": 44, "severe_crash_count": 2, "vru_crash_count": 32, "fatalities": 2, "injuries": 46, "coverage_points": 55, "coverage_score_pre_osm": 61.1, "osm_status": "not_assessed", "safety_priority_score": 90.2, "selection_score": 71.3, "crash_window": "2019-2025" }, "geometry": { "type": "Point", "coordinates": [ -79.957628996698844, 40.441098177135956, 305646355.0 ] } },
{ "type": "Feature", "properties": { "candidate_id": "signal_481445183", "name": "TS201", "operation_type": "Fixed", "flash_time": "03:00 - 06:00", "flash_yellow": "E CARSON ST", "id": 481445183, "description": "Carson St - S 12th St", "traffic_count": 0, "crosswalk_count": 6, "hin_count": 1, "crash_count": 62, "injury_crash_count": 24, "severe_crash_count": 8, "vru_crash_count": 11, "fatalities": 1, "injuries": 31, "coverage_points": 55, "coverage_score_pre_osm": 61.1, "osm_status": "not_assessed", "safety_priority_score": 89.6, "selection_score": 71.1, "crash_window": "2019-2025" }, "geometry": { "type": "Point", "coordinates": [ -79.986425371234475, 40.4287578610965, 481445183.0 ] } },
{ "type": "Feature", "properties": { "candidate_id": "signal_748144809", "name": "TS126", "operation_type": "Fixed", "flash_time": "24 Hr stop and go", "flash_yellow": "BLACK ST", "id": 748144809, "description": "Black St - Chislett St", "traffic_count": 1, "crosswalk_count": 2, "hin_count": 0, "crash_count": 8, "injury_crash_count": 5, "severe_crash_count": 0, "vru_crash_count": 1, "fatalities": 0, "injuries": 5, "coverage_points": 90, "coverage_score_pre_osm": 100.0, "osm_status": "not_assessed", "safety_priority_score": 17.0, "selection_score": 71.0, "crash_window": "2019-2025" }, "geometry": { "type": "Point", "coordinates": [ -79.930094296996586, 40.469673816919759, 748144809.0 ] } },
{ "type": "Feature", "properties": { "candidate_id": "signal_1355502213", "name": "TS121", "operation_type": "Fixed", "flash_time": "24 Hr stop and go", "flash_yellow": "GRANT ST", "id": 1355502213, "description": "Grant St - Oliver Ave", "traffic_count": 0, "crosswalk_count": 5, "hin_count": 1, "crash_count": 81, "injury_crash_count": 45, "severe_crash_count": 2, "vru_crash_count": 18, "fatalities": 0, "injuries": 58, "coverage_points": 55, "coverage_score_pre_osm": 61.1, "osm_status": "not_assessed", "safety_priority_score": 89.3, "selection_score": 71.0, "crash_window": "2019-2025" }, "geometry": { "type": "Point", "coordinates": [ -79.996344911758172, 40.440117377168434, 1355502213.0 ] } },
{ "type": "Feature", "properties": { "candidate_id": "signal_458331583", "name": "TS186", "operation_type": "Fixed", "flash_time": "24 Hr stop and go", "flash_yellow": "BUTLER ST", "id": 458331583, "description": "Butler St -37th St", "traffic_count": 1, "crosswalk_count": 6, "hin_count": 0, "crash_count": 11, "injury_crash_count": 4, "severe_crash_count": 0, "vru_crash_count": 1, "fatalities": 0, "injuries": 5, "coverage_points": 90, "coverage_score_pre_osm": 100.0, "osm_status": "not_assessed", "safety_priority_score": 16.8, "selection_score": 70.9, "crash_window": "2019-2025" }, "geometry": { "type": "Point", "coordinates": [ -79.964733901189192, 40.466203063955163, 458331583.0 ] } },
{ "type": "Feature", "properties": { "candidate_id": "signal_1842296611", "name": "TS523", "operation_type": "Semi Actuated", "flash_time": "24 Hr stop and go", "flash_yellow": "SAW MILL RUN BLVD", "id": 1842296611, "description": "Saw Mill Run Blvd - Whited St", "traffic_count": 0, "crosswalk_count": 4, "hin_count": 1, "crash_count": 151, "injury_crash_count": 51, "severe_crash_count": 4, "vru_crash_count": 2, "fatalities": 0, "injuries": 69, "coverage_points": 55, "coverage_score_pre_osm": 61.1, "osm_status": "not_assessed", "safety_priority_score": 89.2, "selection_score": 70.9, "crash_window": "2019-2025" }, "geometry": { "type": "Point", "coordinates": [ -79.998197232034968, 40.396285670932258, 1842296611.0 ] } },
{ "type": "Feature", "properties": { "candidate_id": "signal_1922941271", "name": "TS198", "operation_type": "Fixed", "flash_time": "03:00 - 06:00", "flash_yellow": "E CARSON ST", "id": 1922941271, "description": "Carson St - S 17th St", "traffic_count": 0, "crosswalk_count": 4, "hin_count": 1, "crash_count": 75, "injury_crash_count": 26, "severe_crash_count": 4, "vru_crash_count": 9, "fatalities": 0, "injuries": 28, "coverage_points": 55, "coverage_score_pre_osm": 61.1, "osm_status": "not_assessed", "safety_priority_score": 89.0, "selection_score": 70.9, "crash_window": "2019-2025" }, "geometry": { "type": "Point", "coordinates": [ -79.982050306306235, 40.428842979217237, 1922941271.0 ] } },
{ "type": "Feature", "properties": { "candidate_id": "signal_1677195305", "name": "TS582", "operation_type": "Fixed", "flash_time": "24 Hr stop and go", "flash_yellow": "SIXTH AVE", "id": 1677195305, "description": "Centre Ave - Sixth Ave", "traffic_count": 0, "crosswalk_count": 9, "hin_count": 2, "crash_count": 104, "injury_crash_count": 42, "severe_crash_count": 2, "vru_crash_count": 9, "fatalities": 0, "injuries": 55, "coverage_points": 55, "coverage_score_pre_osm": 61.1, "osm_status": "not_assessed", "safety_priority_score": 89.0, "selection_score": 70.9, "crash_window": "2019-2025" }, "geometry": { "type": "Point", "coordinates": [ -79.994180845085879, 40.439978367742576, 1677195305.0 ] } },
{ "type": "Feature", "properties": { "candidate_id": "signal_1342515581", "name": "TS258", "operation_type": "Fixed", "flash_time": "24 Hr stop and go", "flash_yellow": "FIFTH AVE", "id": 1342515581, "description": "Desoto St - Fifth Ave - Oakland Ave", "traffic_count": 0, "crosswalk_count": 11, "hin_count": 1, "crash_count": 78, "injury_crash_count": 39, "severe_crash_count": 2, "vru_crash_count": 29, "fatalities": 2, "injuries": 42, "coverage_points": 55, "coverage_score_pre_osm": 61.1, "osm_status": "not_assessed", "safety_priority_score": 88.6, "selection_score": 70.7, "crash_window": "2019-2025" }, "geometry": { "type": "Point", "coordinates": [ -79.95811005901642, 40.442223702006601, 1342515581.0 ] } },
{ "type": "Feature", "properties": { "candidate_id": "signal_1300803184", "name": "TS434", "operation_type": "Fully Actuated", "flash_time": "24 Hr stop and go", "flash_yellow": "LIBERTY TUNL", "id": 1300803184, "description": "Liberty Brg -  Liberty Tunl - P J Mcardle Rdwy", "traffic_count": 0, "crosswalk_count": 1, "hin_count": 2, "crash_count": 233, "injury_crash_count": 80, "severe_crash_count": 5, "vru_crash_count": 1, "fatalities": 1, "injuries": 115, "coverage_points": 55, "coverage_score_pre_osm": 61.1, "osm_status": "not_assessed", "safety_priority_score": 88.5, "selection_score": 70.7, "crash_window": "2019-2025" }, "geometry": { "type": "Point", "coordinates": [ -79.999271340433666, 40.429154634737806, 1300803184.0 ] } },
{ "type": "Feature", "properties": { "candidate_id": "signal_1656142287", "name": "TS45", "operation_type": "Fully Actuated", "flash_time": "24 Hr stop and go", "flash_yellow": "ARLINGTON AVE", "id": 1656142287, "description": "Arlington Ave - P J Mcardle Rdwy", "traffic_count": 0, "crosswalk_count": 3, "hin_count": 1, "crash_count": 228, "injury_crash_count": 77, "severe_crash_count": 5, "vru_crash_count": 1, "fatalities": 1, "injuries": 111, "coverage_points": 55, "coverage_score_pre_osm": 61.1, "osm_status": "not_assessed", "safety_priority_score": 88.4, "selection_score": 70.7, "crash_window": "2019-2025" }, "geometry": { "type": "Point", "coordinates": [ -79.998364223456392, 40.428998269173086, 1656142287.0 ] } },
{ "type": "Feature", "properties": { "candidate_id": "signal_1733775106", "name": "TS440", "operation_type": "Fixed", "flash_time": "24 Hr stop and go", "flash_yellow": "LIBERTY AVE", "id": 1733775106, "description": "Liberty Ave - Wood St", "traffic_count": 0, "crosswalk_count": 12, "hin_count": 1, "crash_count": 49, "injury_crash_count": 29, "severe_crash_count": 4, "vru_crash_count": 16, "fatalities": 1, "injuries": 33, "coverage_points": 55, "coverage_score_pre_osm": 61.1, "osm_status": "not_assessed", "safety_priority_score": 87.5, "selection_score": 70.3, "crash_window": "2019-2025" }, "geometry": { "type": "Point", "coordinates": [ -79.99915290609745, 40.442632908516629, 1733775106.0 ] } },
{ "type": "Feature", "properties": { "candidate_id": "signal_456277966", "name": "TS307", "operation_type": "Semi Actuated", "flash_time": "24 Hr stop and go", "flash_yellow": "FIFTH AVE", "id": 456277966, "description": "Fifth Ave - Negley Ave", "traffic_count": 0, "crosswalk_count": 4, "hin_count": 2, "crash_count": 84, "injury_crash_count": 41, "severe_crash_count": 3, "vru_crash_count": 4, "fatalities": 0, "injuries": 54, "coverage_points": 55, "coverage_score_pre_osm": 61.1, "osm_status": "not_assessed", "safety_priority_score": 87.3, "selection_score": 70.3, "crash_window": "2019-2025" }, "geometry": { "type": "Point", "coordinates": [ -79.929649427911698, 40.449835216902635, 456277966.0 ] } },
{ "type": "Feature", "properties": { "candidate_id": "signal_1160048083", "name": "TS136", "operation_type": "Fully Actuated", "flash_time": "stop and go", "flash_yellow": "PENN AVE", "id": 1160048083, "description": "Braddock Ave - Penn Ave", "traffic_count": 0, "crosswalk_count": 4, "hin_count": 2, "crash_count": 90, "injury_crash_count": 47, "severe_crash_count": 3, "vru_crash_count": 3, "fatalities": 0, "injuries": 76, "coverage_points": 55, "coverage_score_pre_osm": 61.1, "osm_status": "not_assessed", "safety_priority_score": 87.2, "selection_score": 70.2, "crash_window": "2019-2025" }, "geometry": { "type": "Point", "coordinates": [ -79.895165287958804, 40.447140479538561, 1160048083.0 ] } },
{ "type": "Feature", "properties": { "candidate_id": "signal_1432346625", "name": "TS463", "operation_type": "Fixed", "flash_time": "23:00 - 06:00", "flash_yellow": "SHADY AVE", "id": 1432346625, "description": "Monitor St - Shady Ave", "traffic_count": 2, "crosswalk_count": 4, "hin_count": 0, "crash_count": 10, "injury_crash_count": 5, "severe_crash_count": 0, "vru_crash_count": 0, "fatalities": 0, "injuries": 5, "coverage_points": 90, "coverage_score_pre_osm": 100.0, "osm_status": "not_assessed", "safety_priority_score": 14.6, "selection_score": 70.1, "crash_window": "2019-2025" }, "geometry": { "type": "Point", "coordinates": [ -79.923889332842705, 40.425333684891932, 1432346625.0 ] } },
{ "type": "Feature", "properties": { "candidate_id": "signal_1115003096", "name": "TS431", "operation_type": "Fixed", "flash_time": "24 Hr stop and go", "flash_yellow": "LIBERTY AVE", "id": 1115003096, "description": "Liberty Ave - 16th St", "traffic_count": 0, "crosswalk_count": 1, "hin_count": 1, "crash_count": 74, "injury_crash_count": 32, "severe_crash_count": 5, "vru_crash_count": 3, "fatalities": 1, "injuries": 39, "coverage_points": 55, "coverage_score_pre_osm": 61.1, "osm_status": "not_assessed", "safety_priority_score": 86.9, "selection_score": 70.1, "crash_window": "2019-2025" }, "geometry": { "type": "Point", "coordinates": [ -79.986893481532405, 40.448228920736895, 1115003096.0 ] } },
{ "type": "Feature", "properties": { "candidate_id": "signal_1179327304", "name": "TS231", "operation_type": "Fixed", "flash_time": "24 Hr stop and go", "flash_yellow": "EAST OHIO ST", "id": 1179327304, "description": "Chestnut St - East Ohio St", "traffic_count": 0, "crosswalk_count": 6, "hin_count": 2, "crash_count": 89, "injury_crash_count": 34, "severe_crash_count": 3, "vru_crash_count": 4, "fatalities": 1, "injuries": 37, "coverage_points": 55, "coverage_score_pre_osm": 61.1, "osm_status": "not_assessed", "safety_priority_score": 86.8, "selection_score": 70.1, "crash_window": "2019-2025" }, "geometry": { "type": "Point", "coordinates": [ -79.99450750486254, 40.454927033068309, 1179327304.0 ] } },
{ "type": "Feature", "properties": { "candidate_id": "signal_482525367", "name": "TS644", "operation_type": "Fully Actuated", "flash_time": "24 Hr stop and go", "flash_yellow": "SECOND AVE", "id": 482525367, "description": "Hot Metal St - Second Ave", "traffic_count": 0, "crosswalk_count": 1, "hin_count": 1, "crash_count": 124, "injury_crash_count": 41, "severe_crash_count": 5, "vru_crash_count": 1, "fatalities": 1, "injuries": 54, "coverage_points": 55, "coverage_score_pre_osm": 61.1, "osm_status": "not_assessed", "safety_priority_score": 86.8, "selection_score": 70.1, "crash_window": "2019-2025" }, "geometry": { "type": "Point", "coordinates": [ -79.95782011147891, 40.430029654499862, 482525367.0 ] } },
{ "type": "Feature", "properties": { "candidate_id": "signal_1214625585", "name": "TS457", "operation_type": "Fully Actuated", "flash_time": "24 Hr stop and go", "flash_yellow": "SAW MILL RUN BLVD", "id": 1214625585, "description": "Maytide St - Overbrook Blvd - Saw Mill Run Blvd", "traffic_count": 0, "crosswalk_count": 5, "hin_count": 2, "crash_count": 62, "injury_crash_count": 28, "severe_crash_count": 7, "vru_crash_count": 4, "fatalities": 0, "injuries": 37, "coverage_points": 55, "coverage_score_pre_osm": 61.1, "osm_status": "not_assessed", "safety_priority_score": 86.7, "selection_score": 70.1, "crash_window": "2019-2025" }, "geometry": { "type": "Point", "coordinates": [ -79.99501148508071, 40.384734592786963, 1214625585.0 ] } },
{ "type": "Feature", "properties": { "candidate_id": "signal_849315938", "name": "TS495", "operation_type": "Fixed", "flash_time": "24 Hr stop and go", "flash_yellow": "PENN AVE", "id": 849315938, "description": "Penn Ave - 16th St (OSM)", "traffic_count": 0, "crosswalk_count": 4, "hin_count": 1, "crash_count": 72, "injury_crash_count": 32, "severe_crash_count": 5, "vru_crash_count": 3, "fatalities": 1, "injuries": 39, "coverage_points": 55, "coverage_score_pre_osm": 61.1, "osm_status": "not_assessed", "safety_priority_score": 86.7, "selection_score": 70.1, "crash_window": "2019-2025" }, "geometry": { "type": "Point", "coordinates": [ -79.987507187178309, 40.448824479471433, 849315938.0 ] } },
{ "type": "Feature", "properties": { "candidate_id": "signal_1868448111", "name": "TS496", "operation_type": "Fixed", "flash_time": "24 Hr stop and go", "flash_yellow": "PENN AVE", "id": 1868448111, "description": "Penn Ave - 6th St", "traffic_count": 0, "crosswalk_count": 4, "hin_count": 1, "crash_count": 54, "injury_crash_count": 24, "severe_crash_count": 4, "vru_crash_count": 14, "fatalities": 0, "injuries": 35, "coverage_points": 55, "coverage_score_pre_osm": 61.1, "osm_status": "not_assessed", "safety_priority_score": 86.7, "selection_score": 70.1, "crash_window": "2019-2025" }, "geometry": { "type": "Point", "coordinates": [ -80.002152824149746, 40.442749619104795, 1868448111.0 ] } },
{ "type": "Feature", "properties": { "candidate_id": "signal_2023651434", "name": "TS415", "operation_type": "Semi Actuated", "flash_time": "00:00 - 06:00", "flash_yellow": "CENTRE AVE", "id": 2023651434, "description": "Centre Ave - Kirkwood St", "traffic_count": 0, "crosswalk_count": 10, "hin_count": 1, "crash_count": 69, "injury_crash_count": 35, "severe_crash_count": 2, "vru_crash_count": 12, "fatalities": 1, "injuries": 52, "coverage_points": 55, "coverage_score_pre_osm": 61.1, "osm_status": "not_assessed", "safety_priority_score": 86.6, "selection_score": 70.0, "crash_window": "2019-2025" }, "geometry": { "type": "Point", "coordinates": [ -79.922357722800427, 40.461224188207218, 2023651434.0 ] } },
{ "type": "Feature", "properties": { "candidate_id": "signal_988911897", "name": "TS562", "operation_type": "Fixed", "flash_time": "24 Hr stop and go", "flash_yellow": "GRANT ST", "id": 988911897, "description": "Grant St - Strawberry Way", "traffic_count": 0, "crosswalk_count": 3, "hin_count": 1, "crash_count": 117, "injury_crash_count": 57, "severe_crash_count": 1, "vru_crash_count": 21, "fatalities": 0, "injuries": 68, "coverage_points": 55, "coverage_score_pre_osm": 61.1, "osm_status": "not_assessed", "safety_priority_score": 86.6, "selection_score": 70.0, "crash_window": "2019-2025" }, "geometry": { "type": "Point", "coordinates": [ -79.995434868518856, 40.441456349185628, 988911897.0 ] } },
{ "type": "Feature", "properties": { "candidate_id": "signal_1329434032", "name": "TS353", "operation_type": "Fixed", "flash_time": "24 Hr stop and go", "flash_yellow": "FORT PITT BLVD", "id": 1329434032, "description": "Fort Pitt Blvd - Stanwix St", "traffic_count": 0, "crosswalk_count": 4, "hin_count": 1, "crash_count": 113, "injury_crash_count": 33, "severe_crash_count": 2, "vru_crash_count": 6, "fatalities": 0, "injuries": 36, "coverage_points": 55, "coverage_score_pre_osm": 61.1, "osm_status": "not_assessed", "safety_priority_score": 86.5, "selection_score": 70.0, "crash_window": "2019-2025" }, "geometry": { "type": "Point", "coordinates": [ -80.00578676324804, 40.438570884621065, 1329434032.0 ] } },
{ "type": "Feature", "properties": { "candidate_id": "signal_911328080", "name": "TS73", "operation_type": "Fully Actuated", "flash_time": "24 Hr stop and go", "flash_yellow": "BAUM BLVD", "id": 911328080, "description": "Baum Blvd - Roup Ave", "traffic_count": 0, "crosswalk_count": 6, "hin_count": 1, "crash_count": 67, "injury_crash_count": 34, "severe_crash_count": 2, "vru_crash_count": 13, "fatalities": 0, "injuries": 43, "coverage_points": 55, "coverage_score_pre_osm": 61.1, "osm_status": "not_assessed", "safety_priority_score": 86.3, "selection_score": 69.9, "crash_window": "2019-2025" }, "geometry": { "type": "Point", "coordinates": [ -79.934600432412992, 40.458126991979952, 911328080.0 ] } },
{ "type": "Feature", "properties": { "candidate_id": "signal_1328076333", "name": "TS451", "operation_type": "Fixed", "flash_time": "24 Hr stop and go", "flash_yellow": "SAW MILL RUN BLVD", "id": 1328076333, "description": "Main St - Saw Mill Run Rd", "traffic_count": 0, "crosswalk_count": 2, "hin_count": 1, "crash_count": 169, "injury_crash_count": 66, "severe_crash_count": 9, "vru_crash_count": 0, "fatalities": 0, "injuries": 84, "coverage_points": 55, "coverage_score_pre_osm": 61.1, "osm_status": "not_assessed", "safety_priority_score": 86.0, "selection_score": 69.8, "crash_window": "2019-2025" }, "geometry": { "type": "Point", "coordinates": [ -80.029072691269533, 40.443267694079118, 1328076333.0 ] } },
{ "type": "Feature", "properties": { "candidate_id": "signal_1775114305", "name": "TS551", "operation_type": "Fixed", "flash_time": "24 Hr stop and go", "flash_yellow": "FORBES AVE", "id": 1775114305, "description": "Forbes Ave - Oakland Ave", "traffic_count": 0, "crosswalk_count": 11, "hin_count": 1, "crash_count": 53, "injury_crash_count": 27, "severe_crash_count": 3, "vru_crash_count": 22, "fatalities": 2, "injuries": 28, "coverage_points": 55, "coverage_score_pre_osm": 61.1, "osm_status": "not_assessed", "safety_priority_score": 86.0, "selection_score": 69.8, "crash_window": "2019-2025" }, "geometry": { "type": "Point", "coordinates": [ -79.956973800564896, 40.441572081079137, 1775114305.0 ] } },
{ "type": "Feature", "properties": { "candidate_id": "signal_407228916", "name": "TS497", "operation_type": "Fixed", "flash_time": "24 Hr stop and go", "flash_yellow": "PENN AVE", "id": 407228916, "description": "Penn Ave - Stanwix St", "traffic_count": 0, "crosswalk_count": 5, "hin_count": 2, "crash_count": 52, "injury_crash_count": 24, "severe_crash_count": 4, "vru_crash_count": 11, "fatalities": 2, "injuries": 29, "coverage_points": 55, "coverage_score_pre_osm": 61.1, "osm_status": "not_assessed", "safety_priority_score": 85.9, "selection_score": 69.8, "crash_window": "2019-2025" }, "geometry": { "type": "Point", "coordinates": [ -80.004117235309366, 40.442220918947619, 407228916.0 ] } },
{ "type": "Feature", "properties": { "candidate_id": "signal_1918584543", "name": "TS593", "operation_type": "Semi Actuated", "flash_time": "24 Hr stop and go", "flash_yellow": "", "id": 1918584543, "description": "Highland Ave - Penn Ave", "traffic_count": 0, "crosswalk_count": 4, "hin_count": 2, "crash_count": 65, "injury_crash_count": 30, "severe_crash_count": 2, "vru_crash_count": 18, "fatalities": 0, "injuries": 36, "coverage_points": 55, "coverage_score_pre_osm": 61.1, "osm_status": "not_assessed", "safety_priority_score": 85.9, "selection_score": 69.8, "crash_window": "2019-2025" }, "geometry": { "type": "Point", "coordinates": [ -79.924811120206897, 40.46147168710759, 1918584543.0 ] } },
{ "type": "Feature", "properties": { "candidate_id": "signal_197533606", "name": "TS98", "operation_type": "Fixed", "flash_time": "00:00 - 06:00", "flash_yellow": "BEECHWOOD BLVD", "id": 197533606, "description": "Beechwood Blvd - Northumberland St", "traffic_count": 1, "crosswalk_count": 4, "hin_count": 0, "crash_count": 5, "injury_crash_count": 3, "severe_crash_count": 0, "vru_crash_count": 1, "fatalities": 0, "injuries": 4, "coverage_points": 90, "coverage_score_pre_osm": 100.0, "osm_status": "not_assessed", "safety_priority_score": 13.4, "selection_score": 69.7, "crash_window": "2019-2025" }, "geometry": { "type": "Point", "coordinates": [ -79.917178508038575, 40.442293739577813, 197533606.0 ] } },
{ "type": "Feature", "properties": { "candidate_id": "signal_963888247", "name": "TS245", "operation_type": "Fixed / Ped Actuated", "flash_time": "24 Hr stop and go", "flash_yellow": "FIFTH AVE", "id": 963888247, "description": "Craig St - Fifth Ave", "traffic_count": 0, "crosswalk_count": 8, "hin_count": 1, "crash_count": 56, "injury_crash_count": 22, "severe_crash_count": 4, "vru_crash_count": 11, "fatalities": 1, "injuries": 25, "coverage_points": 55, "coverage_score_pre_osm": 61.1, "osm_status": "not_assessed", "safety_priority_score": 85.7, "selection_score": 69.7, "crash_window": "2019-2025" }, "geometry": { "type": "Point", "coordinates": [ -79.949009429363841, 40.446944376437337, 963888247.0 ] } },
{ "type": "Feature", "properties": { "candidate_id": "signal_564680432", "name": "TS511", "operation_type": "Fixed / Ped Actuated", "flash_time": "24 Hr stop and go", "flash_yellow": "PIONEER AVE", "id": 564680432, "description": "Pioneer Ave - Stetson St", "traffic_count": 1, "crosswalk_count": 2, "hin_count": 0, "crash_count": 7, "injury_crash_count": 2, "severe_crash_count": 0, "vru_crash_count": 1, "fatalities": 0, "injuries": 2, "coverage_points": 90, "coverage_score_pre_osm": 100.0, "osm_status": "not_assessed", "safety_priority_score": 13.2, "selection_score": 69.6, "crash_window": "2019-2025" }, "geometry": { "type": "Point", "coordinates": [ -80.015033565786084, 40.405645300878078, 564680432.0 ] } },
{ "type": "Feature", "properties": { "candidate_id": "signal_79865242", "name": "TS131", "operation_type": "Fixed", "flash_time": "24 Hr stop and go", "flash_yellow": "FORBES AVE", "id": 79865242, "description": "Bouquet St - Forbes Ave", "traffic_count": 0, "crosswalk_count": 8, "hin_count": 1, "crash_count": 52, "injury_crash_count": 26, "severe_crash_count": 3, "vru_crash_count": 20, "fatalities": 2, "injuries": 28, "coverage_points": 55, "coverage_score_pre_osm": 61.1, "osm_status": "not_assessed", "safety_priority_score": 85.5, "selection_score": 69.6, "crash_window": "2019-2025" }, "geometry": { "type": "Point", "coordinates": [ -79.956441468809004, 40.441956968968732, 79865242.0 ] } },
{ "type": "Feature", "properties": { "candidate_id": "signal_1151704640", "name": "TS637", "operation_type": "Fixed", "flash_time": "", "flash_yellow": "", "id": 1151704640, "description": "Lane Control - Lacock St", "traffic_count": 0, "crosswalk_count": 4, "hin_count": 0, "crash_count": 144, "injury_crash_count": 68, "severe_crash_count": 8, "vru_crash_count": 5, "fatalities": 0, "injuries": 103, "coverage_points": 55, "coverage_score_pre_osm": 61.1, "osm_status": "not_assessed", "safety_priority_score": 85.5, "selection_score": 69.6, "crash_window": "2019-2025" }, "geometry": { "type": "Point", "coordinates": [ -80.003198181069436, 40.44945496448949, 1151704640.0 ] } },
{ "type": "Feature", "properties": { "candidate_id": "signal_851647010", "name": "TS350", "operation_type": "Fixed", "flash_time": "24 Hr stop and go", "flash_yellow": "", "id": 851647010, "description": "Fort Pitt Blvd - Grant St", "traffic_count": 0, "crosswalk_count": 3, "hin_count": 2, "crash_count": 86, "injury_crash_count": 25, "severe_crash_count": 4, "vru_crash_count": 3, "fatalities": 2, "injuries": 36, "coverage_points": 55, "coverage_score_pre_osm": 61.1, "osm_status": "not_assessed", "safety_priority_score": 84.7, "selection_score": 69.4, "crash_window": "2019-2025" }, "geometry": { "type": "Point", "coordinates": [ -79.998999011663713, 40.436143938052119, 851647010.0 ] } },
{ "type": "Feature", "properties": { "candidate_id": "signal_1701363052", "name": "TS574", "operation_type": "Fully Actuated", "flash_time": "24 Hr stop and go", "flash_yellow": "", "id": 1701363052, "description": "Beechview Ave - Broadway Ave - Hampshire Ave", "traffic_count": 1, "crosswalk_count": 5, "hin_count": 0, "crash_count": 10, "injury_crash_count": 3, "severe_crash_count": 0, "vru_crash_count": 0, "fatalities": 0, "injuries": 4, "coverage_points": 90, "coverage_score_pre_osm": 100.0, "osm_status": "not_assessed", "safety_priority_score": 12.2, "selection_score": 69.3, "crash_window": "2019-2025" }, "geometry": { "type": "Point", "coordinates": [ -80.024675922594867, 40.410575658751682, 1701363052.0 ] } },
{ "type": "Feature", "properties": { "candidate_id": "signal_427262988", "name": "TS216", "operation_type": "Fully Actuated", "flash_time": "24 Hr stop and go", "flash_yellow": "CENTRE AVE", "id": 427262988, "description": "Centre Ave - Negley Ave", "traffic_count": 0, "crosswalk_count": 4, "hin_count": 2, "crash_count": 58, "injury_crash_count": 31, "severe_crash_count": 2, "vru_crash_count": 12, "fatalities": 0, "injuries": 40, "coverage_points": 55, "coverage_score_pre_osm": 61.1, "osm_status": "not_assessed", "safety_priority_score": 84.3, "selection_score": 69.2, "crash_window": "2019-2025" }, "geometry": { "type": "Point", "coordinates": [ -79.934060423654671, 40.457269772087052, 427262988.0 ] } },
{ "type": "Feature", "properties": { "candidate_id": "signal_954686217", "name": "TS157", "operation_type": "Fixed / Ped Actuated", "flash_time": "24 Hr stop and go", "flash_yellow": "W LIBERTY AVE", "id": 954686217, "description": "Brookline Blvd - Wenzell Ave -W Liberty Ave", "traffic_count": 0, "crosswalk_count": 4, "hin_count": 2, "crash_count": 62, "injury_crash_count": 30, "severe_crash_count": 6, "vru_crash_count": 2, "fatalities": 0, "injuries": 37, "coverage_points": 55, "coverage_score_pre_osm": 61.1, "osm_status": "not_assessed", "safety_priority_score": 84.2, "selection_score": 69.2, "crash_window": "2019-2025" }, "geometry": { "type": "Point", "coordinates": [ -80.026278585330573, 40.398257363571055, 954686217.0 ] } },
{ "type": "Feature", "properties": { "candidate_id": "signal_739895155", "name": "TS632", "operation_type": "Fixed", "flash_time": "03:00 - 06:00", "flash_yellow": "E CARSON ST", "id": 739895155, "description": "Carson St - S 21st St", "traffic_count": 0, "crosswalk_count": 4, "hin_count": 1, "crash_count": 57, "injury_crash_count": 31, "severe_crash_count": 2, "vru_crash_count": 13, "fatalities": 0, "injuries": 36, "coverage_points": 55, "coverage_score_pre_osm": 61.1, "osm_status": "not_assessed", "safety_priority_score": 84.2, "selection_score": 69.2, "crash_window": "2019-2025" }, "geometry": { "type": "Point", "coordinates": [ -79.976268296835883, 40.428513737011862, 739895155.0 ] } },
{ "type": "Feature", "properties": { "candidate_id": "signal_993653062", "name": "TS532", "operation_type": "Fixed", "flash_time": "24 Hr stop and go", "flash_yellow": "SIXTH AVE", "id": 993653062, "description": "Sixth Ave - William Penn Pl", "traffic_count": 0, "crosswalk_count": 7, "hin_count": 1, "crash_count": 50, "injury_crash_count": 34, "severe_crash_count": 2, "vru_crash_count": 17, "fatalities": 0, "injuries": 41, "coverage_points": 55, "coverage_score_pre_osm": 61.1, "osm_status": "not_assessed", "safety_priority_score": 84.0, "selection_score": 69.1, "crash_window": "2019-2025" }, "geometry": { "type": "Point", "coordinates": [ -79.996768903995857, 40.441113098189277, 993653062.0 ] } },
{ "type": "Feature", "properties": { "candidate_id": "signal_1552058558", "name": "TS488", "operation_type": "Fixed", "flash_time": "00:00 - 06:00", "flash_yellow": "OLIVER AVE", "id": 1552058558, "description": "Oliver Ave - William Penn Pl", "traffic_count": 0, "crosswalk_count": 6, "hin_count": 0, "crash_count": 71, "injury_crash_count": 46, "severe_crash_count": 4, "vru_crash_count": 23, "fatalities": 0, "injuries": 60, "coverage_points": 55, "coverage_score_pre_osm": 61.1, "osm_status": "not_assessed", "safety_priority_score": 83.8, "selection_score": 69.0, "crash_window": "2019-2025" }, "geometry": { "type": "Point", "coordinates": [ -79.997225896294651, 40.440455926041864, 1552058558.0 ] } },
{ "type": "Feature", "properties": { "candidate_id": "signal_998352674", "name": "TS514", "operation_type": "Fixed", "flash_time": "24 Hr stop and go", "flash_yellow": "ROSS ST", "id": 998352674, "description": "Ross St - Second Ave", "traffic_count": 0, "crosswalk_count": 13, "hin_count": 1, "crash_count": 68, "injury_crash_count": 21, "severe_crash_count": 3, "vru_crash_count": 7, "fatalities": 1, "injuries": 25, "coverage_points": 55, "coverage_score_pre_osm": 61.1, "osm_status": "not_assessed", "safety_priority_score": 83.7, "selection_score": 69.0, "crash_window": "2019-2025" }, "geometry": { "type": "Point", "coordinates": [ -79.997118202665149, 40.43658906592902, 998352674.0 ] } },
{ "type": "Feature", "properties": { "candidate_id": "signal_1167672234", "name": "TS125", "operation_type": "Fixed", "flash_time": "03:00 - 06:00", "flash_yellow": "S 10TH ST", "id": 1167672234, "description": "Bingham St - S 10th St", "traffic_count": 0, "crosswalk_count": 8, "hin_count": 0, "crash_count": 88, "injury_crash_count": 38, "severe_crash_count": 4, "vru_crash_count": 11, "fatalities": 1, "injuries": 56, "coverage_points": 55, "coverage_score_pre_osm": 61.1, "osm_status": "not_assessed", "safety_priority_score": 83.3, "selection_score": 68.9, "crash_window": "2019-2025" }, "geometry": { "type": "Point", "coordinates": [ -79.988612337310826, 40.429422572655149, 1167672234.0 ] } },
{ "type": "Feature", "properties": { "candidate_id": "signal_775912801", "name": "TS28", "operation_type": "Fixed", "flash_time": "24 Hr stop and go", "flash_yellow": "", "id": 775912801, "description": "Blvd of the Allies - Stanwix St", "traffic_count": 0, "crosswalk_count": 8, "hin_count": 2, "crash_count": 67, "injury_crash_count": 24, "severe_crash_count": 2, "vru_crash_count": 10, "fatalities": 0, "injuries": 25, "coverage_points": 55, "coverage_score_pre_osm": 61.1, "osm_status": "not_assessed", "safety_priority_score": 83.0, "selection_score": 68.8, "crash_window": "2019-2025" }, "geometry": { "type": "Point", "coordinates": [ -80.005024466372674, 40.43960654939459, 775912801.0 ] } },
{ "type": "Feature", "properties": { "candidate_id": "signal_1300143665", "name": "TS432", "operation_type": "Fixed", "flash_time": "24 Hr stop and go", "flash_yellow": "LIBERTY AVE", "id": 1300143665, "description": "Liberty Ave - Smithfield St", "traffic_count": 0, "crosswalk_count": 9, "hin_count": 1, "crash_count": 47, "injury_crash_count": 26, "severe_crash_count": 3, "vru_crash_count": 9, "fatalities": 0, "injuries": 31, "coverage_points": 55, "coverage_score_pre_osm": 61.1, "osm_status": "not_assessed", "safety_priority_score": 83.0, "selection_score": 68.8, "crash_window": "2019-2025" }, "geometry": { "type": "Point", "coordinates": [ -79.996532802484666, 40.443317828677451, 1300143665.0 ] } },
{ "type": "Feature", "properties": { "candidate_id": "signal_1449482414", "name": "TS527", "operation_type": "Fixed", "flash_time": "24 Hr stop and go", "flash_yellow": "SEVENTH AVE", "id": 1449482414, "description": "Seventh Ave - William Penn Pl", "traffic_count": 0, "crosswalk_count": 8, "hin_count": 1, "crash_count": 79, "injury_crash_count": 42, "severe_crash_count": 1, "vru_crash_count": 11, "fatalities": 0, "injuries": 52, "coverage_points": 55, "coverage_score_pre_osm": 61.1, "osm_status": "not_assessed", "safety_priority_score": 82.8, "selection_score": 68.7, "crash_window": "2019-2025" }, "geometry": { "type": "Point", "coordinates": [ -79.995821959761315, 40.4424773321415, 1449482414.0 ] } },
{ "type": "Feature", "properties": { "candidate_id": "signal_1356486024", "name": "TSF110", "operation_type": "", "flash_time": "", "flash_yellow": "", "id": 1356486024, "description": "Yeshiva (Girls School)", "traffic_count": 1, "crosswalk_count": 4, "hin_count": 0, "crash_count": 20, "injury_crash_count": 9, "severe_crash_count": 1, "vru_crash_count": 4, "fatalities": 0, "injuries": 11, "coverage_points": 75, "coverage_score_pre_osm": 83.3, "osm_status": "not_assessed", "safety_priority_score": 41.2, "selection_score": 68.6, "crash_window": "2019-2025" }, "geometry": { "type": "Point", "coordinates": [ -79.917340420834535, 40.438525706271143, 1356486024.0 ] } },
{ "type": "Feature", "properties": { "candidate_id": "signal_491703835", "name": "TS581", "operation_type": "Fixed", "flash_time": "24 Hr stop and go", "flash_yellow": "", "id": 491703835, "description": "Bigelow Blvd - Ross St - Sixth Ave", "traffic_count": 0, "crosswalk_count": 8, "hin_count": 1, "crash_count": 77, "injury_crash_count": 38, "severe_crash_count": 1, "vru_crash_count": 13, "fatalities": 0, "injuries": 45, "coverage_points": 55, "coverage_score_pre_osm": 61.1, "osm_status": "not_assessed", "safety_priority_score": 82.5, "selection_score": 68.6, "crash_window": "2019-2025" }, "geometry": { "type": "Point", "coordinates": [ -79.994877978170564, 40.440435317222146, 491703835.0 ] } },
{ "type": "Feature", "properties": { "candidate_id": "signal_223602636", "name": "TS364", "operation_type": "Fixed", "flash_time": "19:00-6:00", "flash_yellow": "FOURTH AVE", "id": 223602636, "description": "Fourth Ave - Ross St", "traffic_count": 0, "crosswalk_count": 12, "hin_count": 0, "crash_count": 103, "injury_crash_count": 38, "severe_crash_count": 3, "vru_crash_count": 13, "fatalities": 0, "injuries": 45, "coverage_points": 55, "coverage_score_pre_osm": 61.1, "osm_status": "not_assessed", "safety_priority_score": 82.4, "selection_score": 68.6, "crash_window": "2019-2025" }, "geometry": { "type": "Point", "coordinates": [ -79.996463786718039, 40.437589623534066, 223602636.0 ] } },
{ "type": "Feature", "properties": { "candidate_id": "signal_713215469", "name": "TS240", "operation_type": "Fully Actuated", "flash_time": "24 Hr stop and go", "flash_yellow": "", "id": 713215469, "description": "Commons - Sandusky St - Stockton Ave", "traffic_count": 0, "crosswalk_count": 4, "hin_count": 1, "crash_count": 53, "injury_crash_count": 29, "severe_crash_count": 6, "vru_crash_count": 2, "fatalities": 0, "injuries": 45, "coverage_points": 55, "coverage_score_pre_osm": 61.1, "osm_status": "not_assessed", "safety_priority_score": 82.3, "selection_score": 68.5, "crash_window": "2019-2025" }, "geometry": { "type": "Point", "coordinates": [ -80.002941113920656, 40.450698051976595, 713215469.0 ] } },
{ "type": "Feature", "properties": { "candidate_id": "signal_1905858304", "name": "TS387", "operation_type": "Fixed", "flash_time": "24 Hr stop and go", "flash_yellow": "", "id": 1905858304, "description": "Grant St - Seventh Ave", "traffic_count": 0, "crosswalk_count": 6, "hin_count": 1, "crash_count": 82, "injury_crash_count": 39, "severe_crash_count": 1, "vru_crash_count": 9, "fatalities": 0, "injuries": 48, "coverage_points": 55, "coverage_score_pre_osm": 61.1, "osm_status": "not_assessed", "safety_priority_score": 82.1, "selection_score": 68.4, "crash_window": "2019-2025" }, "geometry": { "type": "Point", "coordinates": [ -79.994984850273269, 40.4421458286307, 1905858304.0 ] } },
{ "type": "Feature", "properties": { "candidate_id": "signal_1170469070", "name": "TS48", "operation_type": "Fully Actuated", "flash_time": "24 Hr stop and go", "flash_yellow": "SECOND AVE", "id": 1170469070, "description": "Armstrong Tunl - Second Ave - S 10th St", "traffic_count": 0, "crosswalk_count": 5, "hin_count": 2, "crash_count": 87, "injury_crash_count": 29, "severe_crash_count": 4, "vru_crash_count": 1, "fatalities": 1, "injuries": 47, "coverage_points": 55, "coverage_score_pre_osm": 61.1, "osm_status": "not_assessed", "safety_priority_score": 82.1, "selection_score": 68.4, "crash_window": "2019-2025" }, "geometry": { "type": "Point", "coordinates": [ -79.98982210569045, 40.434488537627054, 1170469070.0 ] } },
{ "type": "Feature", "properties": { "candidate_id": "signal_1792407600", "name": "TS202", "operation_type": "Fixed", "flash_time": "03:00 - 06:00", "flash_yellow": "E CARSON ST", "id": 1792407600, "description": "Carson St - S 20th St", "traffic_count": 0, "crosswalk_count": 4, "hin_count": 1, "crash_count": 46, "injury_crash_count": 23, "severe_crash_count": 3, "vru_crash_count": 10, "fatalities": 0, "injuries": 28, "coverage_points": 55, "coverage_score_pre_osm": 61.1, "osm_status": "not_assessed", "safety_priority_score": 82.0, "selection_score": 68.4, "crash_window": "2019-2025" }, "geometry": { "type": "Point", "coordinates": [ -79.977638666471194, 40.428595871291144, 1792407600.0 ] } },
{ "type": "Feature", "properties": { "candidate_id": "signal_2096881856", "name": "TS311", "operation_type": "Fixed", "flash_time": "00:00 - 06:00", "flash_yellow": "FIFTH AVE", "id": 2096881856, "description": "Fifth Ave - Pride St", "traffic_count": 0, "crosswalk_count": 4, "hin_count": 1, "crash_count": 55, "injury_crash_count": 20, "severe_crash_count": 3, "vru_crash_count": 9, "fatalities": 2, "injuries": 28, "coverage_points": 55, "coverage_score_pre_osm": 61.1, "osm_status": "not_assessed", "safety_priority_score": 82.0, "selection_score": 68.4, "crash_window": "2019-2025" }, "geometry": { "type": "Point", "coordinates": [ -79.985060020486671, 40.438549573053706, 2096881856.0 ] } },
{ "type": "Feature", "properties": { "candidate_id": "signal_1708291684", "name": "TS490", "operation_type": "Fixed", "flash_time": "23:00 - 06:00", "flash_yellow": "STANTON AVE", "id": 1708291684, "description": "Oranmore St - Stanton Ave", "traffic_count": 1, "crosswalk_count": 3, "hin_count": 0, "crash_count": 7, "injury_crash_count": 1, "severe_crash_count": 0, "vru_crash_count": 0, "fatalities": 0, "injuries": 2, "coverage_points": 90, "coverage_score_pre_osm": 100.0, "osm_status": "not_assessed", "safety_priority_score": 9.4, "selection_score": 68.3, "crash_window": "2019-2025" }, "geometry": { "type": "Point", "coordinates": [ -79.934780570229435, 40.480596263780811, 1708291684.0 ] } },
{ "type": "Feature", "properties": { "candidate_id": "signal_1149887471", "name": "TS658", "operation_type": "Fully Actuated", "flash_time": "24 Hr stop and go", "flash_yellow": "HOT METAL ST", "id": 1149887471, "description": "Hot Metal St - Sidney St", "traffic_count": 0, "crosswalk_count": 4, "hin_count": 1, "crash_count": 64, "injury_crash_count": 24, "severe_crash_count": 2, "vru_crash_count": 7, "fatalities": 1, "injuries": 27, "coverage_points": 55, "coverage_score_pre_osm": 61.1, "osm_status": "not_assessed", "safety_priority_score": 81.6, "selection_score": 68.3, "crash_window": "2019-2025" }, "geometry": { "type": "Point", "coordinates": [ -79.963560461512415, 40.426241739405675, 1149887471.0 ] } },
{ "type": "Feature", "properties": { "candidate_id": "signal_1544515301", "name": "TSF134", "operation_type": "", "flash_time": "", "flash_yellow": "", "id": 1544515301, "description": "Childrens Institute School", "traffic_count": 2, "crosswalk_count": 0, "hin_count": 1, "crash_count": 32, "injury_crash_count": 16, "severe_crash_count": 4, "vru_crash_count": 3, "fatalities": 0, "injuries": 21, "coverage_points": 60, "coverage_score_pre_osm": 66.7, "osm_status": "not_assessed", "safety_priority_score": 71.1, "selection_score": 68.2, "crash_window": "2019-2025" }, "geometry": { "type": "Point", "coordinates": [ -79.919966673415431, 40.443150660681937, 1544515301.0 ] } },
{ "type": "Feature", "properties": { "candidate_id": "signal_168819256", "name": "TS304", "operation_type": "Fixed", "flash_time": "0:00-6:00", "flash_yellow": "FIFTH AVE", "id": 168819256, "description": "Fifth Ave - Market St", "traffic_count": 0, "crosswalk_count": 18, "hin_count": 2, "crash_count": 47, "injury_crash_count": 26, "severe_crash_count": 2, "vru_crash_count": 17, "fatalities": 0, "injuries": 33, "coverage_points": 55, "coverage_score_pre_osm": 61.1, "osm_status": "not_assessed", "safety_priority_score": 81.3, "selection_score": 68.2, "crash_window": "2019-2025" }, "geometry": { "type": "Point", "coordinates": [ -80.002111510629817, 40.441391036855954, 168819256.0 ] } },
{ "type": "Feature", "properties": { "candidate_id": "signal_1572648454", "name": "TS36", "operation_type": "Semi Actuated", "flash_time": "24 Hr stop and go", "flash_yellow": "ANDERSON ST", "id": 1572648454, "description": "Anderson St - Lacock St", "traffic_count": 0, "crosswalk_count": 4, "hin_count": 0, "crash_count": 106, "injury_crash_count": 50, "severe_crash_count": 4, "vru_crash_count": 4, "fatalities": 0, "injuries": 71, "coverage_points": 55, "coverage_score_pre_osm": 61.1, "osm_status": "not_assessed", "safety_priority_score": 81.3, "selection_score": 68.2, "crash_window": "2019-2025" }, "geometry": { "type": "Point", "coordinates": [ -80.001015281666383, 40.44976229438376, 1572648454.0 ] } },
{ "type": "Feature", "properties": { "candidate_id": "signal_1317007354", "name": "TS430", "operation_type": "Fixed", "flash_time": "24 Hr stop and go", "flash_yellow": "LIBERTY AVE", "id": 1317007354, "description": "Liberty Ave - 7th St - Sixth Ave", "traffic_count": 0, "crosswalk_count": 10, "hin_count": 1, "crash_count": 39, "injury_crash_count": 23, "severe_crash_count": 3, "vru_crash_count": 16, "fatalities": 1, "injuries": 26, "coverage_points": 55, "coverage_score_pre_osm": 61.1, "osm_status": "not_assessed", "safety_priority_score": 81.3, "selection_score": 68.2, "crash_window": "2019-2025" }, "geometry": { "type": "Point", "coordinates": [ -79.999984953992723, 40.44239213711537, 1317007354.0 ] } },
{ "type": "Feature", "properties": { "candidate_id": "signal_1571050793", "name": "TS533", "operation_type": "Fixed", "flash_time": "24 Hr stop and go", "flash_yellow": "SIXTH AVE", "id": 1571050793, "description": "Sixth Ave - Wood St", "traffic_count": 0, "crosswalk_count": 12, "hin_count": 2, "crash_count": 37, "injury_crash_count": 24, "severe_crash_count": 3, "vru_crash_count": 16, "fatalities": 1, "injuries": 27, "coverage_points": 55, "coverage_score_pre_osm": 61.1, "osm_status": "not_assessed", "safety_priority_score": 81.3, "selection_score": 68.2, "crash_window": "2019-2025" }, "geometry": { "type": "Point", "coordinates": [ -79.999501522496288, 40.442107578977172, 1571050793.0 ] } },
{ "type": "Feature", "properties": { "candidate_id": "signal_287170893", "name": "TS138", "operation_type": "Actuated", "flash_time": "24 Hr stop and go", "flash_yellow": "FIFTH AVE", "id": 287170893, "description": "Birmingham Brdg - Fifth Ave - Kirkpatrick St", "traffic_count": 0, "crosswalk_count": 2, "hin_count": 1, "crash_count": 81, "injury_crash_count": 26, "severe_crash_count": 3, "vru_crash_count": 2, "fatalities": 0, "injuries": 36, "coverage_points": 55, "coverage_score_pre_osm": 61.1, "osm_status": "not_assessed", "safety_priority_score": 81.0, "selection_score": 68.1, "crash_window": "2019-2025" }, "geometry": { "type": "Point", "coordinates": [ -79.972649022123676, 40.437729387116718, 287170893.0 ] } },
{ "type": "Feature", "properties": { "candidate_id": "signal_166260431", "name": "TS220", "operation_type": "Fixed", "flash_time": "24 Hr stop and go", "flash_yellow": "", "id": 166260431, "description": "Centre Ave - Washington Pl", "traffic_count": 0, "crosswalk_count": 5, "hin_count": 1, "crash_count": 72, "injury_crash_count": 28, "severe_crash_count": 2, "vru_crash_count": 4, "fatalities": 0, "injuries": 37, "coverage_points": 55, "coverage_score_pre_osm": 61.1, "osm_status": "not_assessed", "safety_priority_score": 81.0, "selection_score": 68.1, "crash_window": "2019-2025" }, "geometry": { "type": "Point", "coordinates": [ -79.991452049397267, 40.440446070116046, 166260431.0 ] } },
{ "type": "Feature", "properties": { "candidate_id": "signal_130989722", "name": "TS391", "operation_type": "Fixed", "flash_time": "23:00 - 06:00", "flash_yellow": "MORNINGSIDE AVE", "id": 130989722, "description": "Greenwood St - Morningside Ave", "traffic_count": 4, "crosswalk_count": 3, "hin_count": 0, "crash_count": 5, "injury_crash_count": 1, "severe_crash_count": 0, "vru_crash_count": 0, "fatalities": 0, "injuries": 1, "coverage_points": 90, "coverage_score_pre_osm": 100.0, "osm_status": "not_assessed", "safety_priority_score": 8.6, "selection_score": 68.0, "crash_window": "2019-2025" }, "geometry": { "type": "Point", "coordinates": [ -79.927267767718035, 40.486427377547848, 130989722.0 ] } },
{ "type": "Feature", "properties": { "candidate_id": "signal_913547561", "name": "TS282", "operation_type": "Fixed / Ped Actuated", "flash_time": "24 Hr stop and go", "flash_yellow": "GRANT ST", "id": 913547561, "description": "Grant St - Liberty Ave - 11th St", "traffic_count": 0, "crosswalk_count": 6, "hin_count": 1, "crash_count": 47, "injury_crash_count": 24, "severe_crash_count": 4, "vru_crash_count": 4, "fatalities": 0, "injuries": 30, "coverage_points": 55, "coverage_score_pre_osm": 61.1, "osm_status": "not_assessed", "safety_priority_score": 80.9, "selection_score": 68.0, "crash_window": "2019-2025" }, "geometry": { "type": "Point", "coordinates": [ -79.993454217615508, 40.444132066541897, 913547561.0 ] } },
{ "type": "Feature", "properties": { "candidate_id": "signal_908093154", "name": "TS74", "operation_type": "Fully Actuated", "flash_time": "24 Hr stop and go", "flash_yellow": "SAW MILL RUN BLVD", "id": 908093154, "description": "Bausman St - Saw Mill Run Blvd", "traffic_count": 0, "crosswalk_count": 3, "hin_count": 3, "crash_count": 87, "injury_crash_count": 25, "severe_crash_count": 4, "vru_crash_count": 1, "fatalities": 1, "injuries": 32, "coverage_points": 55, "coverage_score_pre_osm": 61.1, "osm_status": "not_assessed", "safety_priority_score": 80.8, "selection_score": 68.0, "crash_window": "2019-2025" }, "geometry": { "type": "Point", "coordinates": [ -80.006089334700377, 40.411095163203584, 908093154.0 ] } },
{ "type": "Feature", "properties": { "candidate_id": "signal_1333689282", "name": "TS308", "operation_type": "Fixed", "flash_time": "24 Hr stop and go", "flash_yellow": "FIFTH AVE", "id": 1333689282, "description": "Fifth Ave - Neville St", "traffic_count": 0, "crosswalk_count": 7, "hin_count": 1, "crash_count": 48, "injury_crash_count": 20, "severe_crash_count": 3, "vru_crash_count": 9, "fatalities": 0, "injuries": 22, "coverage_points": 55, "coverage_score_pre_osm": 61.1, "osm_status": "not_assessed", "safety_priority_score": 80.6, "selection_score": 67.9, "crash_window": "2019-2025" }, "geometry": { "type": "Point", "coordinates": [ -79.947286109263302, 40.447084401257378, 1333689282.0 ] } },
{ "type": "Feature", "properties": { "candidate_id": "signal_1305271765", "name": "TS524", "operation_type": "Semi Actuated", "flash_time": "24 Hr stop and go", "flash_yellow": "SAW MILL RUN BLVD", "id": 1305271765, "description": "Saw Mill Run Blvd - Woodruff St", "traffic_count": 0, "crosswalk_count": 3, "hin_count": 1, "crash_count": 113, "injury_crash_count": 30, "severe_crash_count": 4, "vru_crash_count": 0, "fatalities": 1, "injuries": 38, "coverage_points": 55, "coverage_score_pre_osm": 61.1, "osm_status": "not_assessed", "safety_priority_score": 80.5, "selection_score": 67.9, "crash_window": "2019-2025" }, "geometry": { "type": "Point", "coordinates": [ -80.019892697337497, 40.425832866595542, 1305271765.0 ] } },
{ "type": "Feature", "properties": { "candidate_id": "signal_1614046252", "name": "TSF155", "operation_type": "", "flash_time": "", "flash_yellow": "", "id": 1614046252, "description": "Flashing Beacon and Speed Minder", "traffic_count": 1, "crosswalk_count": 0, "hin_count": 2, "crash_count": 81, "injury_crash_count": 23, "severe_crash_count": 1, "vru_crash_count": 1, "fatalities": 0, "injuries": 25, "coverage_points": 60, "coverage_score_pre_osm": 66.7, "osm_status": "not_assessed", "safety_priority_score": 69.2, "selection_score": 67.6, "crash_window": "2019-2025" }, "geometry": { "type": "Point", "coordinates": [ -79.92702651661449, 40.426750818079149, 1614046252.0 ] } },
{ "type": "Feature", "properties": { "candidate_id": "signal_988626690", "name": "TS433", "operation_type": "Fixed", "flash_time": "24 Hr stop and go", "flash_yellow": "LIBERTY AVE", "id": 988626690, "description": "Liberty Ave -10th St - William Penn Pl", "traffic_count": 0, "crosswalk_count": 4, "hin_count": 1, "crash_count": 39, "injury_crash_count": 24, "severe_crash_count": 3, "vru_crash_count": 7, "fatalities": 0, "injuries": 30, "coverage_points": 55, "coverage_score_pre_osm": 61.1, "osm_status": "not_assessed", "safety_priority_score": 79.8, "selection_score": 67.6, "crash_window": "2019-2025" }, "geometry": { "type": "Point", "coordinates": [ -79.995240405268575, 40.44365812116795, 988626690.0 ] } },
{ "type": "Feature", "properties": { "candidate_id": "signal_1423513398", "name": "TS388", "operation_type": "Fixed", "flash_time": "24 Hr stop and go", "flash_yellow": "GRANT ST", "id": 1423513398, "description": "Grant St - Sixth Ave", "traffic_count": 0, "crosswalk_count": 6, "hin_count": 2, "crash_count": 58, "injury_crash_count": 32, "severe_crash_count": 1, "vru_crash_count": 14, "fatalities": 0, "injuries": 37, "coverage_points": 55, "coverage_score_pre_osm": 61.1, "osm_status": "not_assessed", "safety_priority_score": 79.5, "selection_score": 67.5, "crash_window": "2019-2025" }, "geometry": { "type": "Point", "coordinates": [ -79.995879021197297, 40.440790850695784, 1423513398.0 ] } },
{ "type": "Feature", "properties": { "candidate_id": "signal_2075281814", "name": "TS153", "operation_type": "Semi Actuated", "flash_time": "24 Hr. stop and go", "flash_yellow": "CENTRE AVE", "id": 2075281814, "description": "Broad St - Centre Ave", "traffic_count": 0, "crosswalk_count": 8, "hin_count": 2, "crash_count": 62, "injury_crash_count": 32, "severe_crash_count": 1, "vru_crash_count": 9, "fatalities": 0, "injuries": 49, "coverage_points": 55, "coverage_score_pre_osm": 61.1, "osm_status": "not_assessed", "safety_priority_score": 79.3, "selection_score": 67.5, "crash_window": "2019-2025" }, "geometry": { "type": "Point", "coordinates": [ -79.922080045012109, 40.461671482698996, 2075281814.0 ] } },
{ "type": "Feature", "properties": { "candidate_id": "signal_298195580", "name": "TS422", "operation_type": "Fixed", "flash_time": "24 Hr stop and go", "flash_yellow": "LIBERTY AVE", "id": 298195580, "description": "Liberty Ave - Market St - 6th St", "traffic_count": 0, "crosswalk_count": 10, "hin_count": 1, "crash_count": 47, "injury_crash_count": 22, "severe_crash_count": 2, "vru_crash_count": 13, "fatalities": 0, "injuries": 29, "coverage_points": 55, "coverage_score_pre_osm": 61.1, "osm_status": "not_assessed", "safety_priority_score": 79.3, "selection_score": 67.5, "crash_window": "2019-2025" }, "geometry": { "type": "Point", "coordinates": [ -80.001798012070367, 40.44193147882639, 298195580.0 ] } },
{ "type": "Feature", "properties": { "candidate_id": "signal_115917577", "name": "TS493", "operation_type": "Fixed", "flash_time": "24 Hr stop and go", "flash_yellow": "PENN AVE", "id": 115917577, "description": "Penn Ave - 7th St", "traffic_count": 0, "crosswalk_count": 4, "hin_count": 1, "crash_count": 36, "injury_crash_count": 20, "severe_crash_count": 3, "vru_crash_count": 14, "fatalities": 1, "injuries": 23, "coverage_points": 55, "coverage_score_pre_osm": 61.1, "osm_status": "not_assessed", "safety_priority_score": 79.0, "selection_score": 67.4, "crash_window": "2019-2025" }, "geometry": { "type": "Point", "coordinates": [ -80.000262975853602, 40.443238476083529, 115917577.0 ] } },
{ "type": "Feature", "properties": { "candidate_id": "signal_1029047981", "name": "TSF18", "operation_type": "", "flash_time": "", "flash_yellow": "", "id": 1029047981, "description": "HOMEWOOD PRE-SCHOOL (CLOSED)", "traffic_count": 2, "crosswalk_count": 4, "hin_count": 1, "crash_count": 11, "injury_crash_count": 6, "severe_crash_count": 1, "vru_crash_count": 1, "fatalities": 0, "injuries": 7, "coverage_points": 75, "coverage_score_pre_osm": 83.3, "osm_status": "not_assessed", "safety_priority_score": 37.5, "selection_score": 67.3, "crash_window": "2019-2025" }, "geometry": { "type": "Point", "coordinates": [ -79.899424695953343, 40.454650974669555, 1029047981.0 ] } },
{ "type": "Feature", "properties": { "candidate_id": "signal_240886970", "name": "TS47", "operation_type": "Fixed", "flash_time": "23:00 - 06:00", "flash_yellow": "FORBES AVE", "id": 240886970, "description": "Armstrong Tunl - Forbes Ave", "traffic_count": 0, "crosswalk_count": 1, "hin_count": 1, "crash_count": 44, "injury_crash_count": 19, "severe_crash_count": 3, "vru_crash_count": 8, "fatalities": 2, "injuries": 20, "coverage_points": 55, "coverage_score_pre_osm": 61.1, "osm_status": "not_assessed", "safety_priority_score": 78.9, "selection_score": 67.3, "crash_window": "2019-2025" }, "geometry": { "type": "Point", "coordinates": [ -79.992054678335464, 40.437978676856275, 240886970.0 ] } },
{ "type": "Feature", "properties": { "candidate_id": "signal_986882660", "name": "TSF112", "operation_type": "", "flash_time": "", "flash_yellow": "", "id": 986882660, "description": "CRAIGHOUSE TECHNOMA (CLOSED)", "traffic_count": 3, "crosswalk_count": 4, "hin_count": 1, "crash_count": 17, "injury_crash_count": 8, "severe_crash_count": 0, "vru_crash_count": 2, "fatalities": 0, "injuries": 10, "coverage_points": 75, "coverage_score_pre_osm": 83.3, "osm_status": "not_assessed", "safety_priority_score": 37.3, "selection_score": 67.2, "crash_window": "2019-2025" }, "geometry": { "type": "Point", "coordinates": [ -79.926836065640018, 40.471168269111125, 986882660.0 ] } },
{ "type": "Feature", "properties": { "candidate_id": "signal_102678072", "name": "TS283", "operation_type": "Fixed", "flash_time": "24 hour stop and go", "flash_yellow": "ELEVENTH ST", "id": 102678072, "description": "Penn Ave - 11th St", "traffic_count": 0, "crosswalk_count": 4, "hin_count": 1, "crash_count": 45, "injury_crash_count": 21, "severe_crash_count": 3, "vru_crash_count": 5, "fatalities": 0, "injuries": 27, "coverage_points": 55, "coverage_score_pre_osm": 61.1, "osm_status": "not_assessed", "safety_priority_score": 78.6, "selection_score": 67.2, "crash_window": "2019-2025" }, "geometry": { "type": "Point", "coordinates": [ -79.99386220951051, 40.444944477415866, 102678072.0 ] } },
{ "type": "Feature", "properties": { "candidate_id": "signal_350209643", "name": "TS208", "operation_type": "Fixed / Ped Actuated", "flash_time": "24 Hr stop and go", "flash_yellow": "CENTRE AVE", "id": 350209643, "description": "Centre Ave - Craig St", "traffic_count": 0, "crosswalk_count": 4, "hin_count": 1, "crash_count": 52, "injury_crash_count": 20, "severe_crash_count": 2, "vru_crash_count": 9, "fatalities": 0, "injuries": 26, "coverage_points": 55, "coverage_score_pre_osm": 61.1, "osm_status": "not_assessed", "safety_priority_score": 78.5, "selection_score": 67.2, "crash_window": "2019-2025" }, "geometry": { "type": "Point", "coordinates": [ -79.952020930262748, 40.451891500921143, 350209643.0 ] } },
{ "type": "Feature", "properties": { "candidate_id": "signal_1799478826", "name": "TS252", "operation_type": "Fully Actuated", "flash_time": "stop and go", "flash_yellow": "PENN AVE", "id": 1799478826, "description": "Dallas Ave - Penn Ave", "traffic_count": 0, "crosswalk_count": 8, "hin_count": 2, "crash_count": 60, "injury_crash_count": 28, "severe_crash_count": 2, "vru_crash_count": 3, "fatalities": 0, "injuries": 43, "coverage_points": 55, "coverage_score_pre_osm": 61.1, "osm_status": "not_assessed", "safety_priority_score": 78.3, "selection_score": 67.1, "crash_window": "2019-2025" }, "geometry": { "type": "Point", "coordinates": [ -79.908194876844476, 40.451494903491756, 1799478826.0 ] } },
{ "type": "Feature", "properties": { "candidate_id": "signal_808651266", "name": "TS643", "operation_type": "Semi Actuated", "flash_time": "24 Hr stop and go", "flash_yellow": "E CARSON ST", "id": 808651266, "description": "Carson St - Hot Metal St", "traffic_count": 0, "crosswalk_count": 3, "hin_count": 1, "crash_count": 62, "injury_crash_count": 23, "severe_crash_count": 2, "vru_crash_count": 4, "fatalities": 0, "injuries": 25, "coverage_points": 55, "coverage_score_pre_osm": 61.1, "osm_status": "not_assessed", "safety_priority_score": 78.3, "selection_score": 67.1, "crash_window": "2019-2025" }, "geometry": { "type": "Point", "coordinates": [ -79.964600213010272, 40.425474258453825, 808651266.0 ] } },
{ "type": "Feature", "properties": { "candidate_id": "signal_531364141", "name": "TS352", "operation_type": "Fixed", "flash_time": "24 Hr stop and go", "flash_yellow": "FORT PITT BLVD", "id": 531364141, "description": "Fort Pitt Blvd - Smithfield St", "traffic_count": 0, "crosswalk_count": 10, "hin_count": 2, "crash_count": 73, "injury_crash_count": 32, "severe_crash_count": 1, "vru_crash_count": 5, "fatalities": 0, "injuries": 55, "coverage_points": 55, "coverage_score_pre_osm": 61.1, "osm_status": "not_assessed", "safety_priority_score": 78.2, "selection_score": 67.1, "crash_window": "2019-2025" }, "geometry": { "type": "Point", "coordinates": [ -80.000894810849431, 40.436727766138588, 531364141.0 ] } },
{ "type": "Feature", "properties": { "candidate_id": "signal_1574994564", "name": "TSF138", "operation_type": "", "flash_time": "", "flash_yellow": "", "id": 1574994564, "description": "Ped Crossing - S Braddock Ave And Biddle Ave", "traffic_count": 1, "crosswalk_count": 4, "hin_count": 1, "crash_count": 18, "injury_crash_count": 7, "severe_crash_count": 0, "vru_crash_count": 2, "fatalities": 0, "injuries": 9, "coverage_points": 75, "coverage_score_pre_osm": 83.3, "osm_status": "not_assessed", "safety_priority_score": 36.8, "selection_score": 67.0, "crash_window": "2019-2025" }, "geometry": { "type": "Point", "coordinates": [ -79.896444693290107, 40.436901367575501, 1574994564.0 ] } },
{ "type": "Feature", "properties": { "candidate_id": "signal_1524907386", "name": "TS137", "operation_type": "Fixed", "flash_time": "03:00 - 06:00", "flash_yellow": "E CARSON ST", "id": 1524907386, "description": "Carson St - S 22nd St", "traffic_count": 0, "crosswalk_count": 5, "hin_count": 1, "crash_count": 63, "injury_crash_count": 26, "severe_crash_count": 1, "vru_crash_count": 9, "fatalities": 0, "injuries": 31, "coverage_points": 55, "coverage_score_pre_osm": 61.1, "osm_status": "not_assessed", "safety_priority_score": 77.8, "selection_score": 66.9, "crash_window": "2019-2025" }, "geometry": { "type": "Point", "coordinates": [ -79.974641999421934, 40.428420554272726, 1524907386.0 ] } },
{ "type": "Feature", "properties": { "candidate_id": "signal_484820394", "name": "TS405", "operation_type": "Fixed / Ped Actuated", "flash_time": "24 Hr stop and go", "flash_yellow": "N HOMEWOOD AVE", "id": 484820394, "description": "Homewood Ave - Kelly St", "traffic_count": 0, "crosswalk_count": 4, "hin_count": 1, "crash_count": 44, "injury_crash_count": 26, "severe_crash_count": 3, "vru_crash_count": 3, "fatalities": 0, "injuries": 42, "coverage_points": 55, "coverage_score_pre_osm": 61.1, "osm_status": "not_assessed", "safety_priority_score": 77.8, "selection_score": 66.9, "crash_window": "2019-2025" }, "geometry": { "type": "Point", "coordinates": [ -79.897027336540987, 40.455534146419105, 484820394.0 ] } },
{ "type": "Feature", "properties": { "candidate_id": "signal_1618769366", "name": "TS429", "operation_type": "Fixed", "flash_time": "24 Hr stop and go", "flash_yellow": "LIBERTY AVE", "id": 1618769366, "description": "Liberty Ave - Seventh Ave", "traffic_count": 0, "crosswalk_count": 12, "hin_count": 1, "crash_count": 42, "injury_crash_count": 23, "severe_crash_count": 2, "vru_crash_count": 9, "fatalities": 0, "injuries": 26, "coverage_points": 55, "coverage_score_pre_osm": 61.1, "osm_status": "not_assessed", "safety_priority_score": 77.8, "selection_score": 66.9, "crash_window": "2019-2025" }, "geometry": { "type": "Point", "coordinates": [ -79.997322656062977, 40.443083557769455, 1618769366.0 ] } },
{ "type": "Feature", "properties": { "candidate_id": "signal_1383055199", "name": "TS526", "operation_type": "Fixed", "flash_time": "24 Hr stop and go", "flash_yellow": "SMITHFIELD ST", "id": 1383055199, "description": "Seventh Ave - Smithfield St", "traffic_count": 0, "crosswalk_count": 11, "hin_count": 1, "crash_count": 42, "injury_crash_count": 24, "severe_crash_count": 2, "vru_crash_count": 7, "fatalities": 0, "injuries": 29, "coverage_points": 55, "coverage_score_pre_osm": 61.1, "osm_status": "not_assessed", "safety_priority_score": 77.5, "selection_score": 66.8, "crash_window": "2019-2025" }, "geometry": { "type": "Point", "coordinates": [ -79.996844339123527, 40.442838450280121, 1383055199.0 ] } },
{ "type": "Feature", "properties": { "candidate_id": "signal_118467825", "name": "TS571", "operation_type": "Fixed", "flash_time": "03:00 - 06:00 Sun - Sat", "flash_yellow": "E CARSON ST", "id": 118467825, "description": "Carson St - S 14th St", "traffic_count": 0, "crosswalk_count": 4, "hin_count": 1, "crash_count": 48, "injury_crash_count": 16, "severe_crash_count": 3, "vru_crash_count": 7, "fatalities": 0, "injuries": 19, "coverage_points": 55, "coverage_score_pre_osm": 61.1, "osm_status": "not_assessed", "safety_priority_score": 77.5, "selection_score": 66.8, "crash_window": "2019-2025" }, "geometry": { "type": "Point", "coordinates": [ -79.984149356960643, 40.428807213980939, 118467825.0 ] } },
{ "type": "Feature", "properties": { "candidate_id": "signal_1096218171", "name": "TS589", "operation_type": "Fixed", "flash_time": "00:00 - 06:00", "flash_yellow": "FIFTH AVE", "id": 1096218171, "description": "Fifth Ave - Marion St", "traffic_count": 0, "crosswalk_count": 1, "hin_count": 1, "crash_count": 55, "injury_crash_count": 18, "severe_crash_count": 2, "vru_crash_count": 8, "fatalities": 2, "injuries": 22, "coverage_points": 55, "coverage_score_pre_osm": 61.1, "osm_status": "not_assessed", "safety_priority_score": 77.5, "selection_score": 66.8, "crash_window": "2019-2025" }, "geometry": { "type": "Point", "coordinates": [ -79.984088726516688, 40.438505209953142, 1096218171.0 ] } },
{ "type": "Feature", "properties": { "candidate_id": "signal_1848524786", "name": "TS169", "operation_type": "Fixed", "flash_time": "24 Hr stop and go", "flash_yellow": "FRANKSTOWN AVE", "id": 1848524786, "description": "Brushton Ave - Frankstown Ave", "traffic_count": 0, "crosswalk_count": 3, "hin_count": 1, "crash_count": 60, "injury_crash_count": 30, "severe_crash_count": 2, "vru_crash_count": 2, "fatalities": 0, "injuries": 43, "coverage_points": 55, "coverage_score_pre_osm": 61.1, "osm_status": "not_assessed", "safety_priority_score": 77.4, "selection_score": 66.8, "crash_window": "2019-2025" }, "geometry": { "type": "Point", "coordinates": [ -79.888096248706177, 40.45553451963022, 1848524786.0 ] } },
{ "type": "Feature", "properties": { "candidate_id": "signal_1520279679", "name": "TSF141", "operation_type": "", "flash_time": "", "flash_yellow": "", "id": 1520279679, "description": "Environmental Charter School", "traffic_count": 2, "crosswalk_count": 5, "hin_count": 1, "crash_count": 19, "injury_crash_count": 8, "severe_crash_count": 0, "vru_crash_count": 1, "fatalities": 0, "injuries": 9, "coverage_points": 75, "coverage_score_pre_osm": 83.3, "osm_status": "not_assessed", "safety_priority_score": 36.0, "selection_score": 66.7, "crash_window": "2019-2025" }, "geometry": { "type": "Point", "coordinates": [ -79.895780265170004, 40.444961124328508, 1520279679.0 ] } },
{ "type": "Feature", "properties": { "candidate_id": "signal_345272195", "name": "TS195", "operation_type": "Fully Actuated", "flash_time": "24 Hr stop and go", "flash_yellow": "CARSON ST RAMP", "id": 345272195, "description": "Carson St - Corliss St", "traffic_count": 0, "crosswalk_count": 1, "hin_count": 1, "crash_count": 56, "injury_crash_count": 28, "severe_crash_count": 3, "vru_crash_count": 1, "fatalities": 0, "injuries": 47, "coverage_points": 55, "coverage_score_pre_osm": 61.1, "osm_status": "not_assessed", "safety_priority_score": 76.6, "selection_score": 66.5, "crash_window": "2019-2025" }, "geometry": { "type": "Point", "coordinates": [ -80.039391353273942, 40.45288321410262, 345272195.0 ] } },
{ "type": "Feature", "properties": { "candidate_id": "signal_1344463389", "name": "TS522", "operation_type": "Fully Actuated", "flash_time": "24 Hr stop and go", "flash_yellow": "SAW MILL RUN BLVD", "id": 1344463389, "description": "Saw Mill Run Blvd - Warrington Ave", "traffic_count": 0, "crosswalk_count": 1, "hin_count": 2, "crash_count": 70, "injury_crash_count": 25, "severe_crash_count": 4, "vru_crash_count": 0, "fatalities": 0, "injuries": 33, "coverage_points": 55, "coverage_score_pre_osm": 61.1, "osm_status": "not_assessed", "safety_priority_score": 76.5, "selection_score": 66.5, "crash_window": "2019-2025" }, "geometry": { "type": "Point", "coordinates": [ -80.011389482911582, 40.415043083089856, 1344463389.0 ] } },
{ "type": "Feature", "properties": { "candidate_id": "signal_2105552586", "name": "TS130", "operation_type": "Fixed", "flash_time": "24 Hr stop and go", "flash_yellow": "FIFTH AVE", "id": 2105552586, "description": "Bouquet St - Fifth Ave", "traffic_count": 0, "crosswalk_count": 8, "hin_count": 1, "crash_count": 38, "injury_crash_count": 19, "severe_crash_count": 2, "vru_crash_count": 17, "fatalities": 2, "injuries": 20, "coverage_points": 55, "coverage_score_pre_osm": 61.1, "osm_status": "not_assessed", "safety_priority_score": 76.2, "selection_score": 66.4, "crash_window": "2019-2025" }, "geometry": { "type": "Point", "coordinates": [ -79.957441074980451, 40.442521544703091, 2105552586.0 ] } },
{ "type": "Feature", "properties": { "candidate_id": "signal_1109342238", "name": "TS435", "operation_type": "Fixed", "flash_time": "24 Hr stop and go", "flash_yellow": "LIBERTY AVE", "id": 1109342238, "description": "Liberty Ave - 31st St", "traffic_count": 0, "crosswalk_count": 4, "hin_count": 1, "crash_count": 48, "injury_crash_count": 21, "severe_crash_count": 2, "vru_crash_count": 5, "fatalities": 0, "injuries": 27, "coverage_points": 55, "coverage_score_pre_osm": 61.1, "osm_status": "not_assessed", "safety_priority_score": 76.2, "selection_score": 66.4, "crash_window": "2019-2025" }, "geometry": { "type": "Point", "coordinates": [ -79.970688906869469, 40.459230366037659, 1109342238.0 ] } },
{ "type": "Feature", "properties": { "candidate_id": "signal_1781568461", "name": "TS44", "operation_type": "Fully Actuated", "flash_time": "24 Hr stop and go", "flash_yellow": "E CARSON ST", "id": 1781568461, "description": "Arlington Ave - Carson St", "traffic_count": 0, "crosswalk_count": 4, "hin_count": 1, "crash_count": 41, "injury_crash_count": 20, "severe_crash_count": 3, "vru_crash_count": 4, "fatalities": 0, "injuries": 28, "coverage_points": 55, "coverage_score_pre_osm": 61.1, "osm_status": "not_assessed", "safety_priority_score": 75.9, "selection_score": 66.3, "crash_window": "2019-2025" }, "geometry": { "type": "Point", "coordinates": [ -80.001487920546083, 40.430954471886523, 1781568461.0 ] } },
{ "type": "Feature", "properties": { "candidate_id": "signal_517078947", "name": "TS46", "operation_type": "Fully Actuated", "flash_time": "24 Hr stop and go", "flash_yellow": "ARLINGTON AVE", "id": 517078947, "description": "Arlington Ave - Warrington Ave", "traffic_count": 0, "crosswalk_count": 6, "hin_count": 2, "crash_count": 60, "injury_crash_count": 24, "severe_crash_count": 1, "vru_crash_count": 7, "fatalities": 0, "injuries": 29, "coverage_points": 55, "coverage_score_pre_osm": 61.1, "osm_status": "not_assessed", "safety_priority_score": 75.7, "selection_score": 66.2, "crash_window": "2019-2025" }, "geometry": { "type": "Point", "coordinates": [ -79.992327847479373, 40.421816147258589, 517078947.0 ] } },
{ "type": "Feature", "properties": { "candidate_id": "signal_1431836547", "name": "TS108", "operation_type": "Fixed", "flash_time": "24 Hr stop and go", "flash_yellow": "BENNETT ST", "id": 1431836547, "description": "Bennett St - Frankstown Ave - Tokay St", "traffic_count": 0, "crosswalk_count": 4, "hin_count": 1, "crash_count": 44, "injury_crash_count": 20, "severe_crash_count": 4, "vru_crash_count": 2, "fatalities": 0, "injuries": 25, "coverage_points": 55, "coverage_score_pre_osm": 61.1, "osm_status": "not_assessed", "safety_priority_score": 75.6, "selection_score": 66.2, "crash_window": "2019-2025" }, "geometry": { "type": "Point", "coordinates": [ -79.880705705108312, 40.454704131021764, 1431836547.0 ] } },
{ "type": "Feature", "properties": { "candidate_id": "signal_144717567", "name": "TS631", "operation_type": "Semi Actuated", "flash_time": "23:00 - 06:00", "flash_yellow": "SECOND AVE", "id": 144717567, "description": "County Driveway - Second Ave", "traffic_count": 0, "crosswalk_count": 1, "hin_count": 1, "crash_count": 64, "injury_crash_count": 24, "severe_crash_count": 4, "vru_crash_count": 0, "fatalities": 0, "injuries": 34, "coverage_points": 55, "coverage_score_pre_osm": 61.1, "osm_status": "not_assessed", "safety_priority_score": 75.6, "selection_score": 66.2, "crash_window": "2019-2025" }, "geometry": { "type": "Point", "coordinates": [ -79.987097174523086, 40.434531962292041, 144717567.0 ] } },
{ "type": "Feature", "properties": { "candidate_id": "signal_27827760", "name": "TS677", "operation_type": "Semi Actuated", "flash_time": "24 Hr stop and go", "flash_yellow": "PENN AVE", "id": 27827760, "description": "Penn Ave - Spirit St", "traffic_count": 0, "crosswalk_count": 3, "hin_count": 1, "crash_count": 49, "injury_crash_count": 27, "severe_crash_count": 1, "vru_crash_count": 9, "fatalities": 1, "injuries": 34, "coverage_points": 55, "coverage_score_pre_osm": 61.1, "osm_status": "not_assessed", "safety_priority_score": 75.5, "selection_score": 66.1, "crash_window": "2019-2025" }, "geometry": { "type": "Point", "coordinates": [ -79.921669155601165, 40.460314969452, 27827760.0 ] } },
{ "type": "Feature", "properties": { "candidate_id": "signal_985147153", "name": "TS70", "operation_type": "Fully Actuated", "flash_time": "24 Hr stop and go", "flash_yellow": "BAUM BLVD", "id": 985147153, "description": "Baum Blvd - Millvale Ave", "traffic_count": 0, "crosswalk_count": 4, "hin_count": 1, "crash_count": 92, "injury_crash_count": 42, "severe_crash_count": 0, "vru_crash_count": 10, "fatalities": 0, "injuries": 50, "coverage_points": 55, "coverage_score_pre_osm": 61.1, "osm_status": "not_assessed", "safety_priority_score": 75.5, "selection_score": 66.1, "crash_window": "2019-2025" }, "geometry": { "type": "Point", "coordinates": [ -79.94767676199038, 40.454391210769835, 985147153.0 ] } },
{ "type": "Feature", "properties": { "candidate_id": "signal_1732838793", "name": "TS176", "operation_type": "Fixed", "flash_time": "24 Hr stop and go", "flash_yellow": "BUTLER ST", "id": 1732838793, "description": "Butler St - 44th St", "traffic_count": 0, "crosswalk_count": 4, "hin_count": 1, "crash_count": 40, "injury_crash_count": 19, "severe_crash_count": 2, "vru_crash_count": 9, "fatalities": 0, "injuries": 19, "coverage_points": 55, "coverage_score_pre_osm": 61.1, "osm_status": "not_assessed", "safety_priority_score": 75.4, "selection_score": 66.1, "crash_window": "2019-2025" }, "geometry": { "type": "Point", "coordinates": [ -79.959798156818778, 40.471469055739455, 1732838793.0 ] } },
{ "type": "Feature", "properties": { "candidate_id": "signal_723932146", "name": "TS300", "operation_type": "Fixed", "flash_time": "24 Hr stop and go", "flash_yellow": "FIFTH AVE", "id": 723932146, "description": "Chatham Sq - Fifth Ave - Washington Pl", "traffic_count": 0, "crosswalk_count": 5, "hin_count": 1, "crash_count": 38, "injury_crash_count": 16, "severe_crash_count": 3, "vru_crash_count": 7, "fatalities": 2, "injuries": 17, "coverage_points": 55, "coverage_score_pre_osm": 61.1, "osm_status": "not_assessed", "safety_priority_score": 75.4, "selection_score": 66.1, "crash_window": "2019-2025" }, "geometry": { "type": "Point", "coordinates": [ -79.990946831909625, 40.438814577696967, 723932146.0 ] } },
{ "type": "Feature", "properties": { "candidate_id": "signal_2031145793", "name": "TS657", "operation_type": "Semi Actuated", "flash_time": "24 Hr stop and go", "flash_yellow": "HOT METAL ST BRG", "id": 2031145793, "description": "Hot Metal St - Water St", "traffic_count": 0, "crosswalk_count": 4, "hin_count": 1, "crash_count": 44, "injury_crash_count": 21, "severe_crash_count": 2, "vru_crash_count": 5, "fatalities": 0, "injuries": 24, "coverage_points": 55, "coverage_score_pre_osm": 61.1, "osm_status": "not_assessed", "safety_priority_score": 75.4, "selection_score": 66.1, "crash_window": "2019-2025" }, "geometry": { "type": "Point", "coordinates": [ -79.962533451849595, 40.427276366700042, 2031145793.0 ] } },
{ "type": "Feature", "properties": { "candidate_id": "signal_928670804", "name": "TS276", "operation_type": "Semi Actuated", "flash_time": "01:00 - 05:00", "flash_yellow": "SAW MILL RUN BLVD", "id": 928670804, "description": "Edgebrook Ave - Saw Mill Run Blvd", "traffic_count": 0, "crosswalk_count": 4, "hin_count": 1, "crash_count": 72, "injury_crash_count": 26, "severe_crash_count": 3, "vru_crash_count": 0, "fatalities": 0, "injuries": 35, "coverage_points": 55, "coverage_score_pre_osm": 61.1, "osm_status": "not_assessed", "safety_priority_score": 75.1, "selection_score": 66.0, "crash_window": "2019-2025" }, "geometry": { "type": "Point", "coordinates": [ -80.000668184767861, 40.402075681989771, 928670804.0 ] } },
{ "type": "Feature", "properties": { "candidate_id": "signal_1205419201", "name": "TS139", "operation_type": "Fully Actuated", "flash_time": "24 Hr stop and go", "flash_yellow": "FORBES AVE", "id": 1205419201, "description": "Birmingham Brg - Brady St - Forbes Ave", "traffic_count": 0, "crosswalk_count": 3, "hin_count": 0, "crash_count": 115, "injury_crash_count": 34, "severe_crash_count": 3, "vru_crash_count": 2, "fatalities": 0, "injuries": 45, "coverage_points": 55, "coverage_score_pre_osm": 61.1, "osm_status": "not_assessed", "safety_priority_score": 75.0, "selection_score": 66.0, "crash_window": "2019-2025" }, "geometry": { "type": "Point", "coordinates": [ -79.973461179252325, 40.437156876657461, 1205419201.0 ] } },
{ "type": "Feature", "properties": { "candidate_id": "signal_603591335", "name": "TS515", "operation_type": "Fixed", "flash_time": "03:00 - 06:00", "flash_yellow": "SARAH ST", "id": 603591335, "description": "Sarah St - S 12th St", "traffic_count": 0, "crosswalk_count": 2, "hin_count": 0, "crash_count": 55, "injury_crash_count": 19, "severe_crash_count": 7, "vru_crash_count": 8, "fatalities": 1, "injuries": 25, "coverage_points": 55, "coverage_score_pre_osm": 61.1, "osm_status": "not_assessed", "safety_priority_score": 74.6, "selection_score": 65.8, "crash_window": "2019-2025" }, "geometry": { "type": "Point", "coordinates": [ -79.986362653107122, 40.427746444653572, 603591335.0 ] } },
{ "type": "Feature", "properties": { "candidate_id": "signal_2030251548", "name": "TS293", "operation_type": "Fixed", "flash_time": "1:00-6:00", "flash_yellow": "FEDERAL ST", "id": 2030251548, "description": "Federal St - Lacock St", "traffic_count": 0, "crosswalk_count": 4, "hin_count": 0, "crash_count": 72, "injury_crash_count": 34, "severe_crash_count": 4, "vru_crash_count": 2, "fatalities": 0, "injuries": 41, "coverage_points": 55, "coverage_score_pre_osm": 61.1, "osm_status": "not_assessed", "safety_priority_score": 74.4, "selection_score": 65.8, "crash_window": "2019-2025" }, "geometry": { "type": "Point", "coordinates": [ -80.004529684644808, 40.449144784962712, 2030251548.0 ] } },
{ "type": "Feature", "properties": { "candidate_id": "signal_757243668", "name": "TSF151", "operation_type": "", "flash_time": "", "flash_yellow": "", "id": 757243668, "description": "RRFB - Cohassett and Grandview", "traffic_count": 1, "crosswalk_count": 4, "hin_count": 0, "crash_count": 8, "injury_crash_count": 4, "severe_crash_count": 2, "vru_crash_count": 3, "fatalities": 0, "injuries": 5, "coverage_points": 75, "coverage_score_pre_osm": 83.3, "osm_status": "not_assessed", "safety_priority_score": 33.1, "selection_score": 65.7, "crash_window": "2019-2025" }, "geometry": { "type": "Point", "coordinates": [ -80.018219184472201, 40.437787448975833, 757243668.0 ] } },
{ "type": "Feature", "properties": { "candidate_id": "signal_1621194912", "name": "TS453", "operation_type": "Fully Actuated", "flash_time": "24 Hr stop and go", "flash_yellow": "WESTERN AVE RAMP", "id": 1621194912, "description": "West End Brg - Western Ave Ramp", "traffic_count": 0, "crosswalk_count": 2, "hin_count": 0, "crash_count": 112, "injury_crash_count": 31, "severe_crash_count": 3, "vru_crash_count": 2, "fatalities": 1, "injuries": 41, "coverage_points": 55, "coverage_score_pre_osm": 61.1, "osm_status": "not_assessed", "safety_priority_score": 74.2, "selection_score": 65.7, "crash_window": "2019-2025" }, "geometry": { "type": "Point", "coordinates": [ -80.024943985922647, 40.44979309909877, 1621194912.0 ] } },
{ "type": "Feature", "properties": { "candidate_id": "signal_1623563026", "name": "TS298", "operation_type": "Fixed", "flash_time": "24 Hr stop and go", "flash_yellow": "FIFTH AVE", "id": 1623563026, "description": "Fifth Ave - Hamilton Ave", "traffic_count": 0, "crosswalk_count": 4, "hin_count": 2, "crash_count": 54, "injury_crash_count": 22, "severe_crash_count": 3, "vru_crash_count": 1, "fatalities": 0, "injuries": 29, "coverage_points": 55, "coverage_score_pre_osm": 61.1, "osm_status": "not_assessed", "safety_priority_score": 74.1, "selection_score": 65.6, "crash_window": "2019-2025" }, "geometry": { "type": "Point", "coordinates": [ -79.909062852428207, 40.457289944444632, 1623563026.0 ] } },
{ "type": "Feature", "properties": { "candidate_id": "signal_1406738155", "name": "TS566", "operation_type": "Fully Actuated", "flash_time": "24 Hr stop and go", "flash_yellow": "OHIO RIVER BLVD", "id": 1406738155, "description": "Mckees Rocks Brg - Ohio River Bvld - Termon Ave", "traffic_count": 0, "crosswalk_count": 4, "hin_count": 0, "crash_count": 132, "injury_crash_count": 53, "severe_crash_count": 2, "vru_crash_count": 2, "fatalities": 1, "injuries": 65, "coverage_points": 55, "coverage_score_pre_osm": 61.1, "osm_status": "not_assessed", "safety_priority_score": 74.1, "selection_score": 65.6, "crash_window": "2019-2025" }, "geometry": { "type": "Point", "coordinates": [ -80.043079956204792, 40.478869639616654, 1406738155.0 ] } },
{ "type": "Feature", "properties": { "candidate_id": "signal_693909886", "name": "TS64", "operation_type": "Fully Actuated", "flash_time": "24 Hr stop and go", "flash_yellow": "SECOND AVE", "id": 693909886, "description": "Bates St - Second Ave", "traffic_count": 0, "crosswalk_count": 5, "hin_count": 0, "crash_count": 106, "injury_crash_count": 30, "severe_crash_count": 3, "vru_crash_count": 2, "fatalities": 0, "injuries": 40, "coverage_points": 55, "coverage_score_pre_osm": 61.1, "osm_status": "not_assessed", "safety_priority_score": 73.9, "selection_score": 65.6, "crash_window": "2019-2025" }, "geometry": { "type": "Point", "coordinates": [ -79.959205946060962, 40.431143822551547, 693909886.0 ] } },
{ "type": "Feature", "properties": { "candidate_id": "signal_227387572", "name": "TSF137", "operation_type": "", "flash_time": "", "flash_yellow": "", "id": 227387572, "description": "Arlington School (Closed)", "traffic_count": 1, "crosswalk_count": 2, "hin_count": 0, "crash_count": 16, "injury_crash_count": 8, "severe_crash_count": 1, "vru_crash_count": 1, "fatalities": 0, "injuries": 9, "coverage_points": 75, "coverage_score_pre_osm": 83.3, "osm_status": "not_assessed", "safety_priority_score": 32.5, "selection_score": 65.5, "crash_window": "2019-2025" }, "geometry": { "type": "Point", "coordinates": [ -79.971603037363721, 40.417202880456998, 227387572.0 ] } },
{ "type": "Feature", "properties": { "candidate_id": "signal_162779170", "name": "TS471", "operation_type": "Fully Actuated", "flash_time": "24 Hr stop and go", "flash_yellow": "PENN AVE", "id": 162779170, "description": "Negley Ave - Penn Ave", "traffic_count": 0, "crosswalk_count": 4, "hin_count": 1, "crash_count": 42, "injury_crash_count": 19, "severe_crash_count": 2, "vru_crash_count": 5, "fatalities": 0, "injuries": 24, "coverage_points": 55, "coverage_score_pre_osm": 61.1, "osm_status": "not_assessed", "safety_priority_score": 73.8, "selection_score": 65.5, "crash_window": "2019-2025" }, "geometry": { "type": "Point", "coordinates": [ -79.930676215756165, 40.463501218943264, 162779170.0 ] } },
{ "type": "Feature", "properties": { "candidate_id": "signal_935294140", "name": "TS163", "operation_type": "Semi Actuated", "flash_time": "24 Hr stop and go", "flash_yellow": "BROWNSVILLE RD", "id": 935294140, "description": "Brownsville Rd - Crailo Ave", "traffic_count": 0, "crosswalk_count": 3, "hin_count": 1, "crash_count": 46, "injury_crash_count": 16, "severe_crash_count": 2, "vru_crash_count": 6, "fatalities": 0, "injuries": 16, "coverage_points": 55, "coverage_score_pre_osm": 61.1, "osm_status": "not_assessed", "safety_priority_score": 73.6, "selection_score": 65.5, "crash_window": "2019-2025" }, "geometry": { "type": "Point", "coordinates": [ -79.987668956243823, 40.396697642588911, 935294140.0 ] } },
{ "type": "Feature", "properties": { "candidate_id": "signal_1668969701", "name": "TS117", "operation_type": "Fixed", "flash_time": "24 Hr stop and go", "flash_yellow": "BIGELOW BLVD", "id": 1668969701, "description": "Bigelow Blvd - Chatham Sq", "traffic_count": 0, "crosswalk_count": 3, "hin_count": 1, "crash_count": 103, "injury_crash_count": 36, "severe_crash_count": 0, "vru_crash_count": 6, "fatalities": 0, "injuries": 46, "coverage_points": 55, "coverage_score_pre_osm": 61.1, "osm_status": "not_assessed", "safety_priority_score": 73.5, "selection_score": 65.4, "crash_window": "2019-2025" }, "geometry": { "type": "Point", "coordinates": [ -79.993796345033871, 40.441059989288242, 1668969701.0 ] } },
{ "type": "Feature", "properties": { "candidate_id": "signal_1120565715", "name": "TS248", "operation_type": "Actuated", "flash_time": "24 Hr stop and go", "flash_yellow": "PENN AVE", "id": 1120565715, "description": "East Liberty Blvd - Penn Ave", "traffic_count": 0, "crosswalk_count": 4, "hin_count": 1, "crash_count": 37, "injury_crash_count": 17, "severe_crash_count": 2, "vru_crash_count": 8, "fatalities": 0, "injuries": 23, "coverage_points": 55, "coverage_score_pre_osm": 61.1, "osm_status": "not_assessed", "safety_priority_score": 73.2, "selection_score": 65.3, "crash_window": "2019-2025" }, "geometry": { "type": "Point", "coordinates": [ -79.917415153479652, 40.457489042298775, 1120565715.0 ] } },
{ "type": "Feature", "properties": { "candidate_id": "signal_889974294", "name": "TS194", "operation_type": "Actuated/PED", "flash_time": "stop and go", "flash_yellow": "PENN AVE", "id": 889974294, "description": "Carnegie Pl - Penn Ave", "traffic_count": 0, "crosswalk_count": 3, "hin_count": 1, "crash_count": 38, "injury_crash_count": 21, "severe_crash_count": 2, "vru_crash_count": 4, "fatalities": 1, "injuries": 24, "coverage_points": 55, "coverage_score_pre_osm": 61.1, "osm_status": "not_assessed", "safety_priority_score": 72.8, "selection_score": 65.2, "crash_window": "2019-2025" }, "geometry": { "type": "Point", "coordinates": [ -79.898202875065863, 40.448159984325102, 889974294.0 ] } },
{ "type": "Feature", "properties": { "candidate_id": "signal_1652910915", "name": "TS360", "operation_type": "Fixed", "flash_time": "00:00 - 06:00", "flash_yellow": "FORWARD AVE", "id": 1652910915, "description": "Forward Ave -  Shady Ave", "traffic_count": 0, "crosswalk_count": 6, "hin_count": 1, "crash_count": 27, "injury_crash_count": 16, "severe_crash_count": 4, "vru_crash_count": 6, "fatalities": 0, "injuries": 18, "coverage_points": 55, "coverage_score_pre_osm": 61.1, "osm_status": "not_assessed", "safety_priority_score": 72.6, "selection_score": 65.1, "crash_window": "2019-2025" }, "geometry": { "type": "Point", "coordinates": [ -79.921202002009011, 40.429178530646617, 1652910915.0 ] } },
{ "type": "Feature", "properties": { "candidate_id": "signal_170752439", "name": "TS214", "operation_type": "Fully Actuated", "flash_time": "24 Hr stop and go", "flash_yellow": "CENTRE AVE", "id": 170752439, "description": "Centre Ave - Millvale Ave", "traffic_count": 0, "crosswalk_count": 3, "hin_count": 1, "crash_count": 74, "injury_crash_count": 33, "severe_crash_count": 0, "vru_crash_count": 9, "fatalities": 0, "injuries": 40, "coverage_points": 55, "coverage_score_pre_osm": 61.1, "osm_status": "not_assessed", "safety_priority_score": 72.5, "selection_score": 65.1, "crash_window": "2019-2025" }, "geometry": { "type": "Point", "coordinates": [ -79.947349560080454, 40.453298666510094, 170752439.0 ] } },
{ "type": "Feature", "properties": { "candidate_id": "signal_42942322", "name": "TS91", "operation_type": "Fixed", "flash_time": "24 Hr stop and go", "flash_yellow": "WASHINGTON PL", "id": 42942322, "description": "Bedford Ave - Washington Pl", "traffic_count": 0, "crosswalk_count": 2, "hin_count": 1, "crash_count": 96, "injury_crash_count": 28, "severe_crash_count": 1, "vru_crash_count": 1, "fatalities": 0, "injuries": 37, "coverage_points": 55, "coverage_score_pre_osm": 61.1, "osm_status": "not_assessed", "safety_priority_score": 72.1, "selection_score": 65.0, "crash_window": "2019-2025" }, "geometry": { "type": "Point", "coordinates": [ -79.992037349833637, 40.441660983545745, 42942322.0 ] } },
{ "type": "Feature", "properties": { "candidate_id": "signal_521606798", "name": "TS173", "operation_type": "Fixed", "flash_time": "24 Hr stop and go", "flash_yellow": "BUTLER ST", "id": 521606798, "description": "Butler St - 51st St - Stanton Ave", "traffic_count": 0, "crosswalk_count": 4, "hin_count": 2, "crash_count": 31, "injury_crash_count": 18, "severe_crash_count": 2, "vru_crash_count": 9, "fatalities": 1, "injuries": 21, "coverage_points": 55, "coverage_score_pre_osm": 61.1, "osm_status": "not_assessed", "safety_priority_score": 71.7, "selection_score": 64.8, "crash_window": "2019-2025" }, "geometry": { "type": "Point", "coordinates": [ -79.955702568555182, 40.478355225249288, 521606798.0 ] } },
{ "type": "Feature", "properties": { "candidate_id": "signal_851778926", "name": "TS588", "operation_type": "Fixed", "flash_time": "24 Hr stop and go", "flash_yellow": "FORBES AVE", "id": 851778926, "description": "Chatham Sq - Forbes Ave - Mcanulty Dr", "traffic_count": 0, "crosswalk_count": 4, "hin_count": 1, "crash_count": 36, "injury_crash_count": 15, "severe_crash_count": 2, "vru_crash_count": 9, "fatalities": 2, "injuries": 16, "coverage_points": 55, "coverage_score_pre_osm": 61.1, "osm_status": "not_assessed", "safety_priority_score": 71.6, "selection_score": 64.8, "crash_window": "2019-2025" }, "geometry": { "type": "Point", "coordinates": [ -79.991041247990097, 40.437938011843379, 851778926.0 ] } },
{ "type": "Feature", "properties": { "candidate_id": "signal_1087175753", "name": "TS442", "operation_type": "Fixed", "flash_time": "24 Hr stop and go", "flash_yellow": "SAW MILL RUN BLVD", "id": 1087175753, "description": "Library Rd - Saw Mill Run Blvd", "traffic_count": 0, "crosswalk_count": 9, "hin_count": 2, "crash_count": 41, "injury_crash_count": 15, "severe_crash_count": 3, "vru_crash_count": 3, "fatalities": 1, "injuries": 22, "coverage_points": 55, "coverage_score_pre_osm": 61.1, "osm_status": "not_assessed", "safety_priority_score": 71.3, "selection_score": 64.7, "crash_window": "2019-2025" }, "geometry": { "type": "Point", "coordinates": [ -79.995959705837492, 40.382308470529807, 1087175753.0 ] } },
{ "type": "Feature", "properties": { "candidate_id": "signal_745331741", "name": "TS65", "operation_type": "Fully Actuated", "flash_time": "24 Hr stop and go", "flash_yellow": "", "id": 745331741, "description": "Baum Blvd - Craig St", "traffic_count": 0, "crosswalk_count": 3, "hin_count": 1, "crash_count": 60, "injury_crash_count": 20, "severe_crash_count": 2, "vru_crash_count": 1, "fatalities": 0, "injuries": 26, "coverage_points": 55, "coverage_score_pre_osm": 61.1, "osm_status": "not_assessed", "safety_priority_score": 71.2, "selection_score": 64.6, "crash_window": "2019-2025" }, "geometry": { "type": "Point", "coordinates": [ -79.953337120706635, 40.454001569227422, 745331741.0 ] } },
{ "type": "Feature", "properties": { "candidate_id": "signal_173350294", "name": "TS152", "operation_type": "Semi Actuated", "flash_time": "24 Hr. stop and go", "flash_yellow": "BROAD ST", "id": 173350294, "description": "Broad St - Larimer Ave", "traffic_count": 0, "crosswalk_count": 4, "hin_count": 1, "crash_count": 43, "injury_crash_count": 21, "severe_crash_count": 1, "vru_crash_count": 6, "fatalities": 1, "injuries": 37, "coverage_points": 55, "coverage_score_pre_osm": 61.1, "osm_status": "not_assessed", "safety_priority_score": 70.8, "selection_score": 64.5, "crash_window": "2019-2025" }, "geometry": { "type": "Point", "coordinates": [ -79.920834772068332, 40.461221993556236, 173350294.0 ] } },
{ "type": "Feature", "properties": { "candidate_id": "signal_947320557", "name": "TS299", "operation_type": "Fixed", "flash_time": "24 Hr stop and go", "flash_yellow": "FIFTH AVE", "id": 947320557, "description": "Fifth Ave - Highland Ave", "traffic_count": 0, "crosswalk_count": 3, "hin_count": 2, "crash_count": 34, "injury_crash_count": 20, "severe_crash_count": 2, "vru_crash_count": 4, "fatalities": 0, "injuries": 24, "coverage_points": 55, "coverage_score_pre_osm": 61.1, "osm_status": "not_assessed", "safety_priority_score": 70.7, "selection_score": 64.5, "crash_window": "2019-2025" }, "geometry": { "type": "Point", "coordinates": [ -79.923974503462276, 40.451939773526924, 947320557.0 ] } },
{ "type": "Feature", "properties": { "candidate_id": "signal_2025210441", "name": "TS642", "operation_type": "Fully Actuated", "flash_time": "24 Hr stop and go", "flash_yellow": "W LIBERTY AVE", "id": 2025210441, "description": "Pioneer Ave - W Liberty Ave", "traffic_count": 0, "crosswalk_count": 3, "hin_count": 1, "crash_count": 90, "injury_crash_count": 36, "severe_crash_count": 1, "vru_crash_count": 0, "fatalities": 0, "injuries": 53, "coverage_points": 55, "coverage_score_pre_osm": 61.1, "osm_status": "not_assessed", "safety_priority_score": 70.7, "selection_score": 64.5, "crash_window": "2019-2025" }, "geometry": { "type": "Point", "coordinates": [ -80.010122631536348, 40.412920087800131, 2025210441.0 ] } },
{ "type": "Feature", "properties": { "candidate_id": "signal_1938459672", "name": "TS326", "operation_type": "Fixed", "flash_time": "24 Hr stop and go", "flash_yellow": "", "id": 1938459672, "description": "Forbes Ave - Liberty Ave - Stanwix St", "traffic_count": 0, "crosswalk_count": 9, "hin_count": 2, "crash_count": 29, "injury_crash_count": 17, "severe_crash_count": 2, "vru_crash_count": 10, "fatalities": 2, "injuries": 21, "coverage_points": 55, "coverage_score_pre_osm": 61.1, "osm_status": "not_assessed", "safety_priority_score": 70.6, "selection_score": 64.4, "crash_window": "2019-2025" }, "geometry": { "type": "Point", "coordinates": [ -80.004023821554398, 40.44126722424862, 1938459672.0 ] } },
{ "type": "Feature", "properties": { "candidate_id": "signal_2039081875", "name": "TS285", "operation_type": "Fixed", "flash_time": "", "flash_yellow": "LIBERTY AVE", "id": 2039081875, "description": "Ella St - Liberty Ave", "traffic_count": 0, "crosswalk_count": 5, "hin_count": 1, "crash_count": 43, "injury_crash_count": 22, "severe_crash_count": 1, "vru_crash_count": 5, "fatalities": 0, "injuries": 29, "coverage_points": 55, "coverage_score_pre_osm": 61.1, "osm_status": "not_assessed", "safety_priority_score": 70.4, "selection_score": 64.4, "crash_window": "2019-2025" }, "geometry": { "type": "Point", "coordinates": [ -79.951814816761555, 40.463153638733097, 2039081875.0 ] } },
{ "type": "Feature", "properties": { "candidate_id": "signal_18739015", "name": "TS613", "operation_type": "Fixed / Ped Actuated", "flash_time": "23:00 - 06:00", "flash_yellow": "E WARRINGTON AVE", "id": 18739015, "description": "Allen St - Warrington Ave", "traffic_count": 0, "crosswalk_count": 4, "hin_count": 1, "crash_count": 46, "injury_crash_count": 19, "severe_crash_count": 1, "vru_crash_count": 6, "fatalities": 0, "injuries": 23, "coverage_points": 55, "coverage_score_pre_osm": 61.1, "osm_status": "not_assessed", "safety_priority_score": 70.1, "selection_score": 64.2, "crash_window": "2019-2025" }, "geometry": { "type": "Point", "coordinates": [ -79.993740537646005, 40.42181017117499, 18739015.0 ] } },
{ "type": "Feature", "properties": { "candidate_id": "signal_2124966773", "name": "TS26", "operation_type": "Fixed", "flash_time": "24 Hr stop and go", "flash_yellow": "", "id": 2124966773, "description": "Blvd of the Allies - Market St", "traffic_count": 0, "crosswalk_count": 12, "hin_count": 1, "crash_count": 41, "injury_crash_count": 19, "severe_crash_count": 1, "vru_crash_count": 8, "fatalities": 0, "injuries": 21, "coverage_points": 55, "coverage_score_pre_osm": 61.1, "osm_status": "not_assessed", "safety_priority_score": 70.0, "selection_score": 64.2, "crash_window": "2019-2025" }, "geometry": { "type": "Point", "coordinates": [ -80.003637844417256, 40.439086309628692, 2124966773.0 ] } },
{ "type": "Feature", "properties": { "candidate_id": "signal_1527793865", "name": "TS487", "operation_type": "Fixed", "flash_time": "24 Hr stop and go", "flash_yellow": "SMITHFIELD ST", "id": 1527793865, "description": "Oliver Ave - Smithfield St", "traffic_count": 0, "crosswalk_count": 5, "hin_count": 0, "crash_count": 33, "injury_crash_count": 25, "severe_crash_count": 3, "vru_crash_count": 14, "fatalities": 0, "injuries": 30, "coverage_points": 55, "coverage_score_pre_osm": 61.1, "osm_status": "not_assessed", "safety_priority_score": 70.0, "selection_score": 64.2, "crash_window": "2019-2025" }, "geometry": { "type": "Point", "coordinates": [ -79.998163087520169, 40.44080925007318, 1527793865.0 ] } },
{ "type": "Feature", "properties": { "candidate_id": "signal_1827112239", "name": "TS424", "operation_type": "Fixed", "flash_time": "24 Hr stop and go", "flash_yellow": "LIBERTY AVE", "id": 1827112239, "description": "Liberty Ave - Ninth St", "traffic_count": 0, "crosswalk_count": 7, "hin_count": 1, "crash_count": 38, "injury_crash_count": 20, "severe_crash_count": 1, "vru_crash_count": 8, "fatalities": 0, "injuries": 22, "coverage_points": 55, "coverage_score_pre_osm": 61.1, "osm_status": "not_assessed", "safety_priority_score": 69.9, "selection_score": 64.2, "crash_window": "2019-2025" }, "geometry": { "type": "Point", "coordinates": [ -79.997976820947713, 40.442944195894171, 1827112239.0 ] } },
{ "type": "Feature", "properties": { "candidate_id": "signal_2116421282", "name": "TSF160", "operation_type": "", "flash_time": "", "flash_yellow": "", "id": 2116421282, "description": "Pioneer Avenue at Seton Center Driveway", "traffic_count": 2, "crosswalk_count": 2, "hin_count": 0, "crash_count": 17, "injury_crash_count": 9, "severe_crash_count": 0, "vru_crash_count": 2, "fatalities": 0, "injuries": 11, "coverage_points": 75, "coverage_score_pre_osm": 83.3, "osm_status": "not_assessed", "safety_priority_score": 28.4, "selection_score": 64.1, "crash_window": "2019-2025" }, "geometry": { "type": "Point", "coordinates": [ -80.01555790659323, 40.403375380507136, 2116421282.0 ] } },
{ "type": "Feature", "properties": { "candidate_id": "signal_2020887860", "name": "TS397", "operation_type": "Fully Actuated", "flash_time": "", "flash_yellow": "EAST OHIO ST", "id": 2020887860, "description": "East Ohio St - 31st St", "traffic_count": 0, "crosswalk_count": 3, "hin_count": 0, "crash_count": 84, "injury_crash_count": 28, "severe_crash_count": 3, "vru_crash_count": 1, "fatalities": 0, "injuries": 34, "coverage_points": 55, "coverage_score_pre_osm": 61.1, "osm_status": "not_assessed", "safety_priority_score": 69.5, "selection_score": 64.0, "crash_window": "2019-2025" }, "geometry": { "type": "Point", "coordinates": [ -79.979658748811005, 40.464752968431597, 2020887860.0 ] } },
{ "type": "Feature", "properties": { "candidate_id": "signal_1452067746", "name": "TS575", "operation_type": "Fixed", "flash_time": "24 Hr stop and go", "flash_yellow": "E CARSON ST", "id": 1452067746, "description": "Birmingham Brg - Carson St", "traffic_count": 0, "crosswalk_count": 5, "hin_count": 1, "crash_count": 50, "injury_crash_count": 19, "severe_crash_count": 1, "vru_crash_count": 4, "fatalities": 0, "injuries": 24, "coverage_points": 55, "coverage_score_pre_osm": 61.1, "osm_status": "not_assessed", "safety_priority_score": 69.0, "selection_score": 63.9, "crash_window": "2019-2025" }, "geometry": { "type": "Point", "coordinates": [ -79.973610450057294, 40.428370392153624, 1452067746.0 ] } },
{ "type": "Feature", "properties": { "candidate_id": "signal_1358581049", "name": "TS242", "operation_type": "Fixed / Ped Actuated", "flash_time": "24 Hr stop and go", "flash_yellow": "", "id": 1358581049, "description": "Craft Ave - Fifth Ave", "traffic_count": 0, "crosswalk_count": 3, "hin_count": 1, "crash_count": 44, "injury_crash_count": 17, "severe_crash_count": 1, "vru_crash_count": 6, "fatalities": 0, "injuries": 22, "coverage_points": 55, "coverage_score_pre_osm": 61.1, "osm_status": "not_assessed", "safety_priority_score": 68.8, "selection_score": 63.8, "crash_window": "2019-2025" }, "geometry": { "type": "Point", "coordinates": [ -79.963935610617, 40.437849903376396, 1358581049.0 ] } },
{ "type": "Feature", "properties": { "candidate_id": "signal_1187990770", "name": "TS102", "operation_type": "Fixed", "flash_time": "24 Hr stop and go", "flash_yellow": "FIFTH AVE", "id": 1187990770, "description": "Bellefield Ave - Fifth Ave", "traffic_count": 0, "crosswalk_count": 5, "hin_count": 1, "crash_count": 33, "injury_crash_count": 13, "severe_crash_count": 2, "vru_crash_count": 9, "fatalities": 1, "injuries": 16, "coverage_points": 55, "coverage_score_pre_osm": 61.1, "osm_status": "not_assessed", "safety_priority_score": 68.6, "selection_score": 63.7, "crash_window": "2019-2025" }, "geometry": { "type": "Point", "coordinates": [ -79.951914050506872, 40.446484304597462, 1187990770.0 ] } },
{ "type": "Feature", "properties": { "candidate_id": "signal_1674675301", "name": "TSF107", "operation_type": "", "flash_time": "", "flash_yellow": "", "id": 1674675301, "description": "Winchester Thurston School", "traffic_count": 2, "crosswalk_count": 3, "hin_count": 0, "crash_count": 15, "injury_crash_count": 7, "severe_crash_count": 0, "vru_crash_count": 3, "fatalities": 0, "injuries": 10, "coverage_points": 75, "coverage_score_pre_osm": 83.3, "osm_status": "not_assessed", "safety_priority_score": 26.9, "selection_score": 63.6, "crash_window": "2019-2025" }, "geometry": { "type": "Point", "coordinates": [ -79.942473479565422, 40.451508177843955, 1674675301.0 ] } },
{ "type": "Feature", "properties": { "candidate_id": "signal_1222635389", "name": "TS473", "operation_type": "Semi Actuated", "flash_time": "00:00 - 06:00", "flash_yellow": "N NEGLEY AVE", "id": 1222635389, "description": "Negley Ave - Rural St", "traffic_count": 0, "crosswalk_count": 2, "hin_count": 1, "crash_count": 27, "injury_crash_count": 13, "severe_crash_count": 3, "vru_crash_count": 6, "fatalities": 0, "injuries": 16, "coverage_points": 55, "coverage_score_pre_osm": 61.1, "osm_status": "not_assessed", "safety_priority_score": 68.0, "selection_score": 63.5, "crash_window": "2019-2025" }, "geometry": { "type": "Point", "coordinates": [ -79.929403715325293, 40.465618904820253, 1222635389.0 ] } },
{ "type": "Feature", "properties": { "candidate_id": "signal_1988880510", "name": "TS479", "operation_type": "Fixed", "flash_time": "24 Hr stop and go", "flash_yellow": "PENN AVE", "id": 1988880510, "description": "Ninth St - Penn Ave", "traffic_count": 0, "crosswalk_count": 4, "hin_count": 1, "crash_count": 34, "injury_crash_count": 20, "severe_crash_count": 1, "vru_crash_count": 7, "fatalities": 0, "injuries": 24, "coverage_points": 55, "coverage_score_pre_osm": 61.1, "osm_status": "not_assessed", "safety_priority_score": 68.0, "selection_score": 63.5, "crash_window": "2019-2025" }, "geometry": { "type": "Point", "coordinates": [ -79.998348714043033, 40.443750429588228, 1988880510.0 ] } },
{ "type": "Feature", "properties": { "candidate_id": "signal_1468195834", "name": "TS15", "operation_type": "Fixed", "flash_time": "24 Hr stop and go", "flash_yellow": "", "id": 1468195834, "description": "Allegheny Ave - Ridge Ave", "traffic_count": 0, "crosswalk_count": 2, "hin_count": 1, "crash_count": 38, "injury_crash_count": 14, "severe_crash_count": 3, "vru_crash_count": 2, "fatalities": 3, "injuries": 21, "coverage_points": 55, "coverage_score_pre_osm": 61.1, "osm_status": "not_assessed", "safety_priority_score": 67.9, "selection_score": 63.5, "crash_window": "2019-2025" }, "geometry": { "type": "Point", "coordinates": [ -80.018315514413388, 40.44968627714514, 1468195834.0 ] } },
{ "type": "Feature", "properties": { "candidate_id": "signal_872988999", "name": "TS261", "operation_type": "Fixed", "flash_time": "24 Hr stop and go", "flash_yellow": "FIFTH AVE", "id": 872988999, "description": "Dithridge St - Fifth Ave", "traffic_count": 0, "crosswalk_count": 7, "hin_count": 1, "crash_count": 47, "injury_crash_count": 14, "severe_crash_count": 1, "vru_crash_count": 8, "fatalities": 1, "injuries": 16, "coverage_points": 55, "coverage_score_pre_osm": 61.1, "osm_status": "not_assessed", "safety_priority_score": 67.5, "selection_score": 63.3, "crash_window": "2019-2025" }, "geometry": { "type": "Point", "coordinates": [ -79.95060459505666, 40.446791918319128, 872988999.0 ] } },
{ "type": "Feature", "properties": { "candidate_id": "signal_1470969083", "name": "TS9", "operation_type": "Fixed", "flash_time": "23:00 - 6:00", "flash_yellow": "", "id": 1470969083, "description": "Alexander St - Main St", "traffic_count": 0, "crosswalk_count": 7, "hin_count": 1, "crash_count": 57, "injury_crash_count": 15, "severe_crash_count": 1, "vru_crash_count": 4, "fatalities": 0, "injuries": 15, "coverage_points": 55, "coverage_score_pre_osm": 61.1, "osm_status": "not_assessed", "safety_priority_score": 67.5, "selection_score": 63.3, "crash_window": "2019-2025" }, "geometry": { "type": "Point", "coordinates": [ -80.034056267335558, 40.441211035786566, 1470969083.0 ] } },
{ "type": "Feature", "properties": { "candidate_id": "signal_274826791", "name": "TS21", "operation_type": "Fixed", "flash_time": "24 Hr stop and go", "flash_yellow": "", "id": 274826791, "description": "Blvd of the Allies - Commonwealth Pl", "traffic_count": 0, "crosswalk_count": 7, "hin_count": 1, "crash_count": 50, "injury_crash_count": 22, "severe_crash_count": 2, "vru_crash_count": 0, "fatalities": 0, "injuries": 26, "coverage_points": 55, "coverage_score_pre_osm": 61.1, "osm_status": "not_assessed", "safety_priority_score": 67.4, "selection_score": 63.3, "crash_window": "2019-2025" }, "geometry": { "type": "Point", "coordinates": [ -80.00701498751522, 40.440304703163626, 274826791.0 ] } },
{ "type": "Feature", "properties": { "candidate_id": "signal_814400539", "name": "TS314", "operation_type": "Fixed", "flash_time": "24 Hr stop and go", "flash_yellow": "SMITHFIELD ST", "id": 814400539, "description": "Fifth Ave - Smithfield St", "traffic_count": 0, "crosswalk_count": 5, "hin_count": 1, "crash_count": 32, "injury_crash_count": 19, "severe_crash_count": 1, "vru_crash_count": 9, "fatalities": 0, "injuries": 31, "coverage_points": 55, "coverage_score_pre_osm": 61.1, "osm_status": "not_assessed", "safety_priority_score": 67.3, "selection_score": 63.3, "crash_window": "2019-2025" }, "geometry": { "type": "Point", "coordinates": [ -79.998649549501039, 40.440093234231114, 814400539.0 ] } },
{ "type": "Feature", "properties": { "candidate_id": "signal_1113074895", "name": "TSF153", "operation_type": "", "flash_time": "", "flash_yellow": "", "id": 1113074895, "description": "RRFB - Shady Alder", "traffic_count": 1, "crosswalk_count": 3, "hin_count": 1, "crash_count": 15, "injury_crash_count": 4, "severe_crash_count": 0, "vru_crash_count": 0, "fatalities": 0, "injuries": 7, "coverage_points": 75, "coverage_score_pre_osm": 83.3, "osm_status": "not_assessed", "safety_priority_score": 26.0, "selection_score": 63.2, "crash_window": "2019-2025" }, "geometry": { "type": "Point", "coordinates": [ -79.922436827096874, 40.456813935388787, 1113074895.0 ] } },
{ "type": "Feature", "properties": { "candidate_id": "signal_322808398", "name": "TS10", "operation_type": "Semi Actuated", "flash_time": "24 Hr stop and go", "flash_yellow": "", "id": 322808398, "description": "Alexander St - Steuben St", "traffic_count": 0, "crosswalk_count": 1, "hin_count": 1, "crash_count": 53, "injury_crash_count": 15, "severe_crash_count": 1, "vru_crash_count": 4, "fatalities": 0, "injuries": 15, "coverage_points": 55, "coverage_score_pre_osm": 61.1, "osm_status": "not_assessed", "safety_priority_score": 66.9, "selection_score": 63.1, "crash_window": "2019-2025" }, "geometry": { "type": "Point", "coordinates": [ -80.034543655479467, 40.441992568256779, 322808398.0 ] } },
{ "type": "Feature", "properties": { "candidate_id": "signal_2111045907", "name": "TS105", "operation_type": "Fixed", "flash_time": "24 Hr stop and go", "flash_yellow": "BENNETT ST", "id": 2111045907, "description": "Bennett St - Braddock Ave", "traffic_count": 0, "crosswalk_count": 1, "hin_count": 2, "crash_count": 34, "injury_crash_count": 17, "severe_crash_count": 3, "vru_crash_count": 1, "fatalities": 0, "injuries": 30, "coverage_points": 55, "coverage_score_pre_osm": 61.1, "osm_status": "not_assessed", "safety_priority_score": 66.8, "selection_score": 63.1, "crash_window": "2019-2025" }, "geometry": { "type": "Point", "coordinates": [ -79.890383330224296, 40.45504067952173, 2111045907.0 ] } },
{ "type": "Feature", "properties": { "candidate_id": "signal_1285388780", "name": "TS212", "operation_type": "Fixed", "flash_time": "24 Hr stop and go", "flash_yellow": "CENTRE AVE", "id": 1285388780, "description": "Centre Ave - Kirkpatrick St - Mahon St", "traffic_count": 0, "crosswalk_count": 5, "hin_count": 1, "crash_count": 35, "injury_crash_count": 17, "severe_crash_count": 1, "vru_crash_count": 7, "fatalities": 0, "injuries": 22, "coverage_points": 55, "coverage_score_pre_osm": 61.1, "osm_status": "not_assessed", "safety_priority_score": 66.8, "selection_score": 63.1, "crash_window": "2019-2025" }, "geometry": { "type": "Point", "coordinates": [ -79.97623874316136, 40.445314489799053, 1285388780.0 ] } },
{ "type": "Feature", "properties": { "candidate_id": "signal_180737034", "name": "TS519", "operation_type": "Fixed", "flash_time": "03:00 - 06:00", "flash_yellow": "SARAH ST", "id": 180737034, "description": "Sarah St - S 23rd St", "traffic_count": 0, "crosswalk_count": 4, "hin_count": 0, "crash_count": 54, "injury_crash_count": 20, "severe_crash_count": 2, "vru_crash_count": 5, "fatalities": 0, "injuries": 26, "coverage_points": 55, "coverage_score_pre_osm": 61.1, "osm_status": "not_assessed", "safety_priority_score": 66.7, "selection_score": 63.1, "crash_window": "2019-2025" }, "geometry": { "type": "Point", "coordinates": [ -79.973138768057794, 40.427413864811506, 180737034.0 ] } },
{ "type": "Feature", "properties": { "candidate_id": "signal_1984116311", "name": "TS516", "operation_type": "Fixed", "flash_time": "03:00 - 06:00 Sun - Sat", "flash_yellow": "SARAH ST", "id": 1984116311, "description": "Sarah St - S 20th St", "traffic_count": 0, "crosswalk_count": 4, "hin_count": 0, "crash_count": 47, "injury_crash_count": 20, "severe_crash_count": 2, "vru_crash_count": 7, "fatalities": 0, "injuries": 26, "coverage_points": 55, "coverage_score_pre_osm": 61.1, "osm_status": "not_assessed", "safety_priority_score": 66.6, "selection_score": 63.0, "crash_window": "2019-2025" }, "geometry": { "type": "Point", "coordinates": [ -79.977731385184924, 40.427676703578946, 1984116311.0 ] } },
{ "type": "Feature", "properties": { "candidate_id": "signal_2084743863", "name": "TS213", "operation_type": "Fully Actuated", "flash_time": "24 Hr stop and go", "flash_yellow": "CENTRE AVE", "id": 2084743863, "description": "Centre Ave - Melwood Ave", "traffic_count": 0, "crosswalk_count": 4, "hin_count": 1, "crash_count": 34, "injury_crash_count": 16, "severe_crash_count": 1, "vru_crash_count": 9, "fatalities": 0, "injuries": 19, "coverage_points": 55, "coverage_score_pre_osm": 61.1, "osm_status": "not_assessed", "safety_priority_score": 66.5, "selection_score": 63.0, "crash_window": "2019-2025" }, "geometry": { "type": "Point", "coordinates": [ -79.950864616134083, 40.452241481654255, 2084743863.0 ] } },
{ "type": "Feature", "properties": { "candidate_id": "signal_446686173", "name": "TS548", "operation_type": "Fully Actuated", "flash_time": "24 Hr stop and go", "flash_yellow": "GENERAL ROBINSON ST", "id": 446686173, "description": "General Robinson St - Mazeroski Way", "traffic_count": 0, "crosswalk_count": 7, "hin_count": 1, "crash_count": 35, "injury_crash_count": 17, "severe_crash_count": 2, "vru_crash_count": 2, "fatalities": 0, "injuries": 23, "coverage_points": 55, "coverage_score_pre_osm": 61.1, "osm_status": "not_assessed", "safety_priority_score": 66.5, "selection_score": 63.0, "crash_window": "2019-2025" }, "geometry": { "type": "Point", "coordinates": [ -80.00767281706041, 40.447693835288888, 446686173.0 ] } },
{ "type": "Feature", "properties": { "candidate_id": "signal_1318549967", "name": "TS243", "operation_type": "Fixed / Ped Actuated", "flash_time": "24 Hr stop and go", "flash_yellow": "FORBES AVE", "id": 1318549967, "description": "Craft Ave - Forbes Ave", "traffic_count": 0, "crosswalk_count": 4, "hin_count": 1, "crash_count": 61, "injury_crash_count": 22, "severe_crash_count": 0, "vru_crash_count": 6, "fatalities": 0, "injuries": 27, "coverage_points": 55, "coverage_score_pre_osm": 61.1, "osm_status": "not_assessed", "safety_priority_score": 66.4, "selection_score": 63.0, "crash_window": "2019-2025" }, "geometry": { "type": "Point", "coordinates": [ -79.963114664084202, 40.437116781715304, 1318549967.0 ] } },
{ "type": "Feature", "properties": { "candidate_id": "signal_2036025722", "name": "TS351", "operation_type": "Fixed", "flash_time": "24 Hr stop and go", "flash_yellow": "FORT PITT BLVD", "id": 2036025722, "description": "Fort Pitt Blvd - Market St", "traffic_count": 0, "crosswalk_count": 5, "hin_count": 0, "crash_count": 96, "injury_crash_count": 28, "severe_crash_count": 1, "vru_crash_count": 3, "fatalities": 0, "injuries": 31, "coverage_points": 55, "coverage_score_pre_osm": 61.1, "osm_status": "not_assessed", "safety_priority_score": 66.1, "selection_score": 62.8, "crash_window": "2019-2025" }, "geometry": { "type": "Point", "coordinates": [ -80.004373557897594, 40.43803435485718, 2036025722.0 ] } },
{ "type": "Feature", "properties": { "candidate_id": "signal_1996254180", "name": "TS452", "operation_type": "Fixed", "flash_time": "24 Hr stop and go", "flash_yellow": "MAIN ST", "id": 1996254180, "description": "Main St - Wabash St", "traffic_count": 0, "crosswalk_count": 7, "hin_count": 1, "crash_count": 55, "injury_crash_count": 14, "severe_crash_count": 1, "vru_crash_count": 4, "fatalities": 0, "injuries": 14, "coverage_points": 55, "coverage_score_pre_osm": 61.1, "osm_status": "not_assessed", "safety_priority_score": 66.1, "selection_score": 62.8, "crash_window": "2019-2025" }, "geometry": { "type": "Point", "coordinates": [ -80.034808071439272, 40.440925872555567, 1996254180.0 ] } },
{ "type": "Feature", "properties": { "candidate_id": "signal_419321724", "name": "TS539", "operation_type": "Fixed", "flash_time": "24 Hr stop and go", "flash_yellow": "STANWIX ST", "id": 419321724, "description": "Stanwix St - Third Ave", "traffic_count": 0, "crosswalk_count": 9, "hin_count": 1, "crash_count": 29, "injury_crash_count": 18, "severe_crash_count": 1, "vru_crash_count": 10, "fatalities": 0, "injuries": 20, "coverage_points": 55, "coverage_score_pre_osm": 61.1, "osm_status": "not_assessed", "safety_priority_score": 66.0, "selection_score": 62.8, "crash_window": "2019-2025" }, "geometry": { "type": "Point", "coordinates": [ -80.00472298502595, 40.44004859925856, 419321724.0 ] } },
{ "type": "Feature", "properties": { "candidate_id": "signal_223715294", "name": "TS426", "operation_type": "Fixed", "flash_time": "00:00 to 06:00", "flash_yellow": "LIBERTY AVE", "id": 223715294, "description": "Liberty Ave - Pearl St", "traffic_count": 0, "crosswalk_count": 4, "hin_count": 1, "crash_count": 23, "injury_crash_count": 13, "severe_crash_count": 3, "vru_crash_count": 5, "fatalities": 0, "injuries": 16, "coverage_points": 55, "coverage_score_pre_osm": 61.1, "osm_status": "not_assessed", "safety_priority_score": 65.6, "selection_score": 62.7, "crash_window": "2019-2025" }, "geometry": { "type": "Point", "coordinates": [ -79.949880500511398, 40.462100539233695, 223715294.0 ] } },
{ "type": "Feature", "properties": { "candidate_id": "signal_1534140968", "name": "TS446", "operation_type": "Fully Actuated", "flash_time": "stop and go", "flash_yellow": "PENN AVE", "id": 1534140968, "description": "Linden Ave - Penn Ave", "traffic_count": 0, "crosswalk_count": 4, "hin_count": 1, "crash_count": 30, "injury_crash_count": 15, "severe_crash_count": 2, "vru_crash_count": 4, "fatalities": 1, "injuries": 18, "coverage_points": 55, "coverage_score_pre_osm": 61.1, "osm_status": "not_assessed", "safety_priority_score": 65.6, "selection_score": 62.7, "crash_window": "2019-2025" }, "geometry": { "type": "Point", "coordinates": [ -79.910383604067931, 40.452637973509631, 1534140968.0 ] } },
{ "type": "Feature", "properties": { "candidate_id": "signal_1086050341", "name": "TS23", "operation_type": "Fixed", "flash_time": "24 Hr stop and go", "flash_yellow": "", "id": 1086050341, "description": "Blvd of the Allies - Dawson St", "traffic_count": 0, "crosswalk_count": 4, "hin_count": 1, "crash_count": 30, "injury_crash_count": 17, "severe_crash_count": 1, "vru_crash_count": 9, "fatalities": 1, "injuries": 19, "coverage_points": 55, "coverage_score_pre_osm": 61.1, "osm_status": "not_assessed", "safety_priority_score": 65.4, "selection_score": 62.6, "crash_window": "2019-2025" }, "geometry": { "type": "Point", "coordinates": [ -79.953193930148657, 40.43439129415917, 1086050341.0 ] } },
{ "type": "Feature", "properties": { "candidate_id": "signal_1631632787", "name": "TS597", "operation_type": "Fully Actuated", "flash_time": "24 Hr stop and go", "flash_yellow": "", "id": 1631632787, "description": "Carson St - Smithfield St", "traffic_count": 0, "crosswalk_count": 4, "hin_count": 2, "crash_count": 35, "injury_crash_count": 19, "severe_crash_count": 1, "vru_crash_count": 4, "fatalities": 0, "injuries": 30, "coverage_points": 55, "coverage_score_pre_osm": 61.1, "osm_status": "not_assessed", "safety_priority_score": 65.3, "selection_score": 62.6, "crash_window": "2019-2025" }, "geometry": { "type": "Point", "coordinates": [ -80.003965227337716, 40.432172457311808, 1631632787.0 ] } },
{ "type": "Feature", "properties": { "candidate_id": "signal_1301651730", "name": "TS359", "operation_type": "Fully Actuated", "flash_time": "24 Hr stop and go", "flash_yellow": "", "id": 1301651730, "description": "Forward Ave - Murray Ave - Pocussett St", "traffic_count": 0, "crosswalk_count": 5, "hin_count": 1, "crash_count": 31, "injury_crash_count": 10, "severe_crash_count": 3, "vru_crash_count": 4, "fatalities": 0, "injuries": 10, "coverage_points": 55, "coverage_score_pre_osm": 61.1, "osm_status": "not_assessed", "safety_priority_score": 65.2, "selection_score": 62.5, "crash_window": "2019-2025" }, "geometry": { "type": "Point", "coordinates": [ -79.923488019023523, 40.429745896574659, 1301651730.0 ] } },
{ "type": "Feature", "properties": { "candidate_id": "signal_1968966319", "name": "TS164", "operation_type": "Fixed", "flash_time": "24 Hr stop and go", "flash_yellow": "BROWNSVILLE RD", "id": 1968966319, "description": "Brownsville Rd - Knox Ave - Margaret St", "traffic_count": 0, "crosswalk_count": 3, "hin_count": 2, "crash_count": 34, "injury_crash_count": 14, "severe_crash_count": 2, "vru_crash_count": 3, "fatalities": 0, "injuries": 19, "coverage_points": 55, "coverage_score_pre_osm": 61.1, "osm_status": "not_assessed", "safety_priority_score": 65.1, "selection_score": 62.5, "crash_window": "2019-2025" }, "geometry": { "type": "Point", "coordinates": [ -79.990212193263559, 40.410725949170789, 1968966319.0 ] } },
{ "type": "Feature", "properties": { "candidate_id": "signal_1545556265", "name": "TS31", "operation_type": "Semi Actuated", "flash_time": "24 Hr stop and go", "flash_yellow": "", "id": 1545556265, "description": "Amanda St - Bausman St - Brownsville Rd", "traffic_count": 0, "crosswalk_count": 6, "hin_count": 2, "crash_count": 23, "injury_crash_count": 14, "severe_crash_count": 2, "vru_crash_count": 8, "fatalities": 0, "injuries": 14, "coverage_points": 55, "coverage_score_pre_osm": 61.1, "osm_status": "not_assessed", "safety_priority_score": 64.9, "selection_score": 62.4, "crash_window": "2019-2025" }, "geometry": { "type": "Point", "coordinates": [ -79.988041763374952, 40.414441939841346, 1545556265.0 ] } },
{ "type": "Feature", "properties": { "candidate_id": "signal_777251213", "name": "TS294", "operation_type": "Fixed", "flash_time": "24 Hr stop and go", "flash_yellow": "NORTH AVE", "id": 777251213, "description": "Federal St - North Ave", "traffic_count": 0, "crosswalk_count": 4, "hin_count": 2, "crash_count": 32, "injury_crash_count": 15, "severe_crash_count": 1, "vru_crash_count": 9, "fatalities": 0, "injuries": 16, "coverage_points": 55, "coverage_score_pre_osm": 61.1, "osm_status": "not_assessed", "safety_priority_score": 64.7, "selection_score": 62.4, "crash_window": "2019-2025" }, "geometry": { "type": "Point", "coordinates": [ -80.006635534198466, 40.455457327426416, 777251213.0 ] } },
{ "type": "Feature", "properties": { "candidate_id": "signal_614269418", "name": "TS159", "operation_type": "Fixed / Ped Actuated", "flash_time": "24 Hr stop and go", "flash_yellow": "W LIBERTY AVE", "id": 614269418, "description": "Brookside Ave - W Liberty Ave", "traffic_count": 0, "crosswalk_count": 3, "hin_count": 1, "crash_count": 36, "injury_crash_count": 17, "severe_crash_count": 2, "vru_crash_count": 1, "fatalities": 1, "injuries": 22, "coverage_points": 55, "coverage_score_pre_osm": 61.1, "osm_status": "not_assessed", "safety_priority_score": 64.6, "selection_score": 62.3, "crash_window": "2019-2025" }, "geometry": { "type": "Point", "coordinates": [ -80.015540628382212, 40.410438304403542, 614269418.0 ] } },
{ "type": "Feature", "properties": { "candidate_id": "signal_1479351755", "name": "TS517", "operation_type": "Fixed", "flash_time": "03:00 - 06:00 Sun - Sat", "flash_yellow": "SARAH ST", "id": 1479351755, "description": "Sarah St - S 22nd St", "traffic_count": 0, "crosswalk_count": 4, "hin_count": 0, "crash_count": 49, "injury_crash_count": 25, "severe_crash_count": 1, "vru_crash_count": 8, "fatalities": 0, "injuries": 30, "coverage_points": 55, "coverage_score_pre_osm": 61.1, "osm_status": "not_assessed", "safety_priority_score": 64.5, "selection_score": 62.3, "crash_window": "2019-2025" }, "geometry": { "type": "Point", "coordinates": [ -79.974732983039701, 40.427502023196084, 1479351755.0 ] } },
{ "type": "Feature", "properties": { "candidate_id": "signal_522232198", "name": "TSF36", "operation_type": "", "flash_time": "", "flash_yellow": "", "id": 522232198, "description": "ROGERS SCHOOL (CLOSED)", "traffic_count": 1, "crosswalk_count": 2, "hin_count": 0, "crash_count": 11, "injury_crash_count": 7, "severe_crash_count": 0, "vru_crash_count": 2, "fatalities": 0, "injuries": 7, "coverage_points": 75, "coverage_score_pre_osm": 83.3, "osm_status": "not_assessed", "safety_priority_score": 23.1, "selection_score": 62.2, "crash_window": "2019-2025" }, "geometry": { "type": "Point", "coordinates": [ -79.930610167492461, 40.469197708353676, 522232198.0 ] } },
{ "type": "Feature", "properties": { "candidate_id": "signal_1365504850", "name": "TS29", "operation_type": "Fixed", "flash_time": "24 Hr stop and go", "flash_yellow": "", "id": 1365504850, "description": "Blvd of the Allies - Ward St", "traffic_count": 0, "crosswalk_count": 4, "hin_count": 1, "crash_count": 31, "injury_crash_count": 15, "severe_crash_count": 1, "vru_crash_count": 9, "fatalities": 1, "injuries": 18, "coverage_points": 55, "coverage_score_pre_osm": 61.1, "osm_status": "not_assessed", "safety_priority_score": 64.2, "selection_score": 62.2, "crash_window": "2019-2025" }, "geometry": { "type": "Point", "coordinates": [ -79.954593058000299, 40.434594917220238, 1365504850.0 ] } },
{ "type": "Feature", "properties": { "candidate_id": "signal_2107725517", "name": "TS612", "operation_type": "Fully Actuated", "flash_time": "24 Hr stop and go", "flash_yellow": "SECOND AVE", "id": 2107725517, "description": "Second Ave -Technology Dr  (West)", "traffic_count": 0, "crosswalk_count": 2, "hin_count": 0, "crash_count": 85, "injury_crash_count": 30, "severe_crash_count": 2, "vru_crash_count": 0, "fatalities": 0, "injuries": 41, "coverage_points": 55, "coverage_score_pre_osm": 61.1, "osm_status": "not_assessed", "safety_priority_score": 64.2, "selection_score": 62.2, "crash_window": "2019-2025" }, "geometry": { "type": "Point", "coordinates": [ -79.965216027232614, 40.434021319153523, 2107725517.0 ] } },
{ "type": "Feature", "properties": { "candidate_id": "signal_24027769", "name": "TS635", "operation_type": "Fixed", "flash_time": "24 Hr stop and go", "flash_yellow": "CARSON ST RAMP", "id": 24027769, "description": "Carson St Ramp - Station Square Dr W", "traffic_count": 0, "crosswalk_count": 1, "hin_count": 1, "crash_count": 40, "injury_crash_count": 20, "severe_crash_count": 2, "vru_crash_count": 0, "fatalities": 0, "injuries": 39, "coverage_points": 55, "coverage_score_pre_osm": 61.1, "osm_status": "not_assessed", "safety_priority_score": 64.2, "selection_score": 62.2, "crash_window": "2019-2025" }, "geometry": { "type": "Point", "coordinates": [ -80.018944520614369, 40.440683849861763, 24027769.0 ] } },
{ "type": "Feature", "properties": { "candidate_id": "signal_1009690203", "name": "TS34", "operation_type": "Fixed / Ped Actuated", "flash_time": "24 Hr stop and go", "flash_yellow": "", "id": 1009690203, "description": "Anderson St - Canal St - Stockton Ave", "traffic_count": 0, "crosswalk_count": 3, "hin_count": 0, "crash_count": 51, "injury_crash_count": 25, "severe_crash_count": 1, "vru_crash_count": 6, "fatalities": 0, "injuries": 30, "coverage_points": 55, "coverage_score_pre_osm": 61.1, "osm_status": "not_assessed", "safety_priority_score": 64.1, "selection_score": 62.2, "crash_window": "2019-2025" }, "geometry": { "type": "Point", "coordinates": [ -80.001343656326924, 40.450783544923318, 1009690203.0 ] } },
{ "type": "Feature", "properties": { "candidate_id": "signal_2135544262", "name": "TS427", "operation_type": "Fully Actuated", "flash_time": "24 Hr stop and go", "flash_yellow": "W LIBERTY AVE", "id": 2135544262, "description": "Liberty Tunl - Saw Mill Run Blvd - W Liberty Ave", "traffic_count": 0, "crosswalk_count": 1, "hin_count": 2, "crash_count": 112, "injury_crash_count": 42, "severe_crash_count": 0, "vru_crash_count": 0, "fatalities": 0, "injuries": 59, "coverage_points": 55, "coverage_score_pre_osm": 61.1, "osm_status": "not_assessed", "safety_priority_score": 64.1, "selection_score": 62.2, "crash_window": "2019-2025" }, "geometry": { "type": "Point", "coordinates": [ -80.009600132290402, 40.41420606703926, 2135544262.0 ] } },
{ "type": "Feature", "properties": { "candidate_id": "signal_641314959", "name": "TS472", "operation_type": "Semi Actuated", "flash_time": "00:00 - 06:00", "flash_yellow": "N NEGLEY AVE", "id": 641314959, "description": "Negley Ave - Rippey St", "traffic_count": 0, "crosswalk_count": 2, "hin_count": 1, "crash_count": 26, "injury_crash_count": 13, "severe_crash_count": 2, "vru_crash_count": 5, "fatalities": 1, "injuries": 15, "coverage_points": 55, "coverage_score_pre_osm": 61.1, "osm_status": "not_assessed", "safety_priority_score": 63.8, "selection_score": 62.0, "crash_window": "2019-2025" }, "geometry": { "type": "Point", "coordinates": [ -79.92880013728589, 40.466618864214681, 641314959.0 ] } },
{ "type": "Feature", "properties": { "candidate_id": "signal_385581450", "name": "TS611", "operation_type": "Fixed", "flash_time": "00:00 - 06:00", "flash_yellow": "FIFTH AVE", "id": 385581450, "description": "Fifth Ave - Stevenson St", "traffic_count": 0, "crosswalk_count": 4, "hin_count": 1, "crash_count": 33, "injury_crash_count": 10, "severe_crash_count": 2, "vru_crash_count": 4, "fatalities": 1, "injuries": 17, "coverage_points": 55, "coverage_score_pre_osm": 61.1, "osm_status": "not_assessed", "safety_priority_score": 63.1, "selection_score": 61.8, "crash_window": "2019-2025" }, "geometry": { "type": "Point", "coordinates": [ -79.986465545690606, 40.438615052234134, 385581450.0 ] } },
{ "type": "Feature", "properties": { "candidate_id": "signal_1947330672", "name": "TS660", "operation_type": "Fully Actuated", "flash_time": "24 Hr stop and go", "flash_yellow": "WOODRUFF ST", "id": 1947330672, "description": "Wabash St - Woodruff St", "traffic_count": 0, "crosswalk_count": 2, "hin_count": 0, "crash_count": 94, "injury_crash_count": 24, "severe_crash_count": 2, "vru_crash_count": 0, "fatalities": 0, "injuries": 29, "coverage_points": 55, "coverage_score_pre_osm": 61.1, "osm_status": "not_assessed", "safety_priority_score": 62.8, "selection_score": 61.7, "crash_window": "2019-2025" }, "geometry": { "type": "Point", "coordinates": [ -80.018332671786141, 40.426255372996422, 1947330672.0 ] } },
{ "type": "Feature", "properties": { "candidate_id": "signal_989089016", "name": "TS549", "operation_type": "Fully Actuated", "flash_time": "24 Hr stop and go", "flash_yellow": "", "id": 989089016, "description": "Lacock St - Reedsdale St - Mazeroski Way", "traffic_count": 0, "crosswalk_count": 5, "hin_count": 0, "crash_count": 40, "injury_crash_count": 20, "severe_crash_count": 2, "vru_crash_count": 4, "fatalities": 0, "injuries": 26, "coverage_points": 55, "coverage_score_pre_osm": 61.1, "osm_status": "not_assessed", "safety_priority_score": 62.7, "selection_score": 61.7, "crash_window": "2019-2025" }, "geometry": { "type": "Point", "coordinates": [ -80.008186551893289, 40.448342384031562, 989089016.0 ] } },
{ "type": "Feature", "properties": { "candidate_id": "signal_1212335100", "name": "TSF15", "operation_type": "", "flash_time": "", "flash_yellow": "", "id": 1212335100, "description": "Pittsburgh Montessori School", "traffic_count": 3, "crosswalk_count": 2, "hin_count": 0, "crash_count": 15, "injury_crash_count": 4, "severe_crash_count": 0, "vru_crash_count": 2, "fatalities": 0, "injuries": 4, "coverage_points": 75, "coverage_score_pre_osm": 83.3, "osm_status": "not_assessed", "safety_priority_score": 21.4, "selection_score": 61.6, "crash_window": "2019-2025" }, "geometry": { "type": "Point", "coordinates": [ -79.935600103263141, 40.46240686685266, 1212335100.0 ] } },
{ "type": "Feature", "properties": { "candidate_id": "signal_1069737164", "name": "TS68", "operation_type": "Fully Actuated", "flash_time": "24 Hr stop and go", "flash_yellow": "BAUM BLVD", "id": 1069737164, "description": "Baum Blvd - Graham Pl", "traffic_count": 0, "crosswalk_count": 4, "hin_count": 1, "crash_count": 56, "injury_crash_count": 20, "severe_crash_count": 0, "vru_crash_count": 4, "fatalities": 0, "injuries": 25, "coverage_points": 55, "coverage_score_pre_osm": 61.1, "osm_status": "not_assessed", "safety_priority_score": 62.5, "selection_score": 61.6, "crash_window": "2019-2025" }, "geometry": { "type": "Point", "coordinates": [ -79.936951519793439, 40.457424477254094, 1069737164.0 ] } },
{ "type": "Feature", "properties": { "candidate_id": "signal_1550114750", "name": "TS310", "operation_type": "Fully Actuated", "flash_time": "stop and go", "flash_yellow": "", "id": 1550114750, "description": "Fifth Ave - Penn Ave", "traffic_count": 0, "crosswalk_count": 4, "hin_count": 2, "crash_count": 96, "injury_crash_count": 34, "severe_crash_count": 0, "vru_crash_count": 0, "fatalities": 0, "injuries": 41, "coverage_points": 55, "coverage_score_pre_osm": 61.1, "osm_status": "not_assessed", "safety_priority_score": 62.4, "selection_score": 61.6, "crash_window": "2019-2025" }, "geometry": { "type": "Point", "coordinates": [ -79.912426770977703, 40.454045435850183, 1550114750.0 ] } },
{ "type": "Feature", "properties": { "candidate_id": "signal_484613315", "name": "TS505", "operation_type": "Fixed", "flash_time": "24 Hr Stop And Go", "flash_yellow": "PENN AVE", "id": 484613315, "description": "Penn Ave - 30th St", "traffic_count": 0, "crosswalk_count": 4, "hin_count": 1, "crash_count": 36, "injury_crash_count": 18, "severe_crash_count": 1, "vru_crash_count": 2, "fatalities": 0, "injuries": 20, "coverage_points": 55, "coverage_score_pre_osm": 61.1, "osm_status": "not_assessed", "safety_priority_score": 62.3, "selection_score": 61.5, "crash_window": "2019-2025" }, "geometry": { "type": "Point", "coordinates": [ -79.972784314406255, 40.45882360516871, 484613315.0 ] } },
{ "type": "Feature", "properties": { "candidate_id": "signal_843007644", "name": "TS346", "operation_type": "Fixed", "flash_time": "24 Hr stop and go", "flash_yellow": "FORT DUQUESNE BLVD", "id": 843007644, "description": "Fort Duquesne Blvd - 6th St", "traffic_count": 0, "crosswalk_count": 4, "hin_count": 1, "crash_count": 23, "injury_crash_count": 9, "severe_crash_count": 3, "vru_crash_count": 5, "fatalities": 0, "injuries": 12, "coverage_points": 55, "coverage_score_pre_osm": 61.1, "osm_status": "not_assessed", "safety_priority_score": 62.2, "selection_score": 61.5, "crash_window": "2019-2025" }, "geometry": { "type": "Point", "coordinates": [ -80.002693881385071, 40.444092858618433, 843007644.0 ] } },
{ "type": "Feature", "properties": { "candidate_id": "signal_557990913", "name": "TS654", "operation_type": "Semi Actuated", "flash_time": "03:00 - 06:00 Sun - Sat", "flash_yellow": "E CARSON ST", "id": 557990913, "description": "Carson St - S 28th St", "traffic_count": 0, "crosswalk_count": 4, "hin_count": 1, "crash_count": 43, "injury_crash_count": 10, "severe_crash_count": 1, "vru_crash_count": 5, "fatalities": 1, "injuries": 12, "coverage_points": 55, "coverage_score_pre_osm": 61.1, "osm_status": "not_assessed", "safety_priority_score": 62.2, "selection_score": 61.5, "crash_window": "2019-2025" }, "geometry": { "type": "Point", "coordinates": [ -79.965744420094694, 40.4262469038066, 557990913.0 ] } },
{ "type": "Feature", "properties": { "candidate_id": "signal_2012610053", "name": "TS340", "operation_type": "Fixed", "flash_time": "00:00 - 06:00", "flash_yellow": "FORBES AVE", "id": 2012610053, "description": "Forbes Ave - Stevenson St", "traffic_count": 0, "crosswalk_count": 4, "hin_count": 1, "crash_count": 33, "injury_crash_count": 9, "severe_crash_count": 2, "vru_crash_count": 4, "fatalities": 1, "injuries": 16, "coverage_points": 55, "coverage_score_pre_osm": 61.1, "osm_status": "not_assessed", "safety_priority_score": 62.0, "selection_score": 61.4, "crash_window": "2019-2025" }, "geometry": { "type": "Point", "coordinates": [ -79.986536692710274, 40.437739455684031, 2012610053.0 ] } },
{ "type": "Feature", "properties": { "candidate_id": "signal_108162291", "name": "TSF139", "operation_type": "", "flash_time": "", "flash_yellow": "", "id": 108162291, "description": "Urban League G.P Charter School (Closed)", "traffic_count": 2, "crosswalk_count": 4, "hin_count": 0, "crash_count": 13, "injury_crash_count": 4, "severe_crash_count": 0, "vru_crash_count": 2, "fatalities": 0, "injuries": 5, "coverage_points": 75, "coverage_score_pre_osm": 83.3, "osm_status": "not_assessed", "safety_priority_score": 20.3, "selection_score": 61.2, "crash_window": "2019-2025" }, "geometry": { "type": "Point", "coordinates": [ -79.909928434357283, 40.462289065498879, 108162291.0 ] } },
{ "type": "Feature", "properties": { "candidate_id": "signal_1467299341", "name": "TS399", "operation_type": "Semi Actuated", "flash_time": "00:00 - 06:00", "flash_yellow": "STATION ST", "id": 1467299341, "description": "Highland Ave - Station St", "traffic_count": 0, "crosswalk_count": 5, "hin_count": 2, "crash_count": 41, "injury_crash_count": 21, "severe_crash_count": 0, "vru_crash_count": 5, "fatalities": 0, "injuries": 27, "coverage_points": 55, "coverage_score_pre_osm": 61.1, "osm_status": "not_assessed", "safety_priority_score": 61.5, "selection_score": 61.2, "crash_window": "2019-2025" }, "geometry": { "type": "Point", "coordinates": [ -79.923823303974402, 40.46376818137724, 1467299341.0 ] } },
{ "type": "Feature", "properties": { "candidate_id": "signal_1079212655", "name": "TS619", "operation_type": "Fixed", "flash_time": "23:00-6:00", "flash_yellow": "DARRAGH ST", "id": 1079212655, "description": "Darragh St - Terrace St", "traffic_count": 0, "crosswalk_count": 4, "hin_count": 0, "crash_count": 33, "injury_crash_count": 14, "severe_crash_count": 3, "vru_crash_count": 7, "fatalities": 2, "injuries": 14, "coverage_points": 55, "coverage_score_pre_osm": 61.1, "osm_status": "not_assessed", "safety_priority_score": 61.5, "selection_score": 61.2, "crash_window": "2019-2025" }, "geometry": { "type": "Point", "coordinates": [ -79.962839836201127, 40.441967457909271, 1079212655.0 ] } },
{ "type": "Feature", "properties": { "candidate_id": "signal_901056335", "name": "TS347", "operation_type": "Fixed", "flash_time": "24 Hr stop and go", "flash_yellow": "FORT DUQUESNE BLVD", "id": 901056335, "description": "Fort Duquesne Blvd - Stanwix St", "traffic_count": 0, "crosswalk_count": 2, "hin_count": 1, "crash_count": 34, "injury_crash_count": 11, "severe_crash_count": 2, "vru_crash_count": 2, "fatalities": 0, "injuries": 12, "coverage_points": 55, "coverage_score_pre_osm": 61.1, "osm_status": "not_assessed", "safety_priority_score": 61.4, "selection_score": 61.2, "crash_window": "2019-2025" }, "geometry": { "type": "Point", "coordinates": [ -80.004678627115553, 40.443466040777267, 901056335.0 ] } },
{ "type": "Feature", "properties": { "candidate_id": "signal_1580146304", "name": "TS573", "operation_type": "Fixed", "flash_time": "23:00 - 06:00", "flash_yellow": "SECOND AVE", "id": 1580146304, "description": "Second Ave - Tecumseh St", "traffic_count": 0, "crosswalk_count": 8, "hin_count": 1, "crash_count": 32, "injury_crash_count": 15, "severe_crash_count": 1, "vru_crash_count": 4, "fatalities": 1, "injuries": 16, "coverage_points": 55, "coverage_score_pre_osm": 61.1, "osm_status": "not_assessed", "safety_priority_score": 61.3, "selection_score": 61.2, "crash_window": "2019-2025" }, "geometry": { "type": "Point", "coordinates": [ -79.943683588406572, 40.408579137790262, 1580146304.0 ] } },
{ "type": "Feature", "properties": { "candidate_id": "signal_1648755973", "name": "TS166", "operation_type": "Fixed", "flash_time": "23:00 - 06:00", "flash_yellow": "BROWNSVILLE RD", "id": 1648755973, "description": "Brownsville Rd - Mckinley St", "traffic_count": 0, "crosswalk_count": 3, "hin_count": 1, "crash_count": 24, "injury_crash_count": 12, "severe_crash_count": 2, "vru_crash_count": 4, "fatalities": 0, "injuries": 13, "coverage_points": 55, "coverage_score_pre_osm": 61.1, "osm_status": "not_assessed", "safety_priority_score": 61.1, "selection_score": 61.1, "crash_window": "2019-2025" }, "geometry": { "type": "Point", "coordinates": [ -79.991113901035334, 40.408753208264315, 1648755973.0 ] } },
{ "type": "Feature", "properties": { "candidate_id": "signal_1551451073", "name": "TS489", "operation_type": "Fixed", "flash_time": "24 Hr stop and go", "flash_yellow": "WOOD ST", "id": 1551451073, "description": "Oliver Ave - Wood St", "traffic_count": 0, "crosswalk_count": 4, "hin_count": 0, "crash_count": 33, "injury_crash_count": 23, "severe_crash_count": 1, "vru_crash_count": 13, "fatalities": 1, "injuries": 34, "coverage_points": 55, "coverage_score_pre_osm": 61.1, "osm_status": "not_assessed", "safety_priority_score": 60.7, "selection_score": 61.0, "crash_window": "2019-2025" }, "geometry": { "type": "Point", "coordinates": [ -79.999919165890702, 40.441456481135873, 1551451073.0 ] } },
{ "type": "Feature", "properties": { "candidate_id": "signal_446836776", "name": "TSF4", "operation_type": "", "flash_time": "", "flash_yellow": "", "id": 446836776, "description": "Brookline School", "traffic_count": 1, "crosswalk_count": 2, "hin_count": 0, "crash_count": 8, "injury_crash_count": 5, "severe_crash_count": 0, "vru_crash_count": 2, "fatalities": 0, "injuries": 6, "coverage_points": 75, "coverage_score_pre_osm": 83.3, "osm_status": "not_assessed", "safety_priority_score": 19.4, "selection_score": 60.9, "crash_window": "2019-2025" }, "geometry": { "type": "Point", "coordinates": [ -80.02474861741176, 40.39436324500371, 446836776.0 ] } },
{ "type": "Feature", "properties": { "candidate_id": "signal_716179702", "name": "TS241", "operation_type": "Fixed", "flash_time": "24 Hr stop and go", "flash_yellow": "", "id": 716179702, "description": "Commonwealth Pl - Liberty Ave", "traffic_count": 0, "crosswalk_count": 9, "hin_count": 1, "crash_count": 38, "injury_crash_count": 15, "severe_crash_count": 2, "vru_crash_count": 0, "fatalities": 0, "injuries": 18, "coverage_points": 55, "coverage_score_pre_osm": 61.1, "osm_status": "not_assessed", "safety_priority_score": 60.5, "selection_score": 60.9, "crash_window": "2019-2025" }, "geometry": { "type": "Point", "coordinates": [ -80.00677749808878, 40.440943685142351, 716179702.0 ] } },
{ "type": "Feature", "properties": { "candidate_id": "signal_1584606386", "name": "TS638", "operation_type": "Fixed", "flash_time": "System Flash 00:00 to 06:00 AM", "flash_yellow": "LIBERTY AVE", "id": 1584606386, "description": "Liberty Ave - Taylor St", "traffic_count": 0, "crosswalk_count": 4, "hin_count": 1, "crash_count": 20, "injury_crash_count": 11, "severe_crash_count": 2, "vru_crash_count": 6, "fatalities": 0, "injuries": 12, "coverage_points": 55, "coverage_score_pre_osm": 61.1, "osm_status": "not_assessed", "safety_priority_score": 60.4, "selection_score": 60.9, "crash_window": "2019-2025" }, "geometry": { "type": "Point", "coordinates": [ -79.95088730488321, 40.462644186205821, 1584606386.0 ] } },
{ "type": "Feature", "properties": { "candidate_id": "signal_1864861521", "name": "TS167", "operation_type": "Fixed", "flash_time": "01:00 -- 06:00", "flash_yellow": "BROWNSVILLE RD", "id": 1864861521, "description": "Brownsville Rd - Nobles Ln", "traffic_count": 0, "crosswalk_count": 3, "hin_count": 1, "crash_count": 35, "injury_crash_count": 12, "severe_crash_count": 1, "vru_crash_count": 4, "fatalities": 0, "injuries": 16, "coverage_points": 55, "coverage_score_pre_osm": 61.1, "osm_status": "not_assessed", "safety_priority_score": 60.3, "selection_score": 60.8, "crash_window": "2019-2025" }, "geometry": { "type": "Point", "coordinates": [ -79.990116279242343, 40.403845393897868, 1864861521.0 ] } },
{ "type": "Feature", "properties": { "candidate_id": "signal_1999021406", "name": "TS646", "operation_type": "Fully Actuated", "flash_time": "24 Hr stop and go", "flash_yellow": "GENERAL ROBINSON ST", "id": 1999021406, "description": "General Robinson St - Tony Dorsett Dr", "traffic_count": 0, "crosswalk_count": 4, "hin_count": 1, "crash_count": 41, "injury_crash_count": 21, "severe_crash_count": 0, "vru_crash_count": 4, "fatalities": 0, "injuries": 29, "coverage_points": 55, "coverage_score_pre_osm": 61.1, "osm_status": "not_assessed", "safety_priority_score": 60.2, "selection_score": 60.8, "crash_window": "2019-2025" }, "geometry": { "type": "Point", "coordinates": [ -80.010312839017985, 40.447265426427883, 1999021406.0 ] } },
{ "type": "Feature", "properties": { "candidate_id": "signal_1481260664", "name": "TS367", "operation_type": "Fixed", "flash_time": "24 Hr stop and go", "flash_yellow": "FRANKSTOWN AVE", "id": 1481260664, "description": "Frankstown Ave - Homewood Ave", "traffic_count": 0, "crosswalk_count": 0, "hin_count": 1, "crash_count": 60, "injury_crash_count": 34, "severe_crash_count": 10, "vru_crash_count": 9, "fatalities": 0, "injuries": 45, "coverage_points": 40, "coverage_score_pre_osm": 44.4, "osm_status": "not_assessed", "safety_priority_score": 91.4, "selection_score": 60.8, "crash_window": "2019-2025" }, "geometry": { "type": "Point", "coordinates": [ -79.896300996082317, 40.457404483335054, 1481260664.0 ] } },
{ "type": "Feature", "properties": { "candidate_id": "signal_1830263951", "name": "TSF157", "operation_type": "", "flash_time": "", "flash_yellow": "", "id": 1830263951, "description": "Flashing Warning Device - Carson St - S 2nd St", "traffic_count": 0, "crosswalk_count": 4, "hin_count": 1, "crash_count": 222, "injury_crash_count": 78, "severe_crash_count": 6, "vru_crash_count": 2, "fatalities": 1, "injuries": 121, "coverage_points": 40, "coverage_score_pre_osm": 44.4, "osm_status": "not_assessed", "safety_priority_score": 91.3, "selection_score": 60.8, "crash_window": "2019-2025" }, "geometry": { "type": "Point", "coordinates": [ -79.999065864617847, 40.430129933646718, 1830263951.0 ] } },
{ "type": "Feature", "properties": { "candidate_id": "signal_1787441882", "name": "TSF22", "operation_type": "", "flash_time": "", "flash_yellow": "", "id": 1787441882, "description": "Lincoln Primary School", "traffic_count": 4, "crosswalk_count": 3, "hin_count": 1, "crash_count": 5, "injury_crash_count": 1, "severe_crash_count": 0, "vru_crash_count": 0, "fatalities": 0, "injuries": 1, "coverage_points": 75, "coverage_score_pre_osm": 83.3, "osm_status": "not_assessed", "safety_priority_score": 18.6, "selection_score": 60.7, "crash_window": "2019-2025" }, "geometry": { "type": "Point", "coordinates": [ -79.911555747410219, 40.460008360316067, 1787441882.0 ] } },
{ "type": "Feature", "properties": { "candidate_id": "signal_178719949", "name": "TS251", "operation_type": "Fixed", "flash_time": "24 Hr Stop & Go", "flash_yellow": "KELLY ST", "id": 178719949, "description": "DALLAS  KELLY", "traffic_count": 0, "crosswalk_count": 4, "hin_count": 2, "crash_count": 27, "injury_crash_count": 12, "severe_crash_count": 3, "vru_crash_count": 1, "fatalities": 1, "injuries": 13, "coverage_points": 55, "coverage_score_pre_osm": 61.1, "osm_status": "not_assessed", "safety_priority_score": 60.0, "selection_score": 60.7, "crash_window": "2019-2025" }, "geometry": { "type": "Point", "coordinates": [ -79.904388721090484, 40.457206096204523, 178719949.0 ] } },
{ "type": "Feature", "properties": { "candidate_id": "signal_246116498", "name": "TS312", "operation_type": "Fixed", "flash_time": "24 Hr stop and go", "flash_yellow": "FIFTH AVE", "id": 246116498, "description": "Fifth Ave - Shady Ave", "traffic_count": 0, "crosswalk_count": 4, "hin_count": 2, "crash_count": 61, "injury_crash_count": 24, "severe_crash_count": 0, "vru_crash_count": 1, "fatalities": 0, "injuries": 43, "coverage_points": 55, "coverage_score_pre_osm": 61.1, "osm_status": "not_assessed", "safety_priority_score": 59.9, "selection_score": 60.7, "crash_window": "2019-2025" }, "geometry": { "type": "Point", "coordinates": [ -79.920715252567263, 40.452901747566244, 246116498.0 ] } },
{ "type": "Feature", "properties": { "candidate_id": "signal_648862288", "name": "TS570", "operation_type": "Fully Actuated", "flash_time": "24 Hr stop and go", "flash_yellow": "SAW MILL RUN BLVD", "id": 648862288, "description": "Crane Ave - Saw Mill Run Blvd", "traffic_count": 0, "crosswalk_count": 2, "hin_count": 1, "crash_count": 56, "injury_crash_count": 16, "severe_crash_count": 1, "vru_crash_count": 0, "fatalities": 1, "injuries": 22, "coverage_points": 55, "coverage_score_pre_osm": 61.1, "osm_status": "not_assessed", "safety_priority_score": 59.9, "selection_score": 60.7, "crash_window": "2019-2025" }, "geometry": { "type": "Point", "coordinates": [ -80.014540838954431, 40.41704209191181, 648862288.0 ] } },
{ "type": "Feature", "properties": { "candidate_id": "signal_1428073226", "name": "TS284", "operation_type": "Fixed", "flash_time": "24 Hr stop and go", "flash_yellow": "SECOND AVE", "id": 1428073226, "description": "Elizabeth St - Second Ave", "traffic_count": 0, "crosswalk_count": 4, "hin_count": 1, "crash_count": 24, "injury_crash_count": 9, "severe_crash_count": 2, "vru_crash_count": 5, "fatalities": 1, "injuries": 10, "coverage_points": 55, "coverage_score_pre_osm": 61.1, "osm_status": "not_assessed", "safety_priority_score": 59.7, "selection_score": 60.6, "crash_window": "2019-2025" }, "geometry": { "type": "Point", "coordinates": [ -79.943274924122562, 40.407098728819491, 1428073226.0 ] } },
{ "type": "Feature", "properties": { "candidate_id": "signal_515948848", "name": "TS500", "operation_type": "Fixed", "flash_time": "0:00-6:00", "flash_yellow": "PENN AVE", "id": 515948848, "description": "Penn Ave - 12th St", "traffic_count": 0, "crosswalk_count": 5, "hin_count": 1, "crash_count": 29, "injury_crash_count": 16, "severe_crash_count": 1, "vru_crash_count": 3, "fatalities": 0, "injuries": 22, "coverage_points": 55, "coverage_score_pre_osm": 61.1, "osm_status": "not_assessed", "safety_priority_score": 59.6, "selection_score": 60.6, "crash_window": "2019-2025" }, "geometry": { "type": "Point", "coordinates": [ -79.992391410023075, 40.445771218424568, 515948848.0 ] } },
{ "type": "Feature", "properties": { "candidate_id": "signal_2066168143", "name": "TS508", "operation_type": "Semi Actuated", "flash_time": "24 Hr stop and go", "flash_yellow": "", "id": 2066168143, "description": "Euclid Ave - Penn Ave", "traffic_count": 0, "crosswalk_count": 5, "hin_count": 1, "crash_count": 52, "injury_crash_count": 18, "severe_crash_count": 0, "vru_crash_count": 3, "fatalities": 0, "injuries": 21, "coverage_points": 55, "coverage_score_pre_osm": 61.1, "osm_status": "not_assessed", "safety_priority_score": 59.5, "selection_score": 60.5, "crash_window": "2019-2025" }, "geometry": { "type": "Point", "coordinates": [ -79.927825560873202, 40.462519011611278, 2066168143.0 ] } },
{ "type": "Feature", "properties": { "candidate_id": "signal_1982986125", "name": "TS531", "operation_type": "Fixed", "flash_time": "24 Hr stop and go", "flash_yellow": "SMITHFIELD ST", "id": 1982986125, "description": "Sixth Ave - Smithfield St", "traffic_count": 0, "crosswalk_count": 5, "hin_count": 1, "crash_count": 20, "injury_crash_count": 15, "severe_crash_count": 1, "vru_crash_count": 9, "fatalities": 0, "injuries": 17, "coverage_points": 55, "coverage_score_pre_osm": 61.1, "osm_status": "not_assessed", "safety_priority_score": 59.5, "selection_score": 60.5, "crash_window": "2019-2025" }, "geometry": { "type": "Point", "coordinates": [ -79.997734784716599, 40.441464409431184, 1982986125.0 ] } },
{ "type": "Feature", "properties": { "candidate_id": "signal_1684501876", "name": "TS4", "operation_type": "Fixed", "flash_time": "24 Hr stop and go", "flash_yellow": "", "id": 1684501876, "description": "Aiken Ave - Fifth Ave", "traffic_count": 0, "crosswalk_count": 2, "hin_count": 2, "crash_count": 26, "injury_crash_count": 9, "severe_crash_count": 2, "vru_crash_count": 4, "fatalities": 0, "injuries": 15, "coverage_points": 55, "coverage_score_pre_osm": 61.1, "osm_status": "not_assessed", "safety_priority_score": 59.3, "selection_score": 60.5, "crash_window": "2019-2025" }, "geometry": { "type": "Point", "coordinates": [ -79.934208382470175, 40.448407895373485, 1684501876.0 ] } },
{ "type": "Feature", "properties": { "candidate_id": "signal_1974997695", "name": "TS649", "operation_type": "Fully Actuated", "flash_time": "24 Hr stop and go", "flash_yellow": "SECOND AVE", "id": 1974997695, "description": "Second Ave - Bridgeside Point", "traffic_count": 0, "crosswalk_count": 0, "hin_count": 1, "crash_count": 124, "injury_crash_count": 43, "severe_crash_count": 7, "vru_crash_count": 2, "fatalities": 2, "injuries": 59, "coverage_points": 40, "coverage_score_pre_osm": 44.4, "osm_status": "not_assessed", "safety_priority_score": 90.2, "selection_score": 60.4, "crash_window": "2019-2025" }, "geometry": { "type": "Point", "coordinates": [ -79.956685140597642, 40.428922592132409, 1974997695.0 ] } },
{ "type": "Feature", "properties": { "candidate_id": "signal_428442419", "name": "TSF102", "operation_type": "", "flash_time": "", "flash_yellow": "", "id": 428442419, "description": "DePaul Institute  (Sacred Heart) School", "traffic_count": 1, "crosswalk_count": 7, "hin_count": 0, "crash_count": 16, "injury_crash_count": 5, "severe_crash_count": 0, "vru_crash_count": 0, "fatalities": 0, "injuries": 8, "coverage_points": 75, "coverage_score_pre_osm": 83.3, "osm_status": "not_assessed", "safety_priority_score": 17.7, "selection_score": 60.3, "crash_window": "2019-2025" }, "geometry": { "type": "Point", "coordinates": [ -79.923363314895795, 40.456648669638476, 428442419.0 ] } },
{ "type": "Feature", "properties": { "candidate_id": "signal_691914902", "name": "TSF109", "operation_type": "", "flash_time": "", "flash_yellow": "", "id": 691914902, "description": "INCARNATION ACADEMY [CLOSED]", "traffic_count": 1, "crosswalk_count": 3, "hin_count": 0, "crash_count": 10, "injury_crash_count": 3, "severe_crash_count": 0, "vru_crash_count": 2, "fatalities": 0, "injuries": 4, "coverage_points": 75, "coverage_score_pre_osm": 83.3, "osm_status": "not_assessed", "safety_priority_score": 17.7, "selection_score": 60.3, "crash_window": "2019-2025" }, "geometry": { "type": "Point", "coordinates": [ -80.020186303074468, 40.492694225950594, 691914902.0 ] } },
{ "type": "Feature", "properties": { "candidate_id": "signal_1000188368", "name": "TS302", "operation_type": "Fixed", "flash_time": "24 Hr stop and go", "flash_yellow": "FIFTH AVE", "id": 1000188368, "description": "Fifth Ave - Lytton Ave", "traffic_count": 0, "crosswalk_count": 2, "hin_count": 1, "crash_count": 22, "injury_crash_count": 14, "severe_crash_count": 1, "vru_crash_count": 7, "fatalities": 0, "injuries": 15, "coverage_points": 55, "coverage_score_pre_osm": 61.1, "osm_status": "not_assessed", "safety_priority_score": 58.9, "selection_score": 60.3, "crash_window": "2019-2025" }, "geometry": { "type": "Point", "coordinates": [ -79.953943572007461, 40.445018806973948, 1000188368.0 ] } },
{ "type": "Feature", "properties": { "candidate_id": "signal_1660030442", "name": "TS377", "operation_type": "Fixed", "flash_time": "23:00-6:00", "flash_yellow": "NORTH AVE", "id": 1660030442, "description": "Galveston Ave - North Ave", "traffic_count": 2, "crosswalk_count": 0, "hin_count": 1, "crash_count": 3, "injury_crash_count": 0, "severe_crash_count": 0, "vru_crash_count": 0, "fatalities": 0, "injuries": 0, "coverage_points": 75, "coverage_score_pre_osm": 83.3, "osm_status": "not_assessed", "safety_priority_score": 17.3, "selection_score": 60.2, "crash_window": "2019-2025" }, "geometry": { "type": "Point", "coordinates": [ -80.017054391145578, 40.453550986684917, 1660030442.0 ] } },
{ "type": "Feature", "properties": { "candidate_id": "signal_1997983572", "name": "TS211", "operation_type": "Fully Actuated", "flash_time": "24 Hr stop and go", "flash_yellow": "CENTRE AVE", "id": 1997983572, "description": "Centre Ave - S Graham St", "traffic_count": 0, "crosswalk_count": 4, "hin_count": 1, "crash_count": 41, "injury_crash_count": 18, "severe_crash_count": 0, "vru_crash_count": 4, "fatalities": 0, "injuries": 23, "coverage_points": 55, "coverage_score_pre_osm": 61.1, "osm_status": "not_assessed", "safety_priority_score": 58.6, "selection_score": 60.2, "crash_window": "2019-2025" }, "geometry": { "type": "Point", "coordinates": [ -79.936493438736491, 40.456572583320771, 1997983572.0 ] } },
{ "type": "Feature", "properties": { "candidate_id": "signal_1774002994", "name": "TS279", "operation_type": "Fixed", "flash_time": "24 Hr stop and go", "flash_yellow": "S 18TH ST", "id": 1774002994, "description": "S 18th St - Jane St", "traffic_count": 0, "crosswalk_count": 5, "hin_count": 1, "crash_count": 54, "injury_crash_count": 16, "severe_crash_count": 0, "vru_crash_count": 3, "fatalities": 0, "injuries": 24, "coverage_points": 55, "coverage_score_pre_osm": 61.1, "osm_status": "not_assessed", "safety_priority_score": 58.5, "selection_score": 60.2, "crash_window": "2019-2025" }, "geometry": { "type": "Point", "coordinates": [ -79.980743926363559, 40.42696076807443, 1774002994.0 ] } },
{ "type": "Feature", "properties": { "candidate_id": "signal_1408515689", "name": "TSF142", "operation_type": "", "flash_time": "", "flash_yellow": "", "id": 1408515689, "description": "RRFB - Forbes Ave and Boyd St", "traffic_count": 0, "crosswalk_count": 10, "hin_count": 1, "crash_count": 94, "injury_crash_count": 32, "severe_crash_count": 5, "vru_crash_count": 4, "fatalities": 1, "injuries": 44, "coverage_points": 40, "coverage_score_pre_osm": 44.4, "osm_status": "not_assessed", "safety_priority_score": 89.5, "selection_score": 60.2, "crash_window": "2019-2025" }, "geometry": { "type": "Point", "coordinates": [ -79.993237550706354, 40.438040359293552, 1408515689.0 ] } },
{ "type": "Feature", "properties": { "candidate_id": "signal_408275157", "name": "TSF17", "operation_type": "", "flash_time": "", "flash_yellow": "", "id": 408275157, "description": "MORNINGSIDE SCHOOL    [CLOSED]", "traffic_count": 4, "crosswalk_count": 4, "hin_count": 0, "crash_count": 4, "injury_crash_count": 2, "severe_crash_count": 1, "vru_crash_count": 0, "fatalities": 0, "injuries": 2, "coverage_points": 75, "coverage_score_pre_osm": 83.3, "osm_status": "not_assessed", "safety_priority_score": 17.1, "selection_score": 60.1, "crash_window": "2019-2025" }, "geometry": { "type": "Point", "coordinates": [ -79.925891567457825, 40.486158299161858, 408275157.0 ] } },
{ "type": "Feature", "properties": { "candidate_id": "signal_1035343189", "name": "TS175", "operation_type": "Fully Actuated", "flash_time": "24 Hr stop and go", "flash_yellow": "BUTLER ST", "id": 1035343189, "description": "Butler St - 40th St", "traffic_count": 0, "crosswalk_count": 4, "hin_count": 1, "crash_count": 50, "injury_crash_count": 15, "severe_crash_count": 0, "vru_crash_count": 4, "fatalities": 0, "injuries": 18, "coverage_points": 55, "coverage_score_pre_osm": 61.1, "osm_status": "not_assessed", "safety_priority_score": 58.2, "selection_score": 60.1, "crash_window": "2019-2025" }, "geometry": { "type": "Point", "coordinates": [ -79.962293386522219, 40.468714962884704, 1035343189.0 ] } },
{ "type": "Feature", "properties": { "candidate_id": "signal_452184134", "name": "TS193", "operation_type": "Fixed / Ped Actuated", "flash_time": "24 Hr stop and go", "flash_yellow": "W LIBERTY AVE", "id": 452184134, "description": "Capital Ave - W Liberty Ave", "traffic_count": 0, "crosswalk_count": 4, "hin_count": 1, "crash_count": 34, "injury_crash_count": 14, "severe_crash_count": 2, "vru_crash_count": 0, "fatalities": 0, "injuries": 16, "coverage_points": 55, "coverage_score_pre_osm": 61.1, "osm_status": "not_assessed", "safety_priority_score": 58.0, "selection_score": 60.0, "crash_window": "2019-2025" }, "geometry": { "type": "Point", "coordinates": [ -80.018803322070539, 40.405362877616504, 452184134.0 ] } },
{ "type": "Feature", "properties": { "candidate_id": "signal_1685422502", "name": "TS411", "operation_type": "Fully Actuated", "flash_time": "24 Hr stop and go", "flash_yellow": "MIFFLIN RD", "id": 1685422502, "description": "Interboro Ave - Mifflin Rd", "traffic_count": 0, "crosswalk_count": 3, "hin_count": 1, "crash_count": 29, "injury_crash_count": 12, "severe_crash_count": 2, "vru_crash_count": 1, "fatalities": 0, "injuries": 16, "coverage_points": 55, "coverage_score_pre_osm": 61.1, "osm_status": "not_assessed", "safety_priority_score": 57.5, "selection_score": 59.8, "crash_window": "2019-2025" }, "geometry": { "type": "Point", "coordinates": [ -79.912927089022659, 40.369720112482405, 1685422502.0 ] } },
{ "type": "Feature", "properties": { "candidate_id": "signal_886187341", "name": "TS417", "operation_type": "Fully Actuated", "flash_time": "stop and go", "flash_yellow": "PENN AVE", "id": 886187341, "description": "Lang Ave - Penn Ave", "traffic_count": 0, "crosswalk_count": 4, "hin_count": 1, "crash_count": 25, "injury_crash_count": 14, "severe_crash_count": 2, "vru_crash_count": 1, "fatalities": 0, "injuries": 20, "coverage_points": 55, "coverage_score_pre_osm": 61.1, "osm_status": "not_assessed", "safety_priority_score": 57.5, "selection_score": 59.8, "crash_window": "2019-2025" }, "geometry": { "type": "Point", "coordinates": [ -79.903764027884563, 40.450005923646842, 886187341.0 ] } },
{ "type": "Feature", "properties": { "candidate_id": "signal_371613703", "name": "TS564", "operation_type": "Fully Actuated", "flash_time": "24 Hr stop and go", "flash_yellow": "", "id": 371613703, "description": "California Ave - Marshall Ave", "traffic_count": 0, "crosswalk_count": 5, "hin_count": 0, "crash_count": 45, "injury_crash_count": 14, "severe_crash_count": 6, "vru_crash_count": 0, "fatalities": 5, "injuries": 20, "coverage_points": 55, "coverage_score_pre_osm": 61.1, "osm_status": "not_assessed", "safety_priority_score": 57.4, "selection_score": 59.8, "crash_window": "2019-2025" }, "geometry": { "type": "Point", "coordinates": [ -80.030736718823732, 40.462108942155844, 371613703.0 ] } },
{ "type": "Feature", "properties": { "candidate_id": "signal_783037922", "name": "TS336", "operation_type": "Semi Actuated", "flash_time": "24 Hr stop and go", "flash_yellow": "FORBES AVE", "id": 783037922, "description": "Forbes Ave - Schenley Dr Ext", "traffic_count": 0, "crosswalk_count": 2, "hin_count": 1, "crash_count": 26, "injury_crash_count": 10, "severe_crash_count": 1, "vru_crash_count": 6, "fatalities": 0, "injuries": 11, "coverage_points": 55, "coverage_score_pre_osm": 61.1, "osm_status": "not_assessed", "safety_priority_score": 57.2, "selection_score": 59.7, "crash_window": "2019-2025" }, "geometry": { "type": "Point", "coordinates": [ -79.952121845348245, 40.44353771923052, 783037922.0 ] } },
{ "type": "Feature", "properties": { "candidate_id": "signal_1188540770", "name": "TS17", "operation_type": "Fixed", "flash_time": "24 Hr stop and go", "flash_yellow": "", "id": 1188540770, "description": "Allegheny Ave - Western Ave", "traffic_count": 0, "crosswalk_count": 5, "hin_count": 1, "crash_count": 32, "injury_crash_count": 11, "severe_crash_count": 1, "vru_crash_count": 3, "fatalities": 0, "injuries": 15, "coverage_points": 55, "coverage_score_pre_osm": 61.1, "osm_status": "not_assessed", "safety_priority_score": 56.9, "selection_score": 59.6, "crash_window": "2019-2025" }, "geometry": { "type": "Point", "coordinates": [ -80.018900374706362, 40.451525875718175, 1188540770.0 ] } },
{ "type": "Feature", "properties": { "candidate_id": "signal_2055879282", "name": "TS237", "operation_type": "Fully Actuated", "flash_time": "24 Hr stop and go", "flash_yellow": "", "id": 2055879282, "description": "Commons - Federal St S", "traffic_count": 0, "crosswalk_count": 3, "hin_count": 0, "crash_count": 38, "injury_crash_count": 20, "severe_crash_count": 2, "vru_crash_count": 1, "fatalities": 0, "injuries": 22, "coverage_points": 55, "coverage_score_pre_osm": 61.1, "osm_status": "not_assessed", "safety_priority_score": 56.8, "selection_score": 59.6, "crash_window": "2019-2025" }, "geometry": { "type": "Point", "coordinates": [ -80.004968049957512, 40.450214786900474, 2055879282.0 ] } },
{ "type": "Feature", "properties": { "candidate_id": "signal_814034741", "name": "TS30", "operation_type": "Fixed", "flash_time": "24 Hr stop and go", "flash_yellow": "", "id": 814034741, "description": "Blvd of the Allies - Wood St", "traffic_count": 0, "crosswalk_count": 12, "hin_count": 1, "crash_count": 30, "injury_crash_count": 12, "severe_crash_count": 1, "vru_crash_count": 3, "fatalities": 0, "injuries": 13, "coverage_points": 55, "coverage_score_pre_osm": 61.1, "osm_status": "not_assessed", "safety_priority_score": 56.8, "selection_score": 59.6, "crash_window": "2019-2025" }, "geometry": { "type": "Point", "coordinates": [ -80.001935896279988, 40.438445030694595, 814034741.0 ] } },
{ "type": "Feature", "properties": { "candidate_id": "signal_1182495922", "name": "TS75", "operation_type": "Fixed / Ped Actuated", "flash_time": "24 Hr stop and go", "flash_yellow": "BAYARD ST", "id": 1182495922, "description": "Bayard St - Bellefield Ave", "traffic_count": 0, "crosswalk_count": 4, "hin_count": 1, "crash_count": 35, "injury_crash_count": 16, "severe_crash_count": 0, "vru_crash_count": 5, "fatalities": 0, "injuries": 16, "coverage_points": 55, "coverage_score_pre_osm": 61.1, "osm_status": "not_assessed", "safety_priority_score": 56.8, "selection_score": 59.6, "crash_window": "2019-2025" }, "geometry": { "type": "Point", "coordinates": [ -79.952727128696111, 40.448366276881195, 1182495922.0 ] } },
{ "type": "Feature", "properties": { "candidate_id": "signal_1175243296", "name": "TS77", "operation_type": "Fully Actuated", "flash_time": "24 Hr stop and go", "flash_yellow": "N CRAIG ST", "id": 1175243296, "description": "Bayard St - Craig St", "traffic_count": 0, "crosswalk_count": 4, "hin_count": 1, "crash_count": 43, "injury_crash_count": 15, "severe_crash_count": 0, "vru_crash_count": 4, "fatalities": 0, "injuries": 15, "coverage_points": 55, "coverage_score_pre_osm": 61.1, "osm_status": "not_assessed", "safety_priority_score": 56.8, "selection_score": 59.6, "crash_window": "2019-2025" }, "geometry": { "type": "Point", "coordinates": [ -79.950741197046369, 40.449808439120304, 1175243296.0 ] } },
{ "type": "Feature", "properties": { "candidate_id": "signal_2043131763", "name": "TS592", "operation_type": "Fixed", "flash_time": "00:00 - 06:00", "flash_yellow": "LIBERTY AVE", "id": 2043131763, "description": "Cedarville St - Liberty Ave", "traffic_count": 0, "crosswalk_count": 6, "hin_count": 1, "crash_count": 20, "injury_crash_count": 9, "severe_crash_count": 2, "vru_crash_count": 4, "fatalities": 0, "injuries": 11, "coverage_points": 55, "coverage_score_pre_osm": 61.1, "osm_status": "not_assessed", "safety_priority_score": 56.4, "selection_score": 59.5, "crash_window": "2019-2025" }, "geometry": { "type": "Point", "coordinates": [ -79.948947600987154, 40.461604130019772, 2043131763.0 ] } },
{ "type": "Feature", "properties": { "candidate_id": "signal_1668255726", "name": "TS396", "operation_type": "Fixed", "flash_time": "24 Hr stop and go", "flash_yellow": "", "id": 1668255726, "description": "Herron Ave - Liberty Ave", "traffic_count": 0, "crosswalk_count": 3, "hin_count": 1, "crash_count": 51, "injury_crash_count": 20, "severe_crash_count": 0, "vru_crash_count": 1, "fatalities": 0, "injuries": 22, "coverage_points": 55, "coverage_score_pre_osm": 61.1, "osm_status": "not_assessed", "safety_priority_score": 56.3, "selection_score": 59.4, "crash_window": "2019-2025" }, "geometry": { "type": "Point", "coordinates": [ -79.967212459508431, 40.461600786459471, 1668255726.0 ] } },
{ "type": "Feature", "properties": { "candidate_id": "signal_141655232", "name": "TS232", "operation_type": "Fixed", "flash_time": "24 Hr stop and go", "flash_yellow": "CHESTNUT ST", "id": 141655232, "description": "Chestnut St - Progress St", "traffic_count": 0, "crosswalk_count": 4, "hin_count": 1, "crash_count": 25, "injury_crash_count": 9, "severe_crash_count": 2, "vru_crash_count": 2, "fatalities": 0, "injuries": 12, "coverage_points": 55, "coverage_score_pre_osm": 61.1, "osm_status": "not_assessed", "safety_priority_score": 55.9, "selection_score": 59.3, "crash_window": "2019-2025" }, "geometry": { "type": "Point", "coordinates": [ -79.992690766404991, 40.453194125898669, 141655232.0 ] } },
{ "type": "Feature", "properties": { "candidate_id": "signal_57300805", "name": "TSF2", "operation_type": "", "flash_time": "", "flash_yellow": "", "id": 57300805, "description": "LINCOLN INTERMEDIATE (CLOSED)", "traffic_count": 1, "crosswalk_count": 5, "hin_count": 0, "crash_count": 9, "injury_crash_count": 5, "severe_crash_count": 0, "vru_crash_count": 0, "fatalities": 0, "injuries": 10, "coverage_points": 75, "coverage_score_pre_osm": 83.3, "osm_status": "not_assessed", "safety_priority_score": 14.3, "selection_score": 59.2, "crash_window": "2019-2025" }, "geometry": { "type": "Point", "coordinates": [ -79.896832563158512, 40.460982196964828, 57300805.0 ] } },
{ "type": "Feature", "properties": { "candidate_id": "signal_1770015732", "name": "TS145", "operation_type": "Fully Actuated", "flash_time": "24 Hr stop and go", "flash_yellow": "BRIGHTON RD", "id": 1770015732, "description": "Brighton Rd - Marshall Ave", "traffic_count": 0, "crosswalk_count": 5, "hin_count": 2, "crash_count": 33, "injury_crash_count": 11, "severe_crash_count": 1, "vru_crash_count": 2, "fatalities": 0, "injuries": 13, "coverage_points": 55, "coverage_score_pre_osm": 61.1, "osm_status": "not_assessed", "safety_priority_score": 55.8, "selection_score": 59.2, "crash_window": "2019-2025" }, "geometry": { "type": "Point", "coordinates": [ -80.025015817699753, 40.466895449814814, 1770015732.0 ] } },
{ "type": "Feature", "properties": { "candidate_id": "signal_559360352", "name": "TS288", "operation_type": "Semi Actuated", "flash_time": "01:00 - 05:00", "flash_yellow": "SAW MILL RUN BLVD", "id": 559360352, "description": "Englert St - Saw Mill Run Blvd", "traffic_count": 0, "crosswalk_count": 3, "hin_count": 1, "crash_count": 45, "injury_crash_count": 14, "severe_crash_count": 1, "vru_crash_count": 0, "fatalities": 0, "injuries": 20, "coverage_points": 55, "coverage_score_pre_osm": 61.1, "osm_status": "not_assessed", "safety_priority_score": 55.8, "selection_score": 59.2, "crash_window": "2019-2025" }, "geometry": { "type": "Point", "coordinates": [ -79.996418236743239, 40.387966383366113, 559360352.0 ] } },
{ "type": "Feature", "properties": { "candidate_id": "signal_24837481", "name": "TS93", "operation_type": "Semi Actuated", "flash_time": "24 Hr stop and go", "flash_yellow": "", "id": 24837481, "description": "Beechwood Blvd - Fifth Ave", "traffic_count": 0, "crosswalk_count": 3, "hin_count": 1, "crash_count": 22, "injury_crash_count": 10, "severe_crash_count": 2, "vru_crash_count": 2, "fatalities": 0, "injuries": 14, "coverage_points": 55, "coverage_score_pre_osm": 61.1, "osm_status": "not_assessed", "safety_priority_score": 55.7, "selection_score": 59.2, "crash_window": "2019-2025" }, "geometry": { "type": "Point", "coordinates": [ -79.915357510219096, 40.453621943285938, 24837481.0 ] } },
{ "type": "Feature", "properties": { "candidate_id": "signal_1918624202", "name": "TS542", "operation_type": "Fully Actuated", "flash_time": "24 Hr stop and go", "flash_yellow": "", "id": 1918624202, "description": "Allegheny Ave - Reedsdale St", "traffic_count": 0, "crosswalk_count": 2, "hin_count": 0, "crash_count": 39, "injury_crash_count": 14, "severe_crash_count": 5, "vru_crash_count": 0, "fatalities": 3, "injuries": 18, "coverage_points": 55, "coverage_score_pre_osm": 61.1, "osm_status": "not_assessed", "safety_priority_score": 55.6, "selection_score": 59.2, "crash_window": "2019-2025" }, "geometry": { "type": "Point", "coordinates": [ -80.017829004821806, 40.448044939183752, 1918624202.0 ] } },
{ "type": "Feature", "properties": { "candidate_id": "signal_1548280263", "name": "TS209", "operation_type": "Fixed", "flash_time": "24 Hr stop and go", "flash_yellow": "CENTRE AVE", "id": 1548280263, "description": "Centre Ave - Crawford St", "traffic_count": 0, "crosswalk_count": 4, "hin_count": 1, "crash_count": 20, "injury_crash_count": 11, "severe_crash_count": 2, "vru_crash_count": 2, "fatalities": 0, "injuries": 12, "coverage_points": 55, "coverage_score_pre_osm": 61.1, "osm_status": "not_assessed", "safety_priority_score": 55.4, "selection_score": 59.1, "crash_window": "2019-2025" }, "geometry": { "type": "Point", "coordinates": [ -79.986013514787118, 40.441037512486282, 1548280263.0 ] } },
{ "type": "Feature", "properties": { "candidate_id": "signal_477507792", "name": "TS467", "operation_type": "Fixed", "flash_time": "03:00 - 06:00", "flash_yellow": "S 10TH ST", "id": 477507792, "description": "Muriel St - S 10th St", "traffic_count": 0, "crosswalk_count": 5, "hin_count": 0, "crash_count": 40, "injury_crash_count": 15, "severe_crash_count": 1, "vru_crash_count": 5, "fatalities": 0, "injuries": 22, "coverage_points": 55, "coverage_score_pre_osm": 61.1, "osm_status": "not_assessed", "safety_priority_score": 55.4, "selection_score": 59.1, "crash_window": "2019-2025" }, "geometry": { "type": "Point", "coordinates": [ -79.988646209186925, 40.430037338659865, 477507792.0 ] } },
{ "type": "Feature", "properties": { "candidate_id": "signal_1400594827", "name": "TS343", "operation_type": "Fixed", "flash_time": "24 Hr stop and go", "flash_yellow": "FORT DUQUESNE BLVD", "id": 1400594827, "description": "Fort Duquesne Blvd - 9th St", "traffic_count": 0, "crosswalk_count": 8, "hin_count": 1, "crash_count": 32, "injury_crash_count": 11, "severe_crash_count": 1, "vru_crash_count": 2, "fatalities": 0, "injuries": 17, "coverage_points": 55, "coverage_score_pre_osm": 61.1, "osm_status": "not_assessed", "safety_priority_score": 55.3, "selection_score": 59.1, "crash_window": "2019-2025" }, "geometry": { "type": "Point", "coordinates": [ -79.99899836936828, 40.445152863925692, 1400594827.0 ] } },
{ "type": "Feature", "properties": { "candidate_id": "signal_1237502376", "name": "TSF80", "operation_type": "", "flash_time": "", "flash_yellow": "", "id": 1237502376, "description": "Hillel Academy School", "traffic_count": 1, "crosswalk_count": 2, "hin_count": 0, "crash_count": 6, "injury_crash_count": 3, "severe_crash_count": 0, "vru_crash_count": 1, "fatalities": 0, "injuries": 5, "coverage_points": 75, "coverage_score_pre_osm": 83.3, "osm_status": "not_assessed", "safety_priority_score": 13.8, "selection_score": 59.0, "crash_window": "2019-2025" }, "geometry": { "type": "Point", "coordinates": [ -79.925032400863358, 40.434973051897046, 1237502376.0 ] } },
{ "type": "Feature", "properties": { "candidate_id": "signal_792845911", "name": "TS615", "operation_type": "Semi Actuated", "flash_time": "23:00 - 05:00", "flash_yellow": "E CARSON ST", "id": 792845911, "description": "Carson St - Fuhrer Driveway", "traffic_count": 0, "crosswalk_count": 4, "hin_count": 1, "crash_count": 35, "injury_crash_count": 16, "severe_crash_count": 1, "vru_crash_count": 0, "fatalities": 0, "injuries": 23, "coverage_points": 55, "coverage_score_pre_osm": 61.1, "osm_status": "not_assessed", "safety_priority_score": 55.2, "selection_score": 59.0, "crash_window": "2019-2025" }, "geometry": { "type": "Point", "coordinates": [ -79.961312392095977, 40.423262720345235, 792845911.0 ] } },
{ "type": "Feature", "properties": { "candidate_id": "signal_751354865", "name": "TS600", "operation_type": "Fixed", "flash_time": "23:00 - 06:00", "flash_yellow": "CENTRE AVE", "id": 751354865, "description": "Centre Ave - Dinwiddie St", "traffic_count": 0, "crosswalk_count": 6, "hin_count": 1, "crash_count": 20, "injury_crash_count": 9, "severe_crash_count": 2, "vru_crash_count": 3, "fatalities": 0, "injuries": 10, "coverage_points": 55, "coverage_score_pre_osm": 61.1, "osm_status": "not_assessed", "safety_priority_score": 55.0, "selection_score": 59.0, "crash_window": "2019-2025" }, "geometry": { "type": "Point", "coordinates": [ -79.980535150750029, 40.443486006780283, 751354865.0 ] } },
{ "type": "Feature", "properties": { "candidate_id": "signal_426471261", "name": "TS667", "operation_type": "Fixed / Ped Actuated", "flash_time": "24 Hr stop and go", "flash_yellow": "", "id": 426471261, "description": "Liberty Ave - 17th St", "traffic_count": 0, "crosswalk_count": 2, "hin_count": 1, "crash_count": 36, "injury_crash_count": 9, "severe_crash_count": 1, "vru_crash_count": 2, "fatalities": 0, "injuries": 13, "coverage_points": 55, "coverage_score_pre_osm": 61.1, "osm_status": "not_assessed", "safety_priority_score": 55.0, "selection_score": 59.0, "crash_window": "2019-2025" }, "geometry": { "type": "Point", "coordinates": [ -79.985396766547339, 40.449159555888279, 426471261.0 ] } },
{ "type": "Feature", "properties": { "candidate_id": "signal_1778263797", "name": "TSF140", "operation_type": "", "flash_time": "", "flash_yellow": "", "id": 1778263797, "description": "Warning Radar Limit Sign - 40Th St", "traffic_count": 1, "crosswalk_count": 2, "hin_count": 0, "crash_count": 12, "injury_crash_count": 3, "severe_crash_count": 0, "vru_crash_count": 0, "fatalities": 0, "injuries": 3, "coverage_points": 75, "coverage_score_pre_osm": 83.3, "osm_status": "not_assessed", "safety_priority_score": 13.2, "selection_score": 58.8, "crash_window": "2019-2025" }, "geometry": { "type": "Point", "coordinates": [ -79.960330195723884, 40.467188252872965, 1778263797.0 ] } },
{ "type": "Feature", "properties": { "candidate_id": "signal_1061215744", "name": "TS605", "operation_type": "Fixed", "flash_time": "0:00-6:00", "flash_yellow": "PENN AVE", "id": 1061215744, "description": "Penn Ave - Station St", "traffic_count": 0, "crosswalk_count": 1, "hin_count": 1, "crash_count": 13, "injury_crash_count": 9, "severe_crash_count": 2, "vru_crash_count": 6, "fatalities": 0, "injuries": 10, "coverage_points": 55, "coverage_score_pre_osm": 61.1, "osm_status": "not_assessed", "safety_priority_score": 54.6, "selection_score": 58.8, "crash_window": "2019-2025" }, "geometry": { "type": "Point", "coordinates": [ -79.919337211319444, 40.458810107000474, 1061215744.0 ] } },
{ "type": "Feature", "properties": { "candidate_id": "signal_449865103", "name": "TS650", "operation_type": "Semi Actuated", "flash_time": "23:00 - 05:00", "flash_yellow": "E CARSON ST", "id": 449865103, "description": "Carson St - S 33rd St", "traffic_count": 0, "crosswalk_count": 7, "hin_count": 1, "crash_count": 32, "injury_crash_count": 17, "severe_crash_count": 1, "vru_crash_count": 0, "fatalities": 0, "injuries": 24, "coverage_points": 55, "coverage_score_pre_osm": 61.1, "osm_status": "not_assessed", "safety_priority_score": 54.6, "selection_score": 58.8, "crash_window": "2019-2025" }, "geometry": { "type": "Point", "coordinates": [ -79.960618848230041, 40.422792283139373, 449865103.0 ] } },
{ "type": "Feature", "properties": { "candidate_id": "signal_1047157777", "name": "TS120", "operation_type": "Fixed", "flash_time": "24 Hr stop and go", "flash_yellow": "FORBES AVE", "id": 1047157777, "description": "Bigelow Blvd - Forbes Ave", "traffic_count": 0, "crosswalk_count": 4, "hin_count": 1, "crash_count": 24, "injury_crash_count": 9, "severe_crash_count": 1, "vru_crash_count": 5, "fatalities": 0, "injuries": 10, "coverage_points": 55, "coverage_score_pre_osm": 61.1, "osm_status": "not_assessed", "safety_priority_score": 54.5, "selection_score": 58.8, "crash_window": "2019-2025" }, "geometry": { "type": "Point", "coordinates": [ -79.953549113214009, 40.443178765614341, 1047157777.0 ] } },
{ "type": "Feature", "properties": { "candidate_id": "signal_1078132826", "name": "TSF25", "operation_type": "", "flash_time": "", "flash_yellow": "", "id": 1078132826, "description": "Manchester School", "traffic_count": 2, "crosswalk_count": 7, "hin_count": 0, "crash_count": 6, "injury_crash_count": 5, "severe_crash_count": 0, "vru_crash_count": 0, "fatalities": 0, "injuries": 5, "coverage_points": 75, "coverage_score_pre_osm": 83.3, "osm_status": "not_assessed", "safety_priority_score": 13.1, "selection_score": 58.7, "crash_window": "2019-2025" }, "geometry": { "type": "Point", "coordinates": [ -80.026529781236604, 40.456484706971217, 1078132826.0 ] } },
{ "type": "Feature", "properties": { "candidate_id": "signal_1265632340", "name": "TS673", "operation_type": "Semi Actuated", "flash_time": "24 Hr stop and go", "flash_yellow": "E LIBERTY BLVD", "id": 1265632340, "description": "Dahlem PL - East Liberty Blvd", "traffic_count": 0, "crosswalk_count": 3, "hin_count": 0, "crash_count": 33, "injury_crash_count": 15, "severe_crash_count": 1, "vru_crash_count": 7, "fatalities": 0, "injuries": 20, "coverage_points": 55, "coverage_score_pre_osm": 61.1, "osm_status": "not_assessed", "safety_priority_score": 54.3, "selection_score": 58.7, "crash_window": "2019-2025" }, "geometry": { "type": "Point", "coordinates": [ -79.916619322943887, 40.458424325902342, 1265632340.0 ] } },
{ "type": "Feature", "properties": { "candidate_id": "signal_2030833239", "name": "TS403", "operation_type": "Fixed", "flash_time": "", "flash_yellow": "MURRAY AVE", "id": 2030833239, "description": "Hobart St - Murray Ave", "traffic_count": 0, "crosswalk_count": 4, "hin_count": 1, "crash_count": 21, "injury_crash_count": 10, "severe_crash_count": 1, "vru_crash_count": 5, "fatalities": 0, "injuries": 10, "coverage_points": 55, "coverage_score_pre_osm": 61.1, "osm_status": "not_assessed", "safety_priority_score": 54.2, "selection_score": 58.7, "crash_window": "2019-2025" }, "geometry": { "type": "Point", "coordinates": [ -79.922957202276351, 40.433736994416442, 2030833239.0 ] } },
{ "type": "Feature", "properties": { "candidate_id": "signal_1980726487", "name": "TS543", "operation_type": "Fully Actuated", "flash_time": "24 Hr stop and go", "flash_yellow": "IRVINE ST", "id": 1980726487, "description": "Greenfield Ave - Irvine St - Saline St", "traffic_count": 0, "crosswalk_count": 3, "hin_count": 2, "crash_count": 37, "injury_crash_count": 17, "severe_crash_count": 0, "vru_crash_count": 2, "fatalities": 0, "injuries": 26, "coverage_points": 55, "coverage_score_pre_osm": 61.1, "osm_status": "not_assessed", "safety_priority_score": 54.0, "selection_score": 58.6, "crash_window": "2019-2025" }, "geometry": { "type": "Point", "coordinates": [ -79.951911277390735, 40.42488272400972, 1980726487.0 ] } },
{ "type": "Feature", "properties": { "candidate_id": "signal_252273851", "name": "TS414", "operation_type": "Fixed", "flash_time": "24 Hr stop and go", "flash_yellow": "KIRKPATRICK ST", "id": 252273851, "description": "Kirkpatrick St - Wylie Ave", "traffic_count": 0, "crosswalk_count": 6, "hin_count": 0, "crash_count": 30, "injury_crash_count": 16, "severe_crash_count": 1, "vru_crash_count": 7, "fatalities": 0, "injuries": 23, "coverage_points": 55, "coverage_score_pre_osm": 61.1, "osm_status": "not_assessed", "safety_priority_score": 53.9, "selection_score": 58.6, "crash_window": "2019-2025" }, "geometry": { "type": "Point", "coordinates": [ -79.976801546670018, 40.445936912487255, 252273851.0 ] } },
{ "type": "Feature", "properties": { "candidate_id": "signal_1996392775", "name": "TS22", "operation_type": "Semi Actuated", "flash_time": "24 Hr stop and go", "flash_yellow": "", "id": 1996392775, "description": "Blvd of the Allies - Craft Ave", "traffic_count": 0, "crosswalk_count": 6, "hin_count": 1, "crash_count": 39, "injury_crash_count": 9, "severe_crash_count": 1, "vru_crash_count": 1, "fatalities": 0, "injuries": 9, "coverage_points": 55, "coverage_score_pre_osm": 61.1, "osm_status": "not_assessed", "safety_priority_score": 53.5, "selection_score": 58.4, "crash_window": "2019-2025" }, "geometry": { "type": "Point", "coordinates": [ -79.961530384469341, 40.435844375363111, 1996392775.0 ] } },
{ "type": "Feature", "properties": { "candidate_id": "signal_1604252664", "name": "TS182", "operation_type": "Fully Actuated", "flash_time": "24 Hr stop and go", "flash_yellow": "", "id": 1604252664, "description": "Butler St - Penn Ave", "traffic_count": 0, "crosswalk_count": 5, "hin_count": 1, "crash_count": 42, "injury_crash_count": 18, "severe_crash_count": 0, "vru_crash_count": 1, "fatalities": 0, "injuries": 20, "coverage_points": 55, "coverage_score_pre_osm": 61.1, "osm_status": "not_assessed", "safety_priority_score": 53.4, "selection_score": 58.4, "crash_window": "2019-2025" }, "geometry": { "type": "Point", "coordinates": [ -79.96721698522083, 40.462681535823251, 1604252664.0 ] } },
{ "type": "Feature", "properties": { "candidate_id": "signal_281471273", "name": "TS349", "operation_type": "Fixed", "flash_time": "24 Hr stop and go", "flash_yellow": "", "id": 281471273, "description": "Fort Duquesne Blvd - 10th St Bypass", "traffic_count": 0, "crosswalk_count": 4, "hin_count": 1, "crash_count": 28, "injury_crash_count": 10, "severe_crash_count": 1, "vru_crash_count": 2, "fatalities": 0, "injuries": 14, "coverage_points": 55, "coverage_score_pre_osm": 61.1, "osm_status": "not_assessed", "safety_priority_score": 52.8, "selection_score": 58.2, "crash_window": "2019-2025" }, "geometry": { "type": "Point", "coordinates": [ -79.998284179073011, 40.445791963702909, 281471273.0 ] } },
{ "type": "Feature", "properties": { "candidate_id": "signal_1874085008", "name": "TSF52", "operation_type": "", "flash_time": "", "flash_yellow": "", "id": 1874085008, "description": "Sterrett School", "traffic_count": 1, "crosswalk_count": 6, "hin_count": 0, "crash_count": 4, "injury_crash_count": 1, "severe_crash_count": 0, "vru_crash_count": 1, "fatalities": 0, "injuries": 1, "coverage_points": 75, "coverage_score_pre_osm": 83.3, "osm_status": "not_assessed", "safety_priority_score": 11.3, "selection_score": 58.1, "crash_window": "2019-2025" }, "geometry": { "type": "Point", "coordinates": [ -79.905476616117241, 40.446636674889554, 1874085008.0 ] } },
{ "type": "Feature", "properties": { "candidate_id": "signal_1510247005", "name": "TS207", "operation_type": "Actuated", "flash_time": "24 Hr stop and go", "flash_yellow": "EAST OHIO ST", "id": 1510247005, "description": "Cedar Ave - East Ohio St", "traffic_count": 0, "crosswalk_count": 4, "hin_count": 1, "crash_count": 23, "injury_crash_count": 15, "severe_crash_count": 0, "vru_crash_count": 8, "fatalities": 0, "injuries": 20, "coverage_points": 55, "coverage_score_pre_osm": 61.1, "osm_status": "not_assessed", "safety_priority_score": 52.6, "selection_score": 58.1, "crash_window": "2019-2025" }, "geometry": { "type": "Point", "coordinates": [ -80.001696565774495, 40.453320045516968, 1510247005.0 ] } },
{ "type": "Feature", "properties": { "candidate_id": "signal_146879751", "name": "TS679", "operation_type": "Semi Actuated", "flash_time": "24 Hr stop and go", "flash_yellow": "BROOKLINE BLVD", "id": 146879751, "description": "Brookline Blvd - Queensboro Ave - Starkamp St", "traffic_count": 0, "crosswalk_count": 9, "hin_count": 1, "crash_count": 33, "injury_crash_count": 17, "severe_crash_count": 0, "vru_crash_count": 2, "fatalities": 0, "injuries": 21, "coverage_points": 55, "coverage_score_pre_osm": 61.1, "osm_status": "not_assessed", "safety_priority_score": 52.4, "selection_score": 58.1, "crash_window": "2019-2025" }, "geometry": { "type": "Point", "coordinates": [ -80.016771441144854, 40.391839840252544, 146879751.0 ] } },
{ "type": "Feature", "properties": { "candidate_id": "signal_1653014619", "name": "TS354", "operation_type": "Fixed", "flash_time": "24 Hr stop and go", "flash_yellow": "FORT PITT BLVD", "id": 1653014619, "description": "Fort Pitt Blvd - Wood St", "traffic_count": 0, "crosswalk_count": 9, "hin_count": 0, "crash_count": 67, "injury_crash_count": 29, "severe_crash_count": 0, "vru_crash_count": 1, "fatalities": 0, "injuries": 44, "coverage_points": 55, "coverage_score_pre_osm": 61.1, "osm_status": "not_assessed", "safety_priority_score": 52.3, "selection_score": 58.0, "crash_window": "2019-2025" }, "geometry": { "type": "Point", "coordinates": [ -80.002628232810167, 40.43741186651512, 1653014619.0 ] } },
{ "type": "Feature", "properties": { "candidate_id": "signal_1938267442", "name": "TS636", "operation_type": "Fixed", "flash_time": "", "flash_yellow": "", "id": 1938267442, "description": "Lane Control - Smithfield St Brg", "traffic_count": 0, "crosswalk_count": 3, "hin_count": 0, "crash_count": 58, "injury_crash_count": 21, "severe_crash_count": 0, "vru_crash_count": 3, "fatalities": 0, "injuries": 39, "coverage_points": 55, "coverage_score_pre_osm": 61.1, "osm_status": "not_assessed", "safety_priority_score": 52.1, "selection_score": 58.0, "crash_window": "2019-2025" }, "geometry": { "type": "Point", "coordinates": [ -80.001371325785158, 40.436001297979722, 1938267442.0 ] } },
{ "type": "Feature", "properties": { "candidate_id": "signal_956699533", "name": "TS661", "operation_type": "Semi Actuated", "flash_time": "23:00-6:00", "flash_yellow": "S NEGLEY AVE", "id": 956699533, "description": "Giant Eagle - Negley Ave", "traffic_count": 0, "crosswalk_count": 3, "hin_count": 1, "crash_count": 18, "injury_crash_count": 11, "severe_crash_count": 1, "vru_crash_count": 4, "fatalities": 0, "injuries": 16, "coverage_points": 55, "coverage_score_pre_osm": 61.1, "osm_status": "not_assessed", "safety_priority_score": 52.0, "selection_score": 57.9, "crash_window": "2019-2025" }, "geometry": { "type": "Point", "coordinates": [ -79.933628278307467, 40.456537764481951, 956699533.0 ] } },
{ "type": "Feature", "properties": { "candidate_id": "signal_381384950", "name": "TS38", "operation_type": "Fixed", "flash_time": "01:00 - 05:00", "flash_yellow": "SAW MILL RUN BLVD", "id": 381384950, "description": "Ansonia Pl - Saw Mill Run Blvd", "traffic_count": 0, "crosswalk_count": 3, "hin_count": 1, "crash_count": 57, "injury_crash_count": 16, "severe_crash_count": 0, "vru_crash_count": 0, "fatalities": 0, "injuries": 17, "coverage_points": 55, "coverage_score_pre_osm": 61.1, "osm_status": "not_assessed", "safety_priority_score": 51.9, "selection_score": 57.9, "crash_window": "2019-2025" }, "geometry": { "type": "Point", "coordinates": [ -79.997327639932905, 40.394492186967007, 381384950.0 ] } },
{ "type": "Feature", "properties": { "candidate_id": "signal_640260433", "name": "TS586", "operation_type": "Fixed", "flash_time": "24 Hr stop and go", "flash_yellow": "E CARSON ST", "id": 640260433, "description": "Carson St - S 24th St", "traffic_count": 0, "crosswalk_count": 4, "hin_count": 1, "crash_count": 36, "injury_crash_count": 11, "severe_crash_count": 0, "vru_crash_count": 4, "fatalities": 0, "injuries": 13, "coverage_points": 55, "coverage_score_pre_osm": 61.1, "osm_status": "not_assessed", "safety_priority_score": 51.9, "selection_score": 57.9, "crash_window": "2019-2025" }, "geometry": { "type": "Point", "coordinates": [ -79.971170638322036, 40.428219019006157, 640260433.0 ] } },
{ "type": "Feature", "properties": { "candidate_id": "signal_724061015", "name": "TS494", "operation_type": "Fully Actuated", "flash_time": "24 Hr stop and go", "flash_yellow": "PENN AVE", "id": 724061015, "description": "Penn Ave - Shady Ave", "traffic_count": 0, "crosswalk_count": 2, "hin_count": 2, "crash_count": 21, "injury_crash_count": 9, "severe_crash_count": 1, "vru_crash_count": 4, "fatalities": 1, "injuries": 12, "coverage_points": 55, "coverage_score_pre_osm": 61.1, "osm_status": "not_assessed", "safety_priority_score": 51.8, "selection_score": 57.8, "crash_window": "2019-2025" }, "geometry": { "type": "Point", "coordinates": [ -79.920833479392655, 40.459813756780534, 724061015.0 ] } },
{ "type": "Feature", "properties": { "candidate_id": "signal_10423150", "name": "TS192", "operation_type": "Fixed / Ped Actuated", "flash_time": "24 Hr stop and go", "flash_yellow": "W LIBERTY AVE", "id": 10423150, "description": "Cape May Ave - W Liberty Ave", "traffic_count": 0, "crosswalk_count": 3, "hin_count": 1, "crash_count": 25, "injury_crash_count": 5, "severe_crash_count": 3, "vru_crash_count": 1, "fatalities": 2, "injuries": 6, "coverage_points": 55, "coverage_score_pre_osm": 61.1, "osm_status": "not_assessed", "safety_priority_score": 51.7, "selection_score": 57.8, "crash_window": "2019-2025" }, "geometry": { "type": "Point", "coordinates": [ -80.017782969307603, 40.408456541792823, 10423150.0 ] } },
{ "type": "Feature", "properties": { "candidate_id": "signal_271184448", "name": "TSF53", "operation_type": "", "flash_time": "", "flash_yellow": "", "id": 271184448, "description": "Conroy Education Center", "traffic_count": 3, "crosswalk_count": 3, "hin_count": 0, "crash_count": 9, "injury_crash_count": 1, "severe_crash_count": 0, "vru_crash_count": 0, "fatalities": 0, "injuries": 1, "coverage_points": 75, "coverage_score_pre_osm": 83.3, "osm_status": "not_assessed", "safety_priority_score": 10.1, "selection_score": 57.7, "crash_window": "2019-2025" }, "geometry": { "type": "Point", "coordinates": [ -80.024770102867564, 40.451744955177809, 271184448.0 ] } },
{ "type": "Feature", "properties": { "candidate_id": "signal_1372577339", "name": "TS60", "operation_type": "Fully Actuated", "flash_time": "24 Hr stop and go", "flash_yellow": "BANKSVILLE RD", "id": 1372577339, "description": "Banksville Rd - Potomac Ave", "traffic_count": 0, "crosswalk_count": 4, "hin_count": 1, "crash_count": 31, "injury_crash_count": 14, "severe_crash_count": 1, "vru_crash_count": 0, "fatalities": 0, "injuries": 20, "coverage_points": 55, "coverage_score_pre_osm": 61.1, "osm_status": "not_assessed", "safety_priority_score": 51.5, "selection_score": 57.7, "crash_window": "2019-2025" }, "geometry": { "type": "Point", "coordinates": [ -80.040818656335333, 40.403335151511946, 1372577339.0 ] } },
{ "type": "Feature", "properties": { "candidate_id": "signal_580307551", "name": "TS57", "operation_type": "Fully Actuated", "flash_time": "24 Hr stop and go", "flash_yellow": "BUTLER ST", "id": 580307551, "description": "Baker St - Butler St", "traffic_count": 0, "crosswalk_count": 3, "hin_count": 1, "crash_count": 39, "injury_crash_count": 16, "severe_crash_count": 0, "vru_crash_count": 1, "fatalities": 0, "injuries": 24, "coverage_points": 55, "coverage_score_pre_osm": 61.1, "osm_status": "not_assessed", "safety_priority_score": 51.4, "selection_score": 57.7, "crash_window": "2019-2025" }, "geometry": { "type": "Point", "coordinates": [ -79.92007347456871, 40.487850304806912, 580307551.0 ] } },
{ "type": "Feature", "properties": { "candidate_id": "signal_686692817", "name": "TS655", "operation_type": "Semi Actuated", "flash_time": "24 hour stop and go", "flash_yellow": "ELEVENTH ST", "id": 686692817, "description": "Eleventh St - Smallman St", "traffic_count": 0, "crosswalk_count": 2, "hin_count": 0, "crash_count": 28, "injury_crash_count": 17, "severe_crash_count": 1, "vru_crash_count": 4, "fatalities": 0, "injuries": 22, "coverage_points": 55, "coverage_score_pre_osm": 61.1, "osm_status": "not_assessed", "safety_priority_score": 51.4, "selection_score": 57.7, "crash_window": "2019-2025" }, "geometry": { "type": "Point", "coordinates": [ -79.994135193601466, 40.445655164589162, 686692817.0 ] } },
{ "type": "Feature", "properties": { "candidate_id": "signal_1659896031", "name": "TS583", "operation_type": "Semi Actuated", "flash_time": "03:00 - 06:00", "flash_yellow": "E CARSON ST", "id": 1659896031, "description": "Carson St - S 26th St", "traffic_count": 0, "crosswalk_count": 4, "hin_count": 1, "crash_count": 33, "injury_crash_count": 14, "severe_crash_count": 0, "vru_crash_count": 3, "fatalities": 0, "injuries": 16, "coverage_points": 55, "coverage_score_pre_osm": 61.1, "osm_status": "not_assessed", "safety_priority_score": 51.3, "selection_score": 57.7, "crash_window": "2019-2025" }, "geometry": { "type": "Point", "coordinates": [ -79.968403818263795, 40.427451591307779, 1659896031.0 ] } },
{ "type": "Feature", "properties": { "candidate_id": "signal_1362401580", "name": "TS670", "operation_type": "Semi Actuated", "flash_time": "24 Hr Stop and Go", "flash_yellow": "", "id": 1362401580, "description": "Beaver Ave - Lighthill St - North Point Dr - Reedsdale St", "traffic_count": 0, "crosswalk_count": 2, "hin_count": 0, "crash_count": 61, "injury_crash_count": 13, "severe_crash_count": 1, "vru_crash_count": 1, "fatalities": 1, "injuries": 13, "coverage_points": 55, "coverage_score_pre_osm": 61.1, "osm_status": "not_assessed", "safety_priority_score": 51.2, "selection_score": 57.6, "crash_window": "2019-2025" }, "geometry": { "type": "Point", "coordinates": [ -80.023909927527001, 40.44858232300119, 1362401580.0 ] } },
{ "type": "Feature", "properties": { "candidate_id": "signal_109095011", "name": "TS681", "operation_type": "Fixed", "flash_time": "24 Hr stop and go", "flash_yellow": "FIFTH AVE", "id": 109095011, "description": "Fifth Ave -University Pl", "traffic_count": 0, "crosswalk_count": 2, "hin_count": 1, "crash_count": 23, "injury_crash_count": 14, "severe_crash_count": 0, "vru_crash_count": 7, "fatalities": 0, "injuries": 15, "coverage_points": 55, "coverage_score_pre_osm": 61.1, "osm_status": "not_assessed", "safety_priority_score": 51.2, "selection_score": 57.6, "crash_window": "2019-2025" }, "geometry": { "type": "Point", "coordinates": [ -79.955680085071094, 40.443805171017907, 109095011.0 ] } },
{ "type": "Feature", "properties": { "candidate_id": "signal_490332586", "name": "TS156", "operation_type": "Actuated", "flash_time": "24 Hr stop and go", "flash_yellow": "BROOKLINE BLVD", "id": 490332586, "description": "Brookline Blvd - Glenarm Ave", "traffic_count": 0, "crosswalk_count": 2, "hin_count": 1, "crash_count": 30, "injury_crash_count": 15, "severe_crash_count": 0, "vru_crash_count": 3, "fatalities": 0, "injuries": 19, "coverage_points": 55, "coverage_score_pre_osm": 61.1, "osm_status": "not_assessed", "safety_priority_score": 51.0, "selection_score": 57.6, "crash_window": "2019-2025" }, "geometry": { "type": "Point", "coordinates": [ -80.017740690547896, 40.392124036538142, 490332586.0 ] } },
{ "type": "Feature", "properties": { "candidate_id": "signal_441037240", "name": "TS504", "operation_type": "Fixed", "flash_time": "24 Hr Stop And Go", "flash_yellow": "PENN AVE", "id": 441037240, "description": "Penn Ave - 26th St", "traffic_count": 0, "crosswalk_count": 3, "hin_count": 1, "crash_count": 30, "injury_crash_count": 14, "severe_crash_count": 1, "vru_crash_count": 0, "fatalities": 0, "injuries": 19, "coverage_points": 55, "coverage_score_pre_osm": 61.1, "osm_status": "not_assessed", "safety_priority_score": 51.0, "selection_score": 57.6, "crash_window": "2019-2025" }, "geometry": { "type": "Point", "coordinates": [ -79.978448108729324, 40.454912474967045, 441037240.0 ] } },
{ "type": "Feature", "properties": { "candidate_id": "signal_202507238", "name": "TS140", "operation_type": "Semi Actuated", "flash_time": "24 Hr stop and go", "flash_yellow": "SECOND AVE", "id": 202507238, "description": "Second Ave - Brady St", "traffic_count": 0, "crosswalk_count": 0, "hin_count": 1, "crash_count": 104, "injury_crash_count": 25, "severe_crash_count": 3, "vru_crash_count": 2, "fatalities": 2, "injuries": 31, "coverage_points": 40, "coverage_score_pre_osm": 44.4, "osm_status": "not_assessed", "safety_priority_score": 82.2, "selection_score": 57.6, "crash_window": "2019-2025" }, "geometry": { "type": "Point", "coordinates": [ -79.97261281206346, 40.435807085199777, 202507238.0 ] } },
{ "type": "Feature", "properties": { "candidate_id": "signal_236697131", "name": "TSF30", "operation_type": "", "flash_time": "", "flash_yellow": "", "id": 236697131, "description": "John Minadeo School", "traffic_count": 3, "crosswalk_count": 1, "hin_count": 0, "crash_count": 5, "injury_crash_count": 2, "severe_crash_count": 0, "vru_crash_count": 0, "fatalities": 0, "injuries": 2, "coverage_points": 75, "coverage_score_pre_osm": 83.3, "osm_status": "not_assessed", "safety_priority_score": 9.4, "selection_score": 57.4, "crash_window": "2019-2025" }, "geometry": { "type": "Point", "coordinates": [ -79.925229427456316, 40.423755331429049, 236697131.0 ] } },
{ "type": "Feature", "properties": { "candidate_id": "signal_1229660030", "name": "TS568", "operation_type": "Fixed", "flash_time": "24 Hr stop and go", "flash_yellow": "STEUBEN ST", "id": 1229660030, "description": "Obey Ave - Steuben St", "traffic_count": 0, "crosswalk_count": 2, "hin_count": 1, "crash_count": 19, "injury_crash_count": 10, "severe_crash_count": 1, "vru_crash_count": 3, "fatalities": 0, "injuries": 11, "coverage_points": 55, "coverage_score_pre_osm": 61.1, "osm_status": "not_assessed", "safety_priority_score": 50.4, "selection_score": 57.4, "crash_window": "2019-2025" }, "geometry": { "type": "Point", "coordinates": [ -80.052659454749033, 40.443002970200475, 1229660030.0 ] } },
{ "type": "Feature", "properties": { "candidate_id": "signal_1904113130", "name": "TS419", "operation_type": "Fully Actuated", "flash_time": "24 Hr stop and go", "flash_yellow": "WASHINGTON BLVD", "id": 1904113130, "description": "Highland Dr - Washington Blvd", "traffic_count": 0, "crosswalk_count": 3, "hin_count": 1, "crash_count": 25, "injury_crash_count": 11, "severe_crash_count": 1, "vru_crash_count": 1, "fatalities": 0, "injuries": 16, "coverage_points": 55, "coverage_score_pre_osm": 61.1, "osm_status": "not_assessed", "safety_priority_score": 50.2, "selection_score": 57.3, "crash_window": "2019-2025" }, "geometry": { "type": "Point", "coordinates": [ -79.908278336622601, 40.474224073991749, 1904113130.0 ] } },
{ "type": "Feature", "properties": { "candidate_id": "signal_1675513167", "name": "TS185", "operation_type": "Fully Actuated", "flash_time": "24 Hr stop and go", "flash_yellow": "BUTLER ST", "id": 1675513167, "description": "Butler St - 62nd St", "traffic_count": 0, "crosswalk_count": 2, "hin_count": 1, "crash_count": 35, "injury_crash_count": 13, "severe_crash_count": 0, "vru_crash_count": 2, "fatalities": 0, "injuries": 18, "coverage_points": 55, "coverage_score_pre_osm": 61.1, "osm_status": "not_assessed", "safety_priority_score": 49.9, "selection_score": 57.2, "crash_window": "2019-2025" }, "geometry": { "type": "Point", "coordinates": [ -79.937158781790714, 40.48843720694807, 1675513167.0 ] } },
{ "type": "Feature", "properties": { "candidate_id": "signal_343769548", "name": "TS254", "operation_type": "Fixed", "flash_time": "24 Hr stop and go", "flash_yellow": "THOMAS BLVD", "id": 343769548, "description": "Dallas Ave - Thomas Blvd", "traffic_count": 0, "crosswalk_count": 4, "hin_count": 1, "crash_count": 26, "injury_crash_count": 14, "severe_crash_count": 1, "vru_crash_count": 0, "fatalities": 0, "injuries": 27, "coverage_points": 55, "coverage_score_pre_osm": 61.1, "osm_status": "not_assessed", "safety_priority_score": 49.6, "selection_score": 57.1, "crash_window": "2019-2025" }, "geometry": { "type": "Point", "coordinates": [ -79.906935722234635, 40.453229735298756, 343769548.0 ] } },
{ "type": "Feature", "properties": { "candidate_id": "signal_1299631356", "name": "TSF24", "operation_type": "", "flash_time": "", "flash_yellow": "", "id": 1299631356, "description": "MADISON SCHOOL  [CLOSED]", "traffic_count": 1, "crosswalk_count": 6, "hin_count": 0, "crash_count": 4, "injury_crash_count": 1, "severe_crash_count": 0, "vru_crash_count": 0, "fatalities": 0, "injuries": 1, "coverage_points": 75, "coverage_score_pre_osm": 83.3, "osm_status": "not_assessed", "safety_priority_score": 8.2, "selection_score": 57.0, "crash_window": "2019-2025" }, "geometry": { "type": "Point", "coordinates": [ -79.961155340530837, 40.454810143012203, 1299631356.0 ] } },
{ "type": "Feature", "properties": { "candidate_id": "signal_1428136597", "name": "TS165", "operation_type": "Fixed", "flash_time": "24 Hr stop and go", "flash_yellow": "BROWNSVILLE RD", "id": 1428136597, "description": "Brownsville Rd - Maytide St - Sankey Ave", "traffic_count": 0, "crosswalk_count": 4, "hin_count": 1, "crash_count": 25, "injury_crash_count": 8, "severe_crash_count": 1, "vru_crash_count": 2, "fatalities": 0, "injuries": 9, "coverage_points": 55, "coverage_score_pre_osm": 61.1, "osm_status": "not_assessed", "safety_priority_score": 49.5, "selection_score": 57.0, "crash_window": "2019-2025" }, "geometry": { "type": "Point", "coordinates": [ -79.977798138095366, 40.384359017329977, 1428136597.0 ] } },
{ "type": "Feature", "properties": { "candidate_id": "signal_507518740", "name": "TSF8", "operation_type": "", "flash_time": "", "flash_yellow": "", "id": 507518740, "description": "Colfax School", "traffic_count": 1, "crosswalk_count": 4, "hin_count": 0, "crash_count": 3, "injury_crash_count": 1, "severe_crash_count": 0, "vru_crash_count": 0, "fatalities": 0, "injuries": 1, "coverage_points": 75, "coverage_score_pre_osm": 83.3, "osm_status": "not_assessed", "safety_priority_score": 7.9, "selection_score": 56.9, "crash_window": "2019-2025" }, "geometry": { "type": "Point", "coordinates": [ -79.915421757279063, 40.43314167967101, 507518740.0 ] } },
{ "type": "Feature", "properties": { "candidate_id": "signal_679847606", "name": "TS653", "operation_type": "Semi Actuated", "flash_time": "03:00 - 06:00 Sun - Sat", "flash_yellow": "E CARSON ST", "id": 679847606, "description": "Carson St - S 27th St", "traffic_count": 0, "crosswalk_count": 4, "hin_count": 1, "crash_count": 31, "injury_crash_count": 12, "severe_crash_count": 0, "vru_crash_count": 3, "fatalities": 0, "injuries": 14, "coverage_points": 55, "coverage_score_pre_osm": 61.1, "osm_status": "not_assessed", "safety_priority_score": 49.2, "selection_score": 56.9, "crash_window": "2019-2025" }, "geometry": { "type": "Point", "coordinates": [ -79.967071897420965, 40.427089561382836, 679847606.0 ] } },
{ "type": "Feature", "properties": { "candidate_id": "signal_1361138057", "name": "TS67", "operation_type": "Semi Actuated", "flash_time": "24 Hr stop and go", "flash_yellow": "S EUCLID AVE", "id": 1361138057, "description": "Baum Blvd - Friendship Ave - S Euclid Ave", "traffic_count": 0, "crosswalk_count": 6, "hin_count": 0, "crash_count": 37, "injury_crash_count": 17, "severe_crash_count": 0, "vru_crash_count": 6, "fatalities": 0, "injuries": 21, "coverage_points": 55, "coverage_score_pre_osm": 61.1, "osm_status": "not_assessed", "safety_priority_score": 49.0, "selection_score": 56.9, "crash_window": "2019-2025" }, "geometry": { "type": "Point", "coordinates": [ -79.929374781937469, 40.459689932623277, 1361138057.0 ] } },
{ "type": "Feature", "properties": { "candidate_id": "signal_443117040", "name": "TSF144", "operation_type": "", "flash_time": "", "flash_yellow": "", "id": 443117040, "description": "RRFB - W Ohio St and Ridge Ave", "traffic_count": 1, "crosswalk_count": 1, "hin_count": 0, "crash_count": 4, "injury_crash_count": 0, "severe_crash_count": 0, "vru_crash_count": 0, "fatalities": 0, "injuries": 0, "coverage_points": 75, "coverage_score_pre_osm": 83.3, "osm_status": "not_assessed", "safety_priority_score": 7.7, "selection_score": 56.8, "crash_window": "2019-2025" }, "geometry": { "type": "Point", "coordinates": [ -80.011229427831609, 40.451617382148967, 443117040.0 ] } },
{ "type": "Feature", "properties": { "candidate_id": "signal_2113803900", "name": "TS118", "operation_type": "Fully Actuated", "flash_time": "24 Hr stop and go", "flash_yellow": "", "id": 2113803900, "description": "Bigelow Blvd - Craig St", "traffic_count": 0, "crosswalk_count": 2, "hin_count": 1, "crash_count": 20, "injury_crash_count": 7, "severe_crash_count": 2, "vru_crash_count": 1, "fatalities": 0, "injuries": 8, "coverage_points": 55, "coverage_score_pre_osm": 61.1, "osm_status": "not_assessed", "safety_priority_score": 48.8, "selection_score": 56.8, "crash_window": "2019-2025" }, "geometry": { "type": "Point", "coordinates": [ -79.955200672170307, 40.457018465869325, 2113803900.0 ] } },
{ "type": "Feature", "properties": { "candidate_id": "signal_278722006", "name": "TS639", "operation_type": "Fixed / Ped Actuated", "flash_time": "00:00 - 06:00", "flash_yellow": "LIBERTY AVE", "id": 278722006, "description": "Aspen St - Liberty Ave", "traffic_count": 0, "crosswalk_count": 3, "hin_count": 1, "crash_count": 20, "injury_crash_count": 8, "severe_crash_count": 1, "vru_crash_count": 3, "fatalities": 0, "injuries": 11, "coverage_points": 55, "coverage_score_pre_osm": 61.1, "osm_status": "not_assessed", "safety_priority_score": 48.7, "selection_score": 56.8, "crash_window": "2019-2025" }, "geometry": { "type": "Point", "coordinates": [ -79.942795005470231, 40.458318488789587, 278722006.0 ] } },
{ "type": "Feature", "properties": { "candidate_id": "signal_200096614", "name": "TS315", "operation_type": "Fixed", "flash_time": "24 Hr stop and go", "flash_yellow": "FIFTH AVE", "id": 200096614, "description": "Fifth Ave - Tennyson Ave", "traffic_count": 0, "crosswalk_count": 3, "hin_count": 1, "crash_count": 17, "injury_crash_count": 7, "severe_crash_count": 1, "vru_crash_count": 5, "fatalities": 0, "injuries": 9, "coverage_points": 55, "coverage_score_pre_osm": 61.1, "osm_status": "not_assessed", "safety_priority_score": 48.5, "selection_score": 56.7, "crash_window": "2019-2025" }, "geometry": { "type": "Point", "coordinates": [ -79.953176658240693, 40.445581742238957, 200096614.0 ] } },
{ "type": "Feature", "properties": { "candidate_id": "signal_668200088", "name": "TS345", "operation_type": "Fixed", "flash_time": "24 Hr stop and go", "flash_yellow": "FORT DUQUESNE BLVD", "id": 668200088, "description": "Fort Duquesne Blvd - 7th St", "traffic_count": 0, "crosswalk_count": 4, "hin_count": 2, "crash_count": 17, "injury_crash_count": 8, "severe_crash_count": 1, "vru_crash_count": 4, "fatalities": 0, "injuries": 13, "coverage_points": 55, "coverage_score_pre_osm": 61.1, "osm_status": "not_assessed", "safety_priority_score": 48.4, "selection_score": 56.7, "crash_window": "2019-2025" }, "geometry": { "type": "Point", "coordinates": [ -80.000857063192029, 40.444563294915518, 668200088.0 ] } },
{ "type": "Feature", "properties": { "candidate_id": "signal_69266538", "name": "TS585", "operation_type": "Fixed", "flash_time": "23:00 - 06:00", "flash_yellow": "LIBERTY AVE", "id": 69266538, "description": "Liberty Ave -26th St", "traffic_count": 0, "crosswalk_count": 3, "hin_count": 1, "crash_count": 26, "injury_crash_count": 12, "severe_crash_count": 1, "vru_crash_count": 0, "fatalities": 0, "injuries": 17, "coverage_points": 55, "coverage_score_pre_osm": 61.1, "osm_status": "not_assessed", "safety_priority_score": 48.3, "selection_score": 56.6, "crash_window": "2019-2025" }, "geometry": { "type": "Point", "coordinates": [ -79.977764092844424, 40.454350402228911, 69266538.0 ] } },
{ "type": "Feature", "properties": { "candidate_id": "signal_1902792470", "name": "TS278", "operation_type": "Fixed", "flash_time": "00:00 - 06:00", "flash_yellow": "LIBERTY AVE", "id": 1902792470, "description": "Edmond St - Liberty Ave", "traffic_count": 0, "crosswalk_count": 5, "hin_count": 1, "crash_count": 20, "injury_crash_count": 9, "severe_crash_count": 1, "vru_crash_count": 2, "fatalities": 0, "injuries": 11, "coverage_points": 55, "coverage_score_pre_osm": 61.1, "osm_status": "not_assessed", "safety_priority_score": 48.2, "selection_score": 56.6, "crash_window": "2019-2025" }, "geometry": { "type": "Point", "coordinates": [ -79.948069098046616, 40.46113559833794, 1902792470.0 ] } },
{ "type": "Feature", "properties": { "candidate_id": "signal_433363363", "name": "TS492", "operation_type": "Fixed / Ped Actuated", "flash_time": "24 Hr stop and go", "flash_yellow": "W LIBERTY AVE", "id": 433363363, "description": "Pauline Ave - W Liberty Ave", "traffic_count": 0, "crosswalk_count": 3, "hin_count": 1, "crash_count": 22, "injury_crash_count": 10, "severe_crash_count": 1, "vru_crash_count": 1, "fatalities": 0, "injuries": 11, "coverage_points": 55, "coverage_score_pre_osm": 61.1, "osm_status": "not_assessed", "safety_priority_score": 48.1, "selection_score": 56.6, "crash_window": "2019-2025" }, "geometry": { "type": "Point", "coordinates": [ -80.022174419955789, 40.401748445858374, 433363363.0 ] } },
{ "type": "Feature", "properties": { "candidate_id": "signal_1294357818", "name": "TS560", "operation_type": "Fixed", "flash_time": "23:00 - 06:00", "flash_yellow": "SECOND AVE", "id": 1294357818, "description": "Mansion St - Second Ave", "traffic_count": 0, "crosswalk_count": 2, "hin_count": 1, "crash_count": 19, "injury_crash_count": 8, "severe_crash_count": 1, "vru_crash_count": 3, "fatalities": 0, "injuries": 9, "coverage_points": 55, "coverage_score_pre_osm": 61.1, "osm_status": "not_assessed", "safety_priority_score": 48.1, "selection_score": 56.6, "crash_window": "2019-2025" }, "geometry": { "type": "Point", "coordinates": [ -79.942312963649726, 40.40371976366422, 1294357818.0 ] } },
{ "type": "Feature", "properties": { "candidate_id": "signal_2106555654", "name": "TS128", "operation_type": "Fixed", "flash_time": "24 Hr stop and go", "flash_yellow": "FRANKSTOWN AVE", "id": 2106555654, "description": "Blackadore Ave - Frankstown Ave", "traffic_count": 0, "crosswalk_count": 2, "hin_count": 0, "crash_count": 23, "injury_crash_count": 9, "severe_crash_count": 3, "vru_crash_count": 2, "fatalities": 0, "injuries": 11, "coverage_points": 55, "coverage_score_pre_osm": 61.1, "osm_status": "not_assessed", "safety_priority_score": 48.0, "selection_score": 56.5, "crash_window": "2019-2025" }, "geometry": { "type": "Point", "coordinates": [ -79.883367038697685, 40.455458957663666, 2106555654.0 ] } },
{ "type": "Feature", "properties": { "candidate_id": "signal_1818599358", "name": "TS260", "operation_type": "Fixed", "flash_time": "24 Hr stop and go", "flash_yellow": "FIFTH AVE", "id": 1818599358, "description": "Dinwiddie St - Fifth Ave", "traffic_count": 0, "crosswalk_count": 2, "hin_count": 1, "crash_count": 24, "injury_crash_count": 9, "severe_crash_count": 1, "vru_crash_count": 1, "fatalities": 0, "injuries": 12, "coverage_points": 55, "coverage_score_pre_osm": 61.1, "osm_status": "not_assessed", "safety_priority_score": 47.8, "selection_score": 56.4, "crash_window": "2019-2025" }, "geometry": { "type": "Point", "coordinates": [ -79.980778363279995, 40.43836767528137, 1818599358.0 ] } },
{ "type": "Feature", "properties": { "candidate_id": "signal_665159596", "name": "TS423", "operation_type": "Fixed", "flash_time": "24 Hr stop and go", "flash_yellow": "LIBERTY AVE", "id": 665159596, "description": "Liberty Ave - Millvale Ave", "traffic_count": 0, "crosswalk_count": 4, "hin_count": 1, "crash_count": 15, "injury_crash_count": 7, "severe_crash_count": 1, "vru_crash_count": 5, "fatalities": 0, "injuries": 8, "coverage_points": 55, "coverage_score_pre_osm": 61.1, "osm_status": "not_assessed", "safety_priority_score": 47.6, "selection_score": 56.4, "crash_window": "2019-2025" }, "geometry": { "type": "Point", "coordinates": [ -79.945965881005904, 40.460011595341079, 665159596.0 ] } },
{ "type": "Feature", "properties": { "candidate_id": "signal_306346190", "name": "TS501", "operation_type": "Fixed", "flash_time": "24 Hr Stop And Go", "flash_yellow": "PENN AVE", "id": 306346190, "description": "Penn Ave - 28th St (OSM)", "traffic_count": 0, "crosswalk_count": 4, "hin_count": 1, "crash_count": 31, "injury_crash_count": 9, "severe_crash_count": 1, "vru_crash_count": 0, "fatalities": 0, "injuries": 18, "coverage_points": 55, "coverage_score_pre_osm": 61.1, "osm_status": "not_assessed", "safety_priority_score": 47.5, "selection_score": 56.3, "crash_window": "2019-2025" }, "geometry": { "type": "Point", "coordinates": [ -79.975617572066284, 40.456865948409046, 306346190.0 ] } },
{ "type": "Feature", "properties": { "candidate_id": "signal_762134573", "name": "TS578", "operation_type": "Fixed", "flash_time": "24 Hr stop and go", "flash_yellow": "NORTH AVE", "id": 762134573, "description": "James St - North Ave", "traffic_count": 0, "crosswalk_count": 8, "hin_count": 1, "crash_count": 36, "injury_crash_count": 12, "severe_crash_count": 0, "vru_crash_count": 1, "fatalities": 0, "injuries": 13, "coverage_points": 55, "coverage_score_pre_osm": 61.1, "osm_status": "not_assessed", "safety_priority_score": 47.3, "selection_score": 56.3, "crash_window": "2019-2025" }, "geometry": { "type": "Point", "coordinates": [ -80.00157003716842, 40.456421067241898, 762134573.0 ] } },
{ "type": "Feature", "properties": { "candidate_id": "signal_2140540832", "name": "TS119", "operation_type": "Fixed", "flash_time": "24 Hr stop and go", "flash_yellow": "FIFTH AVE", "id": 2140540832, "description": "Bigelow Blvd - Fifth Ave", "traffic_count": 0, "crosswalk_count": 6, "hin_count": 1, "crash_count": 19, "injury_crash_count": 12, "severe_crash_count": 0, "vru_crash_count": 6, "fatalities": 0, "injuries": 12, "coverage_points": 55, "coverage_score_pre_osm": 61.1, "osm_status": "not_assessed", "safety_priority_score": 47.2, "selection_score": 56.2, "crash_window": "2019-2025" }, "geometry": { "type": "Point", "coordinates": [ -79.954778683175675, 40.444426077300193, 2140540832.0 ] } },
{ "type": "Feature", "properties": { "candidate_id": "signal_1186899788", "name": "TS437", "operation_type": "Fixed", "flash_time": "24 Hr stop and go", "flash_yellow": "LIBERTY AVE", "id": 1186899788, "description": "Liberty Ave - 28th St", "traffic_count": 0, "crosswalk_count": 3, "hin_count": 1, "crash_count": 27, "injury_crash_count": 10, "severe_crash_count": 1, "vru_crash_count": 0, "fatalities": 0, "injuries": 19, "coverage_points": 55, "coverage_score_pre_osm": 61.1, "osm_status": "not_assessed", "safety_priority_score": 47.2, "selection_score": 56.2, "crash_window": "2019-2025" }, "geometry": { "type": "Point", "coordinates": [ -79.974950117521971, 40.456301822969941, 1186899788.0 ] } },
{ "type": "Feature", "properties": { "candidate_id": "signal_407321807", "name": "TS671", "operation_type": "Fully Actuated", "flash_time": "24 Hr stop and go", "flash_yellow": "SECOND AVE", "id": 407321807, "description": "Second Ave - Technology Dr (Middle)", "traffic_count": 0, "crosswalk_count": 5, "hin_count": 0, "crash_count": 39, "injury_crash_count": 17, "severe_crash_count": 1, "vru_crash_count": 0, "fatalities": 1, "injuries": 25, "coverage_points": 55, "coverage_score_pre_osm": 61.1, "osm_status": "not_assessed", "safety_priority_score": 47.2, "selection_score": 56.2, "crash_window": "2019-2025" }, "geometry": { "type": "Point", "coordinates": [ -79.962290970064146, 40.432745283390119, 407321807.0 ] } },
{ "type": "Feature", "properties": { "candidate_id": "signal_1828107748", "name": "TS386", "operation_type": "Fully Actuated", "flash_time": "24 Hr stop and go", "flash_yellow": "", "id": 1828107748, "description": "Grandview Ave - P J Mcardle Rdwy - Merrimac St", "traffic_count": 0, "crosswalk_count": 5, "hin_count": 1, "crash_count": 24, "injury_crash_count": 6, "severe_crash_count": 1, "vru_crash_count": 2, "fatalities": 0, "injuries": 7, "coverage_points": 55, "coverage_score_pre_osm": 61.1, "osm_status": "not_assessed", "safety_priority_score": 46.8, "selection_score": 56.1, "crash_window": "2019-2025" }, "geometry": { "type": "Point", "coordinates": [ -80.012936575417768, 40.435357568831009, 1828107748.0 ] } },
{ "type": "Feature", "properties": { "candidate_id": "signal_1724665899", "name": "TS221", "operation_type": "Fixed", "flash_time": "00:00 - 06:00", "flash_yellow": "PERRYSVILLE AVE", "id": 1724665899, "description": "Charles St - Perrysville Ave", "traffic_count": 0, "crosswalk_count": 5, "hin_count": 1, "crash_count": 26, "injury_crash_count": 11, "severe_crash_count": 0, "vru_crash_count": 3, "fatalities": 0, "injuries": 13, "coverage_points": 55, "coverage_score_pre_osm": 61.1, "osm_status": "not_assessed", "safety_priority_score": 46.6, "selection_score": 56.0, "crash_window": "2019-2025" }, "geometry": { "type": "Point", "coordinates": [ -80.00860155693573, 40.471014089612879, 1724665899.0 ] } },
{ "type": "Feature", "properties": { "candidate_id": "signal_1331141723", "name": "TS598", "operation_type": "Fully Actuated", "flash_time": "24 Hr stop and go", "flash_yellow": "W CARSON ST", "id": 1331141723, "description": "Carson St - Commerce Dr", "traffic_count": 0, "crosswalk_count": 1, "hin_count": 2, "crash_count": 18, "injury_crash_count": 6, "severe_crash_count": 2, "vru_crash_count": 1, "fatalities": 0, "injuries": 8, "coverage_points": 55, "coverage_score_pre_osm": 61.1, "osm_status": "not_assessed", "safety_priority_score": 46.5, "selection_score": 56.0, "crash_window": "2019-2025" }, "geometry": { "type": "Point", "coordinates": [ -80.006778455711014, 40.433838534537415, 1331141723.0 ] } },
{ "type": "Feature", "properties": { "candidate_id": "signal_1953688427", "name": "TS634", "operation_type": "Fixed", "flash_time": "00:00 - 06:00", "flash_yellow": "LIBERTY AVE", "id": 1953688427, "description": "Liberty Ave - Winebiddle St", "traffic_count": 0, "crosswalk_count": 4, "hin_count": 1, "crash_count": 18, "injury_crash_count": 7, "severe_crash_count": 1, "vru_crash_count": 3, "fatalities": 0, "injuries": 10, "coverage_points": 55, "coverage_score_pre_osm": 61.1, "osm_status": "not_assessed", "safety_priority_score": 46.5, "selection_score": 56.0, "crash_window": "2019-2025" }, "geometry": { "type": "Point", "coordinates": [ -79.943732012541119, 40.458819672290026, 1953688427.0 ] } },
{ "type": "Feature", "properties": { "candidate_id": "signal_227817448", "name": "TS59", "operation_type": "Fully Actuated", "flash_time": "24 Hr stop and go", "flash_yellow": "BANKSVILLE RD", "id": 227817448, "description": "Banksville Rd - McMonagle Ave", "traffic_count": 0, "crosswalk_count": 3, "hin_count": 1, "crash_count": 31, "injury_crash_count": 14, "severe_crash_count": 0, "vru_crash_count": 1, "fatalities": 0, "injuries": 19, "coverage_points": 55, "coverage_score_pre_osm": 61.1, "osm_status": "not_assessed", "safety_priority_score": 46.4, "selection_score": 56.0, "crash_window": "2019-2025" }, "geometry": { "type": "Point", "coordinates": [ -80.044355355499093, 40.399636871319906, 227817448.0 ] } },
{ "type": "Feature", "properties": { "candidate_id": "signal_982280278", "name": "TS366", "operation_type": "Fixed", "flash_time": "24 Hr stop and go", "flash_yellow": "WOOD ST", "id": 982280278, "description": "Fourth Ave - Wood St", "traffic_count": 0, "crosswalk_count": 8, "hin_count": 0, "crash_count": 22, "injury_crash_count": 12, "severe_crash_count": 1, "vru_crash_count": 5, "fatalities": 0, "injuries": 14, "coverage_points": 55, "coverage_score_pre_osm": 61.1, "osm_status": "not_assessed", "safety_priority_score": 46.3, "selection_score": 55.9, "crash_window": "2019-2025" }, "geometry": { "type": "Point", "coordinates": [ -80.001305193610563, 40.439387318258888, 982280278.0 ] } },
{ "type": "Feature", "properties": { "candidate_id": "signal_914186294", "name": "TSF37", "operation_type": "", "flash_time": "", "flash_yellow": "", "id": 914186294, "description": "SCHAEFFER INTERM (CLOSED 2012)", "traffic_count": 3, "crosswalk_count": 0, "hin_count": 0, "crash_count": 16, "injury_crash_count": 7, "severe_crash_count": 1, "vru_crash_count": 3, "fatalities": 0, "injuries": 8, "coverage_points": 60, "coverage_score_pre_osm": 66.7, "osm_status": "not_assessed", "safety_priority_score": 35.5, "selection_score": 55.8, "crash_window": "2019-2025" }, "geometry": { "type": "Point", "coordinates": [ -80.055352206931744, 40.454309005777624, 914186294.0 ] } },
{ "type": "Feature", "properties": { "candidate_id": "signal_451018339", "name": "TS316", "operation_type": "Fixed", "flash_time": "24 Hr stop and go", "flash_yellow": "FIFTH AVE", "id": 451018339, "description": "Fifth Ave - Thackeray Ave", "traffic_count": 0, "crosswalk_count": 3, "hin_count": 1, "crash_count": 21, "injury_crash_count": 9, "severe_crash_count": 0, "vru_crash_count": 6, "fatalities": 0, "injuries": 11, "coverage_points": 55, "coverage_score_pre_osm": 61.1, "osm_status": "not_assessed", "safety_priority_score": 45.8, "selection_score": 55.7, "crash_window": "2019-2025" }, "geometry": { "type": "Point", "coordinates": [ -79.956572449016477, 40.443159554787115, 451018339.0 ] } },
{ "type": "Feature", "properties": { "candidate_id": "signal_1572036969", "name": "TS604", "operation_type": "Fully Actuated", "flash_time": "00:00 - 06:00", "flash_yellow": "EAST ST", "id": 1572036969, "description": "East St - Hazlett St", "traffic_count": 0, "crosswalk_count": 0, "hin_count": 1, "crash_count": 53, "injury_crash_count": 24, "severe_crash_count": 4, "vru_crash_count": 1, "fatalities": 0, "injuries": 28, "coverage_points": 40, "coverage_score_pre_osm": 44.4, "osm_status": "not_assessed", "safety_priority_score": 76.8, "selection_score": 55.7, "crash_window": "2019-2025" }, "geometry": { "type": "Point", "coordinates": [ -80.005175144837693, 40.474644955126045, 1572036969.0 ] } },
{ "type": "Feature", "properties": { "candidate_id": "signal_1309547238", "name": "TS11", "operation_type": "Fixed", "flash_time": "24 Hr stop and go", "flash_yellow": "", "id": 1309547238, "description": "Alger St - Beechwood Blvd - Greenfield Brg - Ronald St", "traffic_count": 0, "crosswalk_count": 4, "hin_count": 1, "crash_count": 30, "injury_crash_count": 10, "severe_crash_count": 0, "vru_crash_count": 2, "fatalities": 0, "injuries": 11, "coverage_points": 55, "coverage_score_pre_osm": 61.1, "osm_status": "not_assessed", "safety_priority_score": 45.5, "selection_score": 55.6, "crash_window": "2019-2025" }, "geometry": { "type": "Point", "coordinates": [ -79.938582848222126, 40.427065719437905, 1309547238.0 ] } },
{ "type": "Feature", "properties": { "candidate_id": "signal_830008298", "name": "TS271", "operation_type": "Fully Actuated", "flash_time": "24 Hr stop and go", "flash_yellow": "", "id": 830008298, "description": "East Liberty Blvd - Highland Ave", "traffic_count": 0, "crosswalk_count": 5, "hin_count": 1, "crash_count": 17, "injury_crash_count": 10, "severe_crash_count": 1, "vru_crash_count": 1, "fatalities": 0, "injuries": 12, "coverage_points": 55, "coverage_score_pre_osm": 61.1, "osm_status": "not_assessed", "safety_priority_score": 45.2, "selection_score": 55.5, "crash_window": "2019-2025" }, "geometry": { "type": "Point", "coordinates": [ -79.922742000165215, 40.465940611944504, 830008298.0 ] } },
{ "type": "Feature", "properties": { "candidate_id": "signal_1162411477", "name": "TS669", "operation_type": "Semi Actuated", "flash_time": "24 Hr Stop and Go", "flash_yellow": "", "id": 1162411477, "description": "Casino Dr - Reedsdale St", "traffic_count": 0, "crosswalk_count": 5, "hin_count": 0, "crash_count": 38, "injury_crash_count": 11, "severe_crash_count": 1, "vru_crash_count": 1, "fatalities": 0, "injuries": 13, "coverage_points": 55, "coverage_score_pre_osm": 61.1, "osm_status": "not_assessed", "safety_priority_score": 45.2, "selection_score": 55.5, "crash_window": "2019-2025" }, "geometry": { "type": "Point", "coordinates": [ -80.021220991711374, 40.447964330193123, 1162411477.0 ] } },
{ "type": "Feature", "properties": { "candidate_id": "signal_1920641743", "name": "TS553", "operation_type": "Fully Actuated", "flash_time": "24 Hr stop and go", "flash_yellow": "MIFFLIN RD", "id": 1920641743, "description": "Lebanon Rd - Mifflin Rd", "traffic_count": 0, "crosswalk_count": 2, "hin_count": 1, "crash_count": 35, "injury_crash_count": 14, "severe_crash_count": 0, "vru_crash_count": 0, "fatalities": 0, "injuries": 19, "coverage_points": 55, "coverage_score_pre_osm": 61.1, "osm_status": "not_assessed", "safety_priority_score": 45.1, "selection_score": 55.5, "crash_window": "2019-2025" }, "geometry": { "type": "Point", "coordinates": [ -79.925510195000044, 40.379614678492224, 1920641743.0 ] } },
{ "type": "Feature", "properties": { "candidate_id": "signal_1178273823", "name": "TS372", "operation_type": "Fixed", "flash_time": "00:00 - 06:00", "flash_yellow": "FRANKSTOWN AVE", "id": 1178273823, "description": "Frankstown Ave - Woods Ave", "traffic_count": 0, "crosswalk_count": 3, "hin_count": 1, "crash_count": 16, "injury_crash_count": 8, "severe_crash_count": 2, "vru_crash_count": 0, "fatalities": 0, "injuries": 9, "coverage_points": 55, "coverage_score_pre_osm": 61.1, "osm_status": "not_assessed", "safety_priority_score": 44.7, "selection_score": 55.4, "crash_window": "2019-2025" }, "geometry": { "type": "Point", "coordinates": [ -79.873858667899029, 40.459855566979989, 1178273823.0 ] } },
{ "type": "Feature", "properties": { "candidate_id": "signal_183014806", "name": "TS498", "operation_type": "Fixed", "flash_time": "24 Hr stop and go", "flash_yellow": "PENN AVE", "id": 183014806, "description": "Penn Ave - Tenth St", "traffic_count": 0, "crosswalk_count": 8, "hin_count": 1, "crash_count": 14, "injury_crash_count": 7, "severe_crash_count": 1, "vru_crash_count": 3, "fatalities": 0, "injuries": 11, "coverage_points": 55, "coverage_score_pre_osm": 61.1, "osm_status": "not_assessed", "safety_priority_score": 44.5, "selection_score": 55.3, "crash_window": "2019-2025" }, "geometry": { "type": "Point", "coordinates": [ -79.995612722368691, 40.444464440984554, 183014806.0 ] } },
{ "type": "Feature", "properties": { "candidate_id": "signal_2115162682", "name": "TS33", "operation_type": "Fixed", "flash_time": "24 Hr stop and go", "flash_yellow": "", "id": 2115162682, "description": "Amberson Ave - Fifth Ave", "traffic_count": 0, "crosswalk_count": 3, "hin_count": 1, "crash_count": 25, "injury_crash_count": 9, "severe_crash_count": 0, "vru_crash_count": 3, "fatalities": 0, "injuries": 10, "coverage_points": 55, "coverage_score_pre_osm": 61.1, "osm_status": "not_assessed", "safety_priority_score": 44.2, "selection_score": 55.2, "crash_window": "2019-2025" }, "geometry": { "type": "Point", "coordinates": [ -79.938841070747188, 40.447694113179054, 2115162682.0 ] } },
{ "type": "Feature", "properties": { "candidate_id": "signal_81963683", "name": "TS710", "operation_type": "Fully Actuated", "flash_time": "", "flash_yellow": "SECOND AVE", "id": 81963683, "description": "Second Ave - Blair St", "traffic_count": 0, "crosswalk_count": 0, "hin_count": 1, "crash_count": 57, "injury_crash_count": 23, "severe_crash_count": 3, "vru_crash_count": 1, "fatalities": 1, "injuries": 35, "coverage_points": 40, "coverage_score_pre_osm": 44.4, "osm_status": "not_assessed", "safety_priority_score": 75.0, "selection_score": 55.1, "crash_window": "2019-2025" }, "geometry": { "type": "Point", "coordinates": [ -79.955187083804134, 40.42738986448304, 81963683.0 ] } },
{ "type": "Feature", "properties": { "candidate_id": "signal_1971344963", "name": "TS318", "operation_type": "Fixed", "flash_time": "24 Hr stop and go", "flash_yellow": "FIFTH AVE", "id": 1971344963, "description": "Fifth Ave - Wilkins Ave", "traffic_count": 0, "crosswalk_count": 2, "hin_count": 2, "crash_count": 33, "injury_crash_count": 7, "severe_crash_count": 0, "vru_crash_count": 2, "fatalities": 0, "injuries": 8, "coverage_points": 55, "coverage_score_pre_osm": 61.1, "osm_status": "not_assessed", "safety_priority_score": 43.5, "selection_score": 54.9, "crash_window": "2019-2025" }, "geometry": { "type": "Point", "coordinates": [ -79.937294528459091, 40.447800362498612, 1971344963.0 ] } },
{ "type": "Feature", "properties": { "candidate_id": "signal_152149489", "name": "TS58", "operation_type": "Fully Actuated", "flash_time": "24 Hr stop and go", "flash_yellow": "BANKSVILLE RD", "id": 152149489, "description": "Banksville Rd - Crane Ave", "traffic_count": 0, "crosswalk_count": 3, "hin_count": 1, "crash_count": 29, "injury_crash_count": 15, "severe_crash_count": 0, "vru_crash_count": 0, "fatalities": 0, "injuries": 24, "coverage_points": 55, "coverage_score_pre_osm": 61.1, "osm_status": "not_assessed", "safety_priority_score": 43.5, "selection_score": 54.9, "crash_window": "2019-2025" }, "geometry": { "type": "Point", "coordinates": [ -80.029947659339427, 40.415907363912417, 152149489.0 ] } },
{ "type": "Feature", "properties": { "candidate_id": "signal_438328071", "name": "TS150", "operation_type": "Semi Actuated", "flash_time": "24 Hr stop and go", "flash_yellow": "BRIGHTON RD", "id": 438328071, "description": "Brighton Rd - Woods Run Ave", "traffic_count": 0, "crosswalk_count": 4, "hin_count": 1, "crash_count": 24, "injury_crash_count": 10, "severe_crash_count": 0, "vru_crash_count": 2, "fatalities": 0, "injuries": 12, "coverage_points": 55, "coverage_score_pre_osm": 61.1, "osm_status": "not_assessed", "safety_priority_score": 43.3, "selection_score": 54.9, "crash_window": "2019-2025" }, "geometry": { "type": "Point", "coordinates": [ -80.031721450690711, 40.476497073148032, 438328071.0 ] } },
{ "type": "Feature", "properties": { "candidate_id": "signal_2022050036", "name": "TS16", "operation_type": "Fully Actuated", "flash_time": "24 Hr stop and go", "flash_yellow": "", "id": 2022050036, "description": "Allegheny River Blvd - Washington Blvd", "traffic_count": 0, "crosswalk_count": 0, "hin_count": 1, "crash_count": 64, "injury_crash_count": 21, "severe_crash_count": 4, "vru_crash_count": 0, "fatalities": 1, "injuries": 34, "coverage_points": 40, "coverage_score_pre_osm": 44.4, "osm_status": "not_assessed", "safety_priority_score": 74.4, "selection_score": 54.9, "crash_window": "2019-2025" }, "geometry": { "type": "Point", "coordinates": [ -79.907849487194142, 40.48427706533316, 2022050036.0 ] } },
{ "type": "Feature", "properties": { "candidate_id": "signal_1520608401", "name": "TSF60", "operation_type": "", "flash_time": "", "flash_yellow": "", "id": 1520608401, "description": "Obama School (Formerly Peabody)", "traffic_count": 1, "crosswalk_count": 0, "hin_count": 0, "crash_count": 14, "injury_crash_count": 9, "severe_crash_count": 1, "vru_crash_count": 1, "fatalities": 0, "injuries": 10, "coverage_points": 60, "coverage_score_pre_osm": 66.7, "osm_status": "not_assessed", "safety_priority_score": 32.6, "selection_score": 54.8, "crash_window": "2019-2025" }, "geometry": { "type": "Point", "coordinates": [ -79.923218649753267, 40.467098214058389, 1520608401.0 ] } },
{ "type": "Feature", "properties": { "candidate_id": "signal_2004813443", "name": "TS319", "operation_type": "Fixed", "flash_time": "24 Hr stop and go", "flash_yellow": "WOOD ST", "id": 2004813443, "description": "Fifth Ave - Wood St", "traffic_count": 0, "crosswalk_count": 5, "hin_count": 1, "crash_count": 14, "injury_crash_count": 11, "severe_crash_count": 0, "vru_crash_count": 5, "fatalities": 0, "injuries": 20, "coverage_points": 55, "coverage_score_pre_osm": 61.1, "osm_status": "not_assessed", "safety_priority_score": 43.1, "selection_score": 54.8, "crash_window": "2019-2025" }, "geometry": { "type": "Point", "coordinates": [ -80.000394178843266, 40.440747803024593, 2004813443.0 ] } },
{ "type": "Feature", "properties": { "candidate_id": "signal_555635447", "name": "TS563", "operation_type": "Fully Actuated", "flash_time": "24 Hr stop and go", "flash_yellow": "WASHINGTON BLVD", "id": 555635447, "description": "Butler St - One Wild Pl", "traffic_count": 0, "crosswalk_count": 3, "hin_count": 2, "crash_count": 27, "injury_crash_count": 11, "severe_crash_count": 0, "vru_crash_count": 1, "fatalities": 0, "injuries": 15, "coverage_points": 55, "coverage_score_pre_osm": 61.1, "osm_status": "not_assessed", "safety_priority_score": 43.0, "selection_score": 54.8, "crash_window": "2019-2025" }, "geometry": { "type": "Point", "coordinates": [ -79.917992162946206, 40.487348505785683, 555635447.0 ] } },
{ "type": "Feature", "properties": { "candidate_id": "signal_957603343", "name": "TSF114", "operation_type": "", "flash_time": "", "flash_yellow": "", "id": 957603343, "description": "ST. MATTHEWS SCHOOL [CLOSED]", "traffic_count": 0, "crosswalk_count": 4, "hin_count": 1, "crash_count": 62, "injury_crash_count": 20, "severe_crash_count": 2, "vru_crash_count": 2, "fatalities": 0, "injuries": 25, "coverage_points": 40, "coverage_score_pre_osm": 44.4, "osm_status": "not_assessed", "safety_priority_score": 74.0, "selection_score": 54.8, "crash_window": "2019-2025" }, "geometry": { "type": "Point", "coordinates": [ -79.999991018128924, 40.456994179193991, 957603343.0 ] } },
{ "type": "Feature", "properties": { "candidate_id": "signal_1177376251", "name": "TS561", "operation_type": "Fixed", "flash_time": "0:00-6:00", "flash_yellow": "CENTRE AVE", "id": 1177376251, "description": "Centre Ave - Herron Ave - Robinson St Ext", "traffic_count": 0, "crosswalk_count": 4, "hin_count": 1, "crash_count": 22, "injury_crash_count": 9, "severe_crash_count": 0, "vru_crash_count": 3, "fatalities": 0, "injuries": 9, "coverage_points": 55, "coverage_score_pre_osm": 61.1, "osm_status": "not_assessed", "safety_priority_score": 42.9, "selection_score": 54.7, "crash_window": "2019-2025" }, "geometry": { "type": "Point", "coordinates": [ -79.964873666021816, 40.448785417238199, 1177376251.0 ] } },
{ "type": "Feature", "properties": { "candidate_id": "signal_717145004", "name": "TS410", "operation_type": "Fully Actuated", "flash_time": "24 Hr stop and go", "flash_yellow": "STEUBEN ST", "id": 717145004, "description": "Ingram Ave - Steuben St - Thornburg Brg - Woodmere Dr", "traffic_count": 0, "crosswalk_count": 3, "hin_count": 0, "crash_count": 21, "injury_crash_count": 10, "severe_crash_count": 2, "vru_crash_count": 1, "fatalities": 0, "injuries": 10, "coverage_points": 55, "coverage_score_pre_osm": 61.1, "osm_status": "not_assessed", "safety_priority_score": 42.8, "selection_score": 54.7, "crash_window": "2019-2025" }, "geometry": { "type": "Point", "coordinates": [ -80.080474074883711, 40.440564238554451, 717145004.0 ] } },
{ "type": "Feature", "properties": { "candidate_id": "signal_435587464", "name": "TS409", "operation_type": "Fixed", "flash_time": "23:00-6:00", "flash_yellow": "WABASH ST", "id": 435587464, "description": "Independence St - Mccartney St - Wabash St", "traffic_count": 0, "crosswalk_count": 2, "hin_count": 0, "crash_count": 18, "injury_crash_count": 12, "severe_crash_count": 3, "vru_crash_count": 0, "fatalities": 0, "injuries": 12, "coverage_points": 55, "coverage_score_pre_osm": 61.1, "osm_status": "not_assessed", "safety_priority_score": 42.6, "selection_score": 54.6, "crash_window": "2019-2025" }, "geometry": { "type": "Point", "coordinates": [ -80.033855490725443, 40.436063580446422, 435587464.0 ] } },
{ "type": "Feature", "properties": { "candidate_id": "signal_855106730", "name": "TS107", "operation_type": "Actuated", "flash_time": "24 Hr stop and go", "flash_yellow": "", "id": 855106730, "description": "Bennett St - Dallas Ave - Frankstown Ave", "traffic_count": 0, "crosswalk_count": 5, "hin_count": 3, "crash_count": 21, "injury_crash_count": 8, "severe_crash_count": 1, "vru_crash_count": 0, "fatalities": 1, "injuries": 9, "coverage_points": 55, "coverage_score_pre_osm": 61.1, "osm_status": "not_assessed", "safety_priority_score": 42.3, "selection_score": 54.5, "crash_window": "2019-2025" }, "geometry": { "type": "Point", "coordinates": [ -79.904138651858347, 40.458092994159735, 855106730.0 ] } },
{ "type": "Feature", "properties": { "candidate_id": "signal_1567904674", "name": "TS37", "operation_type": "Semi Actuated", "flash_time": "00:00 - 06:00", "flash_yellow": "", "id": 1567904674, "description": "Ansley St - Euclid Ave", "traffic_count": 0, "crosswalk_count": 2, "hin_count": 1, "crash_count": 27, "injury_crash_count": 8, "severe_crash_count": 0, "vru_crash_count": 2, "fatalities": 0, "injuries": 10, "coverage_points": 55, "coverage_score_pre_osm": 61.1, "osm_status": "not_assessed", "safety_priority_score": 42.3, "selection_score": 54.5, "crash_window": "2019-2025" }, "geometry": { "type": "Point", "coordinates": [ -79.927243476823605, 40.463502597815335, 1567904674.0 ] } },
{ "type": "Feature", "properties": { "candidate_id": "signal_729040956", "name": "TS280", "operation_type": "Fixed", "flash_time": "24 Hr stop and go", "flash_yellow": "S 18TH ST", "id": 729040956, "description": "S 18th St - Mission St - Pius St", "traffic_count": 0, "crosswalk_count": 3, "hin_count": 1, "crash_count": 30, "injury_crash_count": 5, "severe_crash_count": 1, "vru_crash_count": 0, "fatalities": 0, "injuries": 6, "coverage_points": 55, "coverage_score_pre_osm": 61.1, "osm_status": "not_assessed", "safety_priority_score": 42.2, "selection_score": 54.5, "crash_window": "2019-2025" }, "geometry": { "type": "Point", "coordinates": [ -79.977695721169823, 40.423834964224547, 729040956.0 ] } },
{ "type": "Feature", "properties": { "candidate_id": "signal_718017143", "name": "TS25", "operation_type": "Fixed / Ped Actuated", "flash_time": "24 Hr stop and go", "flash_yellow": "", "id": 718017143, "description": "Blvd of the Allies - Halket St - Zulema St", "traffic_count": 0, "crosswalk_count": 2, "hin_count": 1, "crash_count": 17, "injury_crash_count": 7, "severe_crash_count": 1, "vru_crash_count": 1, "fatalities": 0, "injuries": 7, "coverage_points": 55, "coverage_score_pre_osm": 61.1, "osm_status": "not_assessed", "safety_priority_score": 41.9, "selection_score": 54.4, "crash_window": "2019-2025" }, "geometry": { "type": "Point", "coordinates": [ -79.958121856930319, 40.435912048895361, 718017143.0 ] } },
{ "type": "Feature", "properties": { "candidate_id": "signal_287632566", "name": "TSF145", "operation_type": "", "flash_time": "", "flash_yellow": "", "id": 287632566, "description": "RRFB - Liberty Ave and 29th St", "traffic_count": 0, "crosswalk_count": 4, "hin_count": 1, "crash_count": 42, "injury_crash_count": 15, "severe_crash_count": 3, "vru_crash_count": 4, "fatalities": 0, "injuries": 17, "coverage_points": 40, "coverage_score_pre_osm": 44.4, "osm_status": "not_assessed", "safety_priority_score": 72.9, "selection_score": 54.4, "crash_window": "2019-2025" }, "geometry": { "type": "Point", "coordinates": [ -79.97347895601348, 40.457339001000214, 287632566.0 ] } },
{ "type": "Feature", "properties": { "candidate_id": "signal_1283244208", "name": "TS287", "operation_type": "Fixed", "flash_time": "24 Hr stop and go", "flash_yellow": "S NEGLEY AVE", "id": 1283244208, "description": "Ellsworth Ave - Negley Ave", "traffic_count": 0, "crosswalk_count": 4, "hin_count": 2, "crash_count": 17, "injury_crash_count": 8, "severe_crash_count": 0, "vru_crash_count": 5, "fatalities": 0, "injuries": 10, "coverage_points": 55, "coverage_score_pre_osm": 61.1, "osm_status": "not_assessed", "safety_priority_score": 41.5, "selection_score": 54.2, "crash_window": "2019-2025" }, "geometry": { "type": "Point", "coordinates": [ -79.932571249128102, 40.454754148063984, 1283244208.0 ] } },
{ "type": "Feature", "properties": { "candidate_id": "signal_1560977632", "name": "TS342", "operation_type": "Fixed", "flash_time": "24 Hr stop and go", "flash_yellow": "WOOD ST", "id": 1560977632, "description": "Forbes Ave - Wood St", "traffic_count": 0, "crosswalk_count": 6, "hin_count": 0, "crash_count": 20, "injury_crash_count": 15, "severe_crash_count": 0, "vru_crash_count": 9, "fatalities": 0, "injuries": 25, "coverage_points": 55, "coverage_score_pre_osm": 61.1, "osm_status": "not_assessed", "safety_priority_score": 41.5, "selection_score": 54.2, "crash_window": "2019-2025" }, "geometry": { "type": "Point", "coordinates": [ -80.000829785848424, 40.440097038304003, 1560977632.0 ] } },
{ "type": "Feature", "properties": { "candidate_id": "signal_1326079451", "name": "TS88", "operation_type": "Fully Actuated", "flash_time": "24 Hr stop and go", "flash_yellow": "E CARSON ST", "id": 1326079451, "description": "Becks Run Rd - Carson St", "traffic_count": 0, "crosswalk_count": 2, "hin_count": 1, "crash_count": 31, "injury_crash_count": 11, "severe_crash_count": 0, "vru_crash_count": 0, "fatalities": 0, "injuries": 13, "coverage_points": 55, "coverage_score_pre_osm": 61.1, "osm_status": "not_assessed", "safety_priority_score": 41.4, "selection_score": 54.2, "crash_window": "2019-2025" }, "geometry": { "type": "Point", "coordinates": [ -79.955526543226114, 40.411032284088989, 1326079451.0 ] } },
{ "type": "Feature", "properties": { "candidate_id": "signal_1123714228", "name": "TS235", "operation_type": "Semi Actuated", "flash_time": "00:00 - 06:00", "flash_yellow": "CENTRE AVE", "id": 1123714228, "description": "Centre Ave - Station St", "traffic_count": 0, "crosswalk_count": 4, "hin_count": 1, "crash_count": 21, "injury_crash_count": 8, "severe_crash_count": 0, "vru_crash_count": 3, "fatalities": 0, "injuries": 14, "coverage_points": 55, "coverage_score_pre_osm": 61.1, "osm_status": "not_assessed", "safety_priority_score": 41.3, "selection_score": 54.2, "crash_window": "2019-2025" }, "geometry": { "type": "Point", "coordinates": [ -79.921301087532328, 40.462879173885341, 1123714228.0 ] } },
{ "type": "Feature", "properties": { "candidate_id": "signal_1015329897", "name": "TS477", "operation_type": "Fully Actuated", "flash_time": "24 Hr stop and go", "flash_yellow": "WASHINGTON BLVD", "id": 1015329897, "description": "Negley Run Blvd - Washington Blvd", "traffic_count": 0, "crosswalk_count": 1, "hin_count": 1, "crash_count": 21, "injury_crash_count": 12, "severe_crash_count": 0, "vru_crash_count": 1, "fatalities": 0, "injuries": 15, "coverage_points": 55, "coverage_score_pre_osm": 61.1, "osm_status": "not_assessed", "safety_priority_score": 41.1, "selection_score": 54.1, "crash_window": "2019-2025" }, "geometry": { "type": "Point", "coordinates": [ -79.908625174357155, 40.470289043091014, 1015329897.0 ] } },
{ "type": "Feature", "properties": { "candidate_id": "signal_965564505", "name": "TS181", "operation_type": "Fixed", "flash_time": "24 Hr stop and go", "flash_yellow": "BUTLER ST", "id": 965564505, "description": "Butler St - Mccandless Ave", "traffic_count": 0, "crosswalk_count": 4, "hin_count": 1, "crash_count": 20, "injury_crash_count": 5, "severe_crash_count": 1, "vru_crash_count": 1, "fatalities": 1, "injuries": 5, "coverage_points": 55, "coverage_score_pre_osm": 61.1, "osm_status": "not_assessed", "safety_priority_score": 41.0, "selection_score": 54.1, "crash_window": "2019-2025" }, "geometry": { "type": "Point", "coordinates": [ -79.953444751903248, 40.481598284677446, 965564505.0 ] } },
{ "type": "Feature", "properties": { "candidate_id": "signal_1442572187", "name": "TS540", "operation_type": "Fixed", "flash_time": "24 Hr stop and go", "flash_yellow": "WOOD ST", "id": 1442572187, "description": "Third Ave - Wood St", "traffic_count": 0, "crosswalk_count": 12, "hin_count": 0, "crash_count": 20, "injury_crash_count": 10, "severe_crash_count": 1, "vru_crash_count": 3, "fatalities": 0, "injuries": 12, "coverage_points": 55, "coverage_score_pre_osm": 61.1, "osm_status": "not_assessed", "safety_priority_score": 41.0, "selection_score": 54.1, "crash_window": "2019-2025" }, "geometry": { "type": "Point", "coordinates": [ -80.00164021625335, 40.438886359365178, 1442572187.0 ] } },
{ "type": "Feature", "properties": { "candidate_id": "signal_102740357", "name": "TSF35", "operation_type": "", "flash_time": "", "flash_yellow": "", "id": 102740357, "description": "Phillips School", "traffic_count": 0, "crosswalk_count": 7, "hin_count": 0, "crash_count": 48, "injury_crash_count": 23, "severe_crash_count": 3, "vru_crash_count": 9, "fatalities": 0, "injuries": 28, "coverage_points": 40, "coverage_score_pre_osm": 44.4, "osm_status": "not_assessed", "safety_priority_score": 72.0, "selection_score": 54.1, "crash_window": "2019-2025" }, "geometry": { "type": "Point", "coordinates": [ -79.978279035462208, 40.427985615462966, 102740357.0 ] } },
{ "type": "Feature", "properties": { "candidate_id": "signal_1844638107", "name": "TS558", "operation_type": "Semi Actuated", "flash_time": "24 Hr stop and go", "flash_yellow": "MIFFLIN RD", "id": 1844638107, "description": "Doerrville Ave - Hillburn St - Mifflin Rd", "traffic_count": 0, "crosswalk_count": 3, "hin_count": 1, "crash_count": 20, "injury_crash_count": 7, "severe_crash_count": 1, "vru_crash_count": 0, "fatalities": 0, "injuries": 10, "coverage_points": 55, "coverage_score_pre_osm": 61.1, "osm_status": "not_assessed", "safety_priority_score": 40.6, "selection_score": 53.9, "crash_window": "2019-2025" }, "geometry": { "type": "Point", "coordinates": [ -79.930473021779648, 40.383291637555814, 1844638107.0 ] } },
{ "type": "Feature", "properties": { "candidate_id": "signal_93819084", "name": "TSF55", "operation_type": "", "flash_time": "", "flash_yellow": "", "id": 93819084, "description": "Allderdice High School", "traffic_count": 1, "crosswalk_count": 0, "hin_count": 0, "crash_count": 13, "injury_crash_count": 5, "severe_crash_count": 1, "vru_crash_count": 2, "fatalities": 0, "injuries": 5, "coverage_points": 60, "coverage_score_pre_osm": 66.7, "osm_status": "not_assessed", "safety_priority_score": 29.7, "selection_score": 53.8, "crash_window": "2019-2025" }, "geometry": { "type": "Point", "coordinates": [ -79.9194238857188, 40.429628190715796, 93819084.0 ] } },
{ "type": "Feature", "properties": { "candidate_id": "signal_1501913538", "name": "TS103", "operation_type": "Semi Actuated", "flash_time": "24 Hr stop and go", "flash_yellow": "", "id": 1501913538, "description": "Bellefield Ave - Forbes Ave", "traffic_count": 0, "crosswalk_count": 4, "hin_count": 1, "crash_count": 19, "injury_crash_count": 6, "severe_crash_count": 0, "vru_crash_count": 5, "fatalities": 0, "injuries": 6, "coverage_points": 55, "coverage_score_pre_osm": 61.1, "osm_status": "not_assessed", "safety_priority_score": 40.3, "selection_score": 53.8, "crash_window": "2019-2025" }, "geometry": { "type": "Point", "coordinates": [ -79.950692072577624, 40.443926195449158, 1501913538.0 ] } },
{ "type": "Feature", "properties": { "candidate_id": "signal_369021886", "name": "TS647", "operation_type": "Fixed", "flash_time": "", "flash_yellow": "", "id": 369021886, "description": "Lane Control - Tony Dorsett Dr", "traffic_count": 0, "crosswalk_count": 7, "hin_count": 0, "crash_count": 32, "injury_crash_count": 15, "severe_crash_count": 0, "vru_crash_count": 2, "fatalities": 0, "injuries": 20, "coverage_points": 55, "coverage_score_pre_osm": 61.1, "osm_status": "not_assessed", "safety_priority_score": 40.3, "selection_score": 53.8, "crash_window": "2019-2025" }, "geometry": { "type": "Point", "coordinates": [ -80.010439183020281, 40.447898963371266, 369021886.0 ] } },
{ "type": "Feature", "properties": { "candidate_id": "signal_780829291", "name": "TS104", "operation_type": "Fully Actuated", "flash_time": "24 Hr stop and go", "flash_yellow": "E WARRINGTON AVE", "id": 780829291, "description": "Beltzhoover Ave - Warrington Ave", "traffic_count": 0, "crosswalk_count": 4, "hin_count": 1, "crash_count": 33, "injury_crash_count": 6, "severe_crash_count": 0, "vru_crash_count": 1, "fatalities": 0, "injuries": 6, "coverage_points": 55, "coverage_score_pre_osm": 61.1, "osm_status": "not_assessed", "safety_priority_score": 39.9, "selection_score": 53.7, "crash_window": "2019-2025" }, "geometry": { "type": "Point", "coordinates": [ -79.997403697593072, 40.421655731442499, 780829291.0 ] } },
{ "type": "Feature", "properties": { "candidate_id": "signal_462019118", "name": "TS90", "operation_type": "Fully Actuated", "flash_time": "24 Hr stop and go", "flash_yellow": "", "id": 462019118, "description": "Bedford Ave - Herron Ave - Webster Ave", "traffic_count": 0, "crosswalk_count": 5, "hin_count": 1, "crash_count": 18, "injury_crash_count": 5, "severe_crash_count": 1, "vru_crash_count": 1, "fatalities": 0, "injuries": 5, "coverage_points": 55, "coverage_score_pre_osm": 61.1, "osm_status": "not_assessed", "safety_priority_score": 39.9, "selection_score": 53.7, "crash_window": "2019-2025" }, "geometry": { "type": "Point", "coordinates": [ -79.964928066198794, 40.452891145493261, 462019118.0 ] } },
{ "type": "Feature", "properties": { "candidate_id": "signal_1769921946", "name": "TS246", "operation_type": "Semi Actuated", "flash_time": "24 Hr stop and go", "flash_yellow": "FORBES AVE", "id": 1769921946, "description": "Craig St - Forbes Ave", "traffic_count": 0, "crosswalk_count": 4, "hin_count": 1, "crash_count": 18, "injury_crash_count": 7, "severe_crash_count": 0, "vru_crash_count": 4, "fatalities": 0, "injuries": 8, "coverage_points": 55, "coverage_score_pre_osm": 61.1, "osm_status": "not_assessed", "safety_priority_score": 39.8, "selection_score": 53.6, "crash_window": "2019-2025" }, "geometry": { "type": "Point", "coordinates": [ -79.948601123251308, 40.4444236418651, 1769921946.0 ] } },
{ "type": "Feature", "properties": { "candidate_id": "signal_569863679", "name": "TS52", "operation_type": "Fixed", "flash_time": "00:00 - 06:00", "flash_yellow": "BATES ST", "id": 569863679, "description": "Atwood St - Bates St", "traffic_count": 0, "crosswalk_count": 5, "hin_count": 0, "crash_count": 24, "injury_crash_count": 11, "severe_crash_count": 0, "vru_crash_count": 7, "fatalities": 0, "injuries": 14, "coverage_points": 55, "coverage_score_pre_osm": 61.1, "osm_status": "not_assessed", "safety_priority_score": 39.6, "selection_score": 53.6, "crash_window": "2019-2025" }, "geometry": { "type": "Point", "coordinates": [ -79.953932206073347, 40.43812573465371, 569863679.0 ] } },
{ "type": "Feature", "properties": { "candidate_id": "signal_1768913186", "name": "TS567", "operation_type": "Fully Actuated", "flash_time": "24 Hr stop and go", "flash_yellow": "", "id": 1768913186, "description": "Chartiers Ave - Steuben St", "traffic_count": 0, "crosswalk_count": 4, "hin_count": 2, "crash_count": 13, "injury_crash_count": 5, "severe_crash_count": 2, "vru_crash_count": 0, "fatalities": 0, "injuries": 6, "coverage_points": 55, "coverage_score_pre_osm": 61.1, "osm_status": "not_assessed", "safety_priority_score": 39.5, "selection_score": 53.5, "crash_window": "2019-2025" }, "geometry": { "type": "Point", "coordinates": [ -80.038070026712433, 40.4412048289742, 1768913186.0 ] } },
{ "type": "Feature", "properties": { "candidate_id": "signal_919923400", "name": "TS476", "operation_type": "Fixed", "flash_time": "24 Hr stop and go", "flash_yellow": "WILKINS AVE", "id": 919923400, "description": "Negley Ave - Wilkins Ave", "traffic_count": 0, "crosswalk_count": 4, "hin_count": 1, "crash_count": 14, "injury_crash_count": 4, "severe_crash_count": 1, "vru_crash_count": 2, "fatalities": 0, "injuries": 4, "coverage_points": 55, "coverage_score_pre_osm": 61.1, "osm_status": "not_assessed", "safety_priority_score": 39.0, "selection_score": 53.4, "crash_window": "2019-2025" }, "geometry": { "type": "Point", "coordinates": [ -79.926010738522137, 40.444029856261714, 919923400.0 ] } },
{ "type": "Feature", "properties": { "candidate_id": "signal_1603723371", "name": "TS191", "operation_type": "Fixed", "flash_time": "24 Hr stop and go", "flash_yellow": "", "id": 1603723371, "description": "California Ave - Termon Ave", "traffic_count": 0, "crosswalk_count": 5, "hin_count": 1, "crash_count": 21, "injury_crash_count": 7, "severe_crash_count": 0, "vru_crash_count": 2, "fatalities": 0, "injuries": 10, "coverage_points": 55, "coverage_score_pre_osm": 61.1, "osm_status": "not_assessed", "safety_priority_score": 38.6, "selection_score": 53.2, "crash_window": "2019-2025" }, "geometry": { "type": "Point", "coordinates": [ -80.041767447506103, 40.481911349788518, 1603723371.0 ] } },
{ "type": "Feature", "properties": { "candidate_id": "signal_1410225376", "name": "TS323", "operation_type": "Fixed", "flash_time": "23:00 - 06:00", "flash_yellow": "SECOND AVE", "id": 1410225376, "description": "Flowers Ave - Second Ave", "traffic_count": 0, "crosswalk_count": 3, "hin_count": 1, "crash_count": 17, "injury_crash_count": 11, "severe_crash_count": 0, "vru_crash_count": 1, "fatalities": 0, "injuries": 14, "coverage_points": 55, "coverage_score_pre_osm": 61.1, "osm_status": "not_assessed", "safety_priority_score": 38.0, "selection_score": 53.0, "crash_window": "2019-2025" }, "geometry": { "type": "Point", "coordinates": [ -79.944080364386096, 40.409997132409536, 1410225376.0 ] } },
{ "type": "Feature", "properties": { "candidate_id": "signal_715836300", "name": "TS676", "operation_type": "Fixed", "flash_time": "24 Hr stop and go", "flash_yellow": "E CARSON ST", "id": 715836300, "description": "Carson St - Sarah St", "traffic_count": 0, "crosswalk_count": 6, "hin_count": 1, "crash_count": 27, "injury_crash_count": 9, "severe_crash_count": 0, "vru_crash_count": 0, "fatalities": 0, "injuries": 15, "coverage_points": 55, "coverage_score_pre_osm": 61.1, "osm_status": "not_assessed", "safety_priority_score": 37.9, "selection_score": 53.0, "crash_window": "2019-2025" }, "geometry": { "type": "Point", "coordinates": [ -79.962485995649757, 40.424098505876131, 715836300.0 ] } },
{ "type": "Feature", "properties": { "candidate_id": "signal_439802635", "name": "TS478", "operation_type": "Fixed / Ped Actuated", "flash_time": "24 Hr stop and go", "flash_yellow": "WABASH ST", "id": 439802635, "description": "Neptune St - Wabash St", "traffic_count": 0, "crosswalk_count": 2, "hin_count": 0, "crash_count": 24, "injury_crash_count": 9, "severe_crash_count": 1, "vru_crash_count": 1, "fatalities": 0, "injuries": 10, "coverage_points": 55, "coverage_score_pre_osm": 61.1, "osm_status": "not_assessed", "safety_priority_score": 37.8, "selection_score": 52.9, "crash_window": "2019-2025" }, "geometry": { "type": "Point", "coordinates": [ -80.034362817875433, 40.440207780213356, 439802635.0 ] } },
{ "type": "Feature", "properties": { "candidate_id": "signal_2111342855", "name": "TS381", "operation_type": "Fully Actuated", "flash_time": "24 Hr stop and go", "flash_yellow": "MIFFLIN RD", "id": 2111342855, "description": "Glass Run Rd - Mifflin Rd", "traffic_count": 0, "crosswalk_count": 0, "hin_count": 1, "crash_count": 59, "injury_crash_count": 21, "severe_crash_count": 2, "vru_crash_count": 0, "fatalities": 0, "injuries": 37, "coverage_points": 40, "coverage_score_pre_osm": 44.4, "osm_status": "not_assessed", "safety_priority_score": 68.5, "selection_score": 52.8, "crash_window": "2019-2025" }, "geometry": { "type": "Point", "coordinates": [ -79.933362742597694, 40.38980358225443, 2111342855.0 ] } },
{ "type": "Feature", "properties": { "candidate_id": "signal_1858411412", "name": "TS700", "operation_type": "", "flash_time": "", "flash_yellow": "", "id": 1858411412, "description": "USX Antenna", "traffic_count": 0, "crosswalk_count": 4, "hin_count": 0, "crash_count": 119, "injury_crash_count": 55, "severe_crash_count": 0, "vru_crash_count": 18, "fatalities": 0, "injuries": 66, "coverage_points": 40, "coverage_score_pre_osm": 44.4, "osm_status": "not_assessed", "safety_priority_score": 68.4, "selection_score": 52.8, "crash_window": "2019-2025" }, "geometry": { "type": "Point", "coordinates": [ -79.994690730188623, 40.441236925562684, 1858411412.0 ] } },
{ "type": "Feature", "properties": { "candidate_id": "signal_496582826", "name": "TS303", "operation_type": "Fixed", "flash_time": "00:00 - 06:00", "flash_yellow": "FIFTH AVE", "id": 496582826, "description": "Fifth Ave - Magee St", "traffic_count": 0, "crosswalk_count": 3, "hin_count": 1, "crash_count": 14, "injury_crash_count": 4, "severe_crash_count": 1, "vru_crash_count": 1, "fatalities": 0, "injuries": 6, "coverage_points": 55, "coverage_score_pre_osm": 61.1, "osm_status": "not_assessed", "safety_priority_score": 36.6, "selection_score": 52.5, "crash_window": "2019-2025" }, "geometry": { "type": "Point", "coordinates": [ -79.988269067235393, 40.438693657523096, 496582826.0 ] } },
{ "type": "Feature", "properties": { "candidate_id": "signal_262270363", "name": "TS206", "operation_type": "Fixed", "flash_time": "24 Hr stop and go", "flash_yellow": "NORTH AVE", "id": 262270363, "description": "Cedar Ave - North Ave", "traffic_count": 0, "crosswalk_count": 4, "hin_count": 1, "crash_count": 24, "injury_crash_count": 6, "severe_crash_count": 0, "vru_crash_count": 1, "fatalities": 0, "injuries": 6, "coverage_points": 55, "coverage_score_pre_osm": 61.1, "osm_status": "not_assessed", "safety_priority_score": 36.3, "selection_score": 52.4, "crash_window": "2019-2025" }, "geometry": { "type": "Point", "coordinates": [ -80.002623991414552, 40.456226940611437, 262270363.0 ] } },
{ "type": "Feature", "properties": { "candidate_id": "signal_464172533", "name": "TS259", "operation_type": "Fixed / Ped Actuated", "flash_time": "24 Hr stop and go", "flash_yellow": "DE SOTO ST", "id": 464172533, "description": "Desoto St - O'Hara St", "traffic_count": 0, "crosswalk_count": 5, "hin_count": 0, "crash_count": 13, "injury_crash_count": 8, "severe_crash_count": 1, "vru_crash_count": 4, "fatalities": 1, "injuries": 10, "coverage_points": 55, "coverage_score_pre_osm": 61.1, "osm_status": "not_assessed", "safety_priority_score": 36.3, "selection_score": 52.4, "crash_window": "2019-2025" }, "geometry": { "type": "Point", "coordinates": [ -79.959880978793024, 40.443154855289279, 464172533.0 ] } },
{ "type": "Feature", "properties": { "candidate_id": "signal_1376495411", "name": "TS355", "operation_type": "Fixed", "flash_time": "00:00 - 06:00", "flash_yellow": "LIBERTY AVE", "id": 1376495411, "description": "Liberty Ave - 40th St", "traffic_count": 0, "crosswalk_count": 4, "hin_count": 1, "crash_count": 21, "injury_crash_count": 7, "severe_crash_count": 0, "vru_crash_count": 1, "fatalities": 0, "injuries": 8, "coverage_points": 55, "coverage_score_pre_osm": 61.1, "osm_status": "not_assessed", "safety_priority_score": 36.2, "selection_score": 52.4, "crash_window": "2019-2025" }, "geometry": { "type": "Point", "coordinates": [ -79.957287794994357, 40.462824705348261, 1376495411.0 ] } },
{ "type": "Feature", "properties": { "candidate_id": "signal_1855408416", "name": "TS672", "operation_type": "Fully Actuated", "flash_time": "", "flash_yellow": "FIFTH AVE", "id": 1855408416, "description": "Fifth Ave - McPherson Blvd", "traffic_count": 0, "crosswalk_count": 3, "hin_count": 1, "crash_count": 21, "injury_crash_count": 7, "severe_crash_count": 0, "vru_crash_count": 1, "fatalities": 0, "injuries": 10, "coverage_points": 55, "coverage_score_pre_osm": 61.1, "osm_status": "not_assessed", "safety_priority_score": 36.2, "selection_score": 52.4, "crash_window": "2019-2025" }, "geometry": { "type": "Point", "coordinates": [ -79.910540104514325, 40.455770336699302, 1855408416.0 ] } },
{ "type": "Feature", "properties": { "candidate_id": "signal_1853636852", "name": "TS684", "operation_type": "Semi Actuated", "flash_time": "24 Hr stop and go", "flash_yellow": "SMALLMAN ST", "id": 1853636852, "description": "Smallman St - 13th St", "traffic_count": 0, "crosswalk_count": 4, "hin_count": 0, "crash_count": 25, "injury_crash_count": 13, "severe_crash_count": 0, "vru_crash_count": 2, "fatalities": 0, "injuries": 17, "coverage_points": 55, "coverage_score_pre_osm": 61.1, "osm_status": "not_assessed", "safety_priority_score": 35.9, "selection_score": 52.3, "crash_window": "2019-2025" }, "geometry": { "type": "Point", "coordinates": [ -79.991806942293877, 40.447142811861617, 1853636852.0 ] } },
{ "type": "Feature", "properties": { "candidate_id": "signal_1403772108", "name": "TS390", "operation_type": "Fully Actuated", "flash_time": "24 Hr stop and go", "flash_yellow": "PANTHER HOLLOW RD", "id": 1403772108, "description": "Bartlett Rd - Greenfield Rd - Panther Hollow Rd", "traffic_count": 0, "crosswalk_count": 5, "hin_count": 0, "crash_count": 24, "injury_crash_count": 7, "severe_crash_count": 1, "vru_crash_count": 1, "fatalities": 0, "injuries": 8, "coverage_points": 55, "coverage_score_pre_osm": 61.1, "osm_status": "not_assessed", "safety_priority_score": 35.7, "selection_score": 52.2, "crash_window": "2019-2025" }, "geometry": { "type": "Point", "coordinates": [ -79.936520773572269, 40.432856103517892, 1403772108.0 ] } },
{ "type": "Feature", "properties": { "candidate_id": "signal_1046132809", "name": "TS253", "operation_type": "Semi Actuated", "flash_time": "24 Hr stop and go", "flash_yellow": "S DALLAS AVE", "id": 1046132809, "description": "Dallas Ave - Reynolds St", "traffic_count": 0, "crosswalk_count": 4, "hin_count": 1, "crash_count": 7, "injury_crash_count": 2, "severe_crash_count": 1, "vru_crash_count": 3, "fatalities": 1, "injuries": 3, "coverage_points": 55, "coverage_score_pre_osm": 61.1, "osm_status": "not_assessed", "safety_priority_score": 35.4, "selection_score": 52.1, "crash_window": "2019-2025" }, "geometry": { "type": "Point", "coordinates": [ -79.910161292594694, 40.448768900985108, 1046132809.0 ] } },
{ "type": "Feature", "properties": { "candidate_id": "signal_1953627579", "name": "TSF9", "operation_type": "", "flash_time": "", "flash_yellow": "", "id": 1953627579, "description": "Concord School", "traffic_count": 0, "crosswalk_count": 2, "hin_count": 0, "crash_count": 35, "injury_crash_count": 16, "severe_crash_count": 4, "vru_crash_count": 7, "fatalities": 0, "injuries": 25, "coverage_points": 40, "coverage_score_pre_osm": 44.4, "osm_status": "not_assessed", "safety_priority_score": 66.3, "selection_score": 52.1, "crash_window": "2019-2025" }, "geometry": { "type": "Point", "coordinates": [ -79.984809844171622, 40.387360646528371, 1953627579.0 ] } },
{ "type": "Feature", "properties": { "candidate_id": "signal_1962748043", "name": "TSF23", "operation_type": "", "flash_time": "", "flash_yellow": "", "id": 1962748043, "description": "Linden School", "traffic_count": 2, "crosswalk_count": 0, "hin_count": 0, "crash_count": 7, "injury_crash_count": 3, "severe_crash_count": 1, "vru_crash_count": 2, "fatalities": 0, "injuries": 3, "coverage_points": 60, "coverage_score_pre_osm": 66.7, "osm_status": "not_assessed", "safety_priority_score": 24.7, "selection_score": 52.0, "crash_window": "2019-2025" }, "geometry": { "type": "Point", "coordinates": [ -79.91621441990597, 40.445544145158969, 1962748043.0 ] } },
{ "type": "Feature", "properties": { "candidate_id": "signal_1608169474", "name": "TS80", "operation_type": "Fixed", "flash_time": "24 Hr stop and go", "flash_yellow": "PERRYSVILLE AVE", "id": 1608169474, "description": "Baytree St - East ST - Perrysville Ave", "traffic_count": 0, "crosswalk_count": 6, "hin_count": 1, "crash_count": 11, "injury_crash_count": 4, "severe_crash_count": 1, "vru_crash_count": 1, "fatalities": 0, "injuries": 6, "coverage_points": 55, "coverage_score_pre_osm": 61.1, "osm_status": "not_assessed", "safety_priority_score": 34.9, "selection_score": 51.9, "crash_window": "2019-2025" }, "geometry": { "type": "Point", "coordinates": [ -80.018350707711278, 40.48951659119556, 1608169474.0 ] } },
{ "type": "Feature", "properties": { "candidate_id": "signal_203348141", "name": "TS629", "operation_type": "Fully Actuated", "flash_time": "24 Hr stop and go", "flash_yellow": "WESTERN AVE", "id": 203348141, "description": "Fulton St - Western Ave", "traffic_count": 0, "crosswalk_count": 4, "hin_count": 0, "crash_count": 22, "injury_crash_count": 7, "severe_crash_count": 1, "vru_crash_count": 1, "fatalities": 0, "injuries": 11, "coverage_points": 55, "coverage_score_pre_osm": 61.1, "osm_status": "not_assessed", "safety_priority_score": 34.8, "selection_score": 51.9, "crash_window": "2019-2025" }, "geometry": { "type": "Point", "coordinates": [ -80.023575729366087, 40.450655192452707, 203348141.0 ] } },
{ "type": "Feature", "properties": { "candidate_id": "signal_855802527", "name": "TS630", "operation_type": "Fully Actuated", "flash_time": "24 Hr Stop and Go", "flash_yellow": "REEDSDALE ST", "id": 855802527, "description": "Reedsdale St - Tony Dorsett Dr", "traffic_count": 0, "crosswalk_count": 4, "hin_count": 0, "crash_count": 28, "injury_crash_count": 10, "severe_crash_count": 0, "vru_crash_count": 2, "fatalities": 0, "injuries": 12, "coverage_points": 55, "coverage_score_pre_osm": 61.1, "osm_status": "not_assessed", "safety_priority_score": 34.7, "selection_score": 51.9, "crash_window": "2019-2025" }, "geometry": { "type": "Point", "coordinates": [ -80.010506736329631, 40.448304405040624, 855802527.0 ] } },
{ "type": "Feature", "properties": { "candidate_id": "signal_1414281445", "name": "TSF58", "operation_type": "", "flash_time": "", "flash_yellow": "", "id": 1414281445, "description": "Langley Elementary School", "traffic_count": 3, "crosswalk_count": 0, "hin_count": 0, "crash_count": 15, "injury_crash_count": 6, "severe_crash_count": 0, "vru_crash_count": 2, "fatalities": 0, "injuries": 7, "coverage_points": 60, "coverage_score_pre_osm": 66.7, "osm_status": "not_assessed", "safety_priority_score": 24.0, "selection_score": 51.8, "crash_window": "2019-2025" }, "geometry": { "type": "Point", "coordinates": [ -80.055395637315385, 40.454329214659353, 1414281445.0 ] } },
{ "type": "Feature", "properties": { "candidate_id": "signal_641680212", "name": "TS179", "operation_type": "Semi Actuated", "flash_time": "24 Hr stop and go", "flash_yellow": "BUTLER ST", "id": 641680212, "description": "Butler St - 57th St", "traffic_count": 0, "crosswalk_count": 3, "hin_count": 1, "crash_count": 16, "injury_crash_count": 4, "severe_crash_count": 1, "vru_crash_count": 0, "fatalities": 0, "injuries": 4, "coverage_points": 55, "coverage_score_pre_osm": 61.1, "osm_status": "not_assessed", "safety_priority_score": 34.5, "selection_score": 51.8, "crash_window": "2019-2025" }, "geometry": { "type": "Point", "coordinates": [ -79.946301573791899, 40.485166207365701, 641680212.0 ] } },
{ "type": "Feature", "properties": { "candidate_id": "signal_1992239442", "name": "TS56", "operation_type": "Fixed", "flash_time": "24 Hr Stop & Go", "flash_yellow": "CENTRE AVE", "id": 1992239442, "description": "AUDITORIUM  CENTRE  MARIO_LEMIEUX", "traffic_count": 0, "crosswalk_count": 5, "hin_count": 1, "crash_count": 6, "injury_crash_count": 3, "severe_crash_count": 1, "vru_crash_count": 2, "fatalities": 0, "injuries": 3, "coverage_points": 55, "coverage_score_pre_osm": 61.1, "osm_status": "not_assessed", "safety_priority_score": 34.3, "selection_score": 51.7, "crash_window": "2019-2025" }, "geometry": { "type": "Point", "coordinates": [ -79.989288162707879, 40.440494644672306, 1992239442.0 ] } },
{ "type": "Feature", "properties": { "candidate_id": "signal_371609836", "name": "TS689", "operation_type": "Fully Actuated", "flash_time": "24 Hr stop and go", "flash_yellow": "CENTRE AVE", "id": 371609836, "description": "Centre Ave -Fullerton St", "traffic_count": 0, "crosswalk_count": 5, "hin_count": 1, "crash_count": 6, "injury_crash_count": 3, "severe_crash_count": 1, "vru_crash_count": 2, "fatalities": 0, "injuries": 3, "coverage_points": 55, "coverage_score_pre_osm": 61.1, "osm_status": "not_assessed", "safety_priority_score": 34.3, "selection_score": 51.7, "crash_window": "2019-2025" }, "geometry": { "type": "Point", "coordinates": [ -79.988424367083411, 40.440547861346694, 371609836.0 ] } },
{ "type": "Feature", "properties": { "candidate_id": "signal_1555867661", "name": "TS712", "operation_type": "Fully Actuated", "flash_time": "24 Hr stop and go", "flash_yellow": "CENTRE AVE", "id": 1555867661, "description": "Centre Ave - Logan St", "traffic_count": 0, "crosswalk_count": 5, "hin_count": 1, "crash_count": 6, "injury_crash_count": 3, "severe_crash_count": 1, "vru_crash_count": 2, "fatalities": 0, "injuries": 3, "coverage_points": 55, "coverage_score_pre_osm": 61.1, "osm_status": "not_assessed", "safety_priority_score": 34.3, "selection_score": 51.7, "crash_window": "2019-2025" }, "geometry": { "type": "Point", "coordinates": [ -79.989279712354232, 40.440543512117515, 1555867661.0 ] } },
{ "type": "Feature", "properties": { "candidate_id": "signal_1535156430", "name": "TS210", "operation_type": "Fixed", "flash_time": "00:00 - 06:00", "flash_yellow": "CENTRE AVE", "id": 1535156430, "description": "Centre Ave - Francis St", "traffic_count": 0, "crosswalk_count": 3, "hin_count": 1, "crash_count": 19, "injury_crash_count": 9, "severe_crash_count": 0, "vru_crash_count": 0, "fatalities": 0, "injuries": 11, "coverage_points": 55, "coverage_score_pre_osm": 61.1, "osm_status": "not_assessed", "safety_priority_score": 34.1, "selection_score": 51.6, "crash_window": "2019-2025" }, "geometry": { "type": "Point", "coordinates": [ -79.967487854228452, 40.447112400774316, 1535156430.0 ] } },
{ "type": "Feature", "properties": { "candidate_id": "signal_1626189126", "name": "TS100", "operation_type": "Semi Actuated", "flash_time": "24 Hr stop and go", "flash_yellow": "", "id": 1626189126, "description": "Beeler St - Forbes Ave", "traffic_count": 0, "crosswalk_count": 3, "hin_count": 1, "crash_count": 11, "injury_crash_count": 3, "severe_crash_count": 1, "vru_crash_count": 1, "fatalities": 0, "injuries": 4, "coverage_points": 55, "coverage_score_pre_osm": 61.1, "osm_status": "not_assessed", "safety_priority_score": 33.8, "selection_score": 51.5, "crash_window": "2019-2025" }, "geometry": { "type": "Point", "coordinates": [ -79.938798935717926, 40.443889608622648, 1626189126.0 ] } },
{ "type": "Feature", "properties": { "candidate_id": "signal_2117538567", "name": "TS455", "operation_type": "Semi Actuated", "flash_time": "24 Hr stop and go", "flash_yellow": "PERRYSVILLE AVE", "id": 2117538567, "description": "Marshall Ave - Perrysville Ave", "traffic_count": 0, "crosswalk_count": 4, "hin_count": 1, "crash_count": 12, "injury_crash_count": 5, "severe_crash_count": 1, "vru_crash_count": 0, "fatalities": 0, "injuries": 6, "coverage_points": 55, "coverage_score_pre_osm": 61.1, "osm_status": "not_assessed", "safety_priority_score": 33.7, "selection_score": 51.5, "crash_window": "2019-2025" }, "geometry": { "type": "Point", "coordinates": [ -80.011252004740484, 40.474957880461503, 2117538567.0 ] } },
{ "type": "Feature", "properties": { "candidate_id": "signal_2058810229", "name": "TS238", "operation_type": "Fully Actuated", "flash_time": "24 Hr stop and go", "flash_yellow": "", "id": 2058810229, "description": "Commons - East Ohio St", "traffic_count": 0, "crosswalk_count": 3, "hin_count": 0, "crash_count": 12, "injury_crash_count": 7, "severe_crash_count": 1, "vru_crash_count": 3, "fatalities": 0, "injuries": 9, "coverage_points": 55, "coverage_score_pre_osm": 61.1, "osm_status": "not_assessed", "safety_priority_score": 33.3, "selection_score": 51.4, "crash_window": "2019-2025" }, "geometry": { "type": "Point", "coordinates": [ -80.003678986808126, 40.452971380107861, 2058810229.0 ] } },
{ "type": "Feature", "properties": { "candidate_id": "signal_781685585", "name": "TS544", "operation_type": "Fixed / Ped Actuated", "flash_time": "24 Hr stop and go", "flash_yellow": "", "id": 781685585, "description": "Allegheny Ave - North Shore Dr", "traffic_count": 0, "crosswalk_count": 3, "hin_count": 0, "crash_count": 23, "injury_crash_count": 8, "severe_crash_count": 1, "vru_crash_count": 0, "fatalities": 0, "injuries": 11, "coverage_points": 55, "coverage_score_pre_osm": 61.1, "osm_status": "not_assessed", "safety_priority_score": 33.2, "selection_score": 51.3, "crash_window": "2019-2025" }, "geometry": { "type": "Point", "coordinates": [ -80.017466176176868, 40.446807737207521, 781685585.0 ] } },
{ "type": "Feature", "properties": { "candidate_id": "signal_81814505", "name": "TS711", "operation_type": "Fully Actuated", "flash_time": "24 Hr stop and go", "flash_yellow": "BEDFORD AVE", "id": 81814505, "description": "Bedford Ave - Logan St", "traffic_count": 0, "crosswalk_count": 3, "hin_count": 0, "crash_count": 48, "injury_crash_count": 8, "severe_crash_count": 0, "vru_crash_count": 0, "fatalities": 0, "injuries": 9, "coverage_points": 55, "coverage_score_pre_osm": 61.1, "osm_status": "not_assessed", "safety_priority_score": 33.1, "selection_score": 51.3, "crash_window": "2019-2025" }, "geometry": { "type": "Point", "coordinates": [ -79.99088288039539, 40.442817789748027, 81814505.0 ] } },
{ "type": "Feature", "properties": { "candidate_id": "signal_1547702695", "name": "TS13", "operation_type": "Fixed", "flash_time": "23:00 - 6:00", "flash_yellow": "", "id": 1547702695, "description": "Allegheny Ave - North Ave", "traffic_count": 0, "crosswalk_count": 4, "hin_count": 2, "crash_count": 10, "injury_crash_count": 6, "severe_crash_count": 0, "vru_crash_count": 3, "fatalities": 0, "injuries": 6, "coverage_points": 55, "coverage_score_pre_osm": 61.1, "osm_status": "not_assessed", "safety_priority_score": 33.0, "selection_score": 51.3, "crash_window": "2019-2025" }, "geometry": { "type": "Point", "coordinates": [ -80.019432643580188, 40.453110191089834, 1547702695.0 ] } },
{ "type": "Feature", "properties": { "candidate_id": "signal_2034252664", "name": "TS382", "operation_type": "Fixed", "flash_time": "23:00 - 06:00", "flash_yellow": "SECOND AVE", "id": 2034252664, "description": "Glenwood Ave - Second Ave", "traffic_count": 0, "crosswalk_count": 5, "hin_count": 1, "crash_count": 13, "injury_crash_count": 6, "severe_crash_count": 0, "vru_crash_count": 2, "fatalities": 0, "injuries": 7, "coverage_points": 55, "coverage_score_pre_osm": 61.1, "osm_status": "not_assessed", "safety_priority_score": 33.0, "selection_score": 51.3, "crash_window": "2019-2025" }, "geometry": { "type": "Point", "coordinates": [ -79.939415103646041, 40.401016090560873, 2034252664.0 ] } },
{ "type": "Feature", "properties": { "candidate_id": "signal_1294005697", "name": "TS55", "operation_type": "Fully Actuated", "flash_time": "24 Hr Stop & Go", "flash_yellow": "BEDFORD AVE", "id": 1294005697, "description": "Auditorium- Retired", "traffic_count": 0, "crosswalk_count": 3, "hin_count": 0, "crash_count": 46, "injury_crash_count": 8, "severe_crash_count": 0, "vru_crash_count": 0, "fatalities": 0, "injuries": 9, "coverage_points": 55, "coverage_score_pre_osm": 61.1, "osm_status": "not_assessed", "safety_priority_score": 32.7, "selection_score": 51.2, "crash_window": "2019-2025" }, "geometry": { "type": "Point", "coordinates": [ -79.990977256045838, 40.442806711243996, 1294005697.0 ] } },
{ "type": "Feature", "properties": { "candidate_id": "signal_1642344328", "name": "TS599", "operation_type": "Fully Actuated", "flash_time": "22:00 - 09:00", "flash_yellow": "FREEPORT RD", "id": 1642344328, "description": "Freeport Rd - Waterworks II", "traffic_count": 0, "crosswalk_count": 3, "hin_count": 1, "crash_count": 17, "injury_crash_count": 6, "severe_crash_count": 0, "vru_crash_count": 1, "fatalities": 0, "injuries": 8, "coverage_points": 55, "coverage_score_pre_osm": 61.1, "osm_status": "not_assessed", "safety_priority_score": 32.6, "selection_score": 51.1, "crash_window": "2019-2025" }, "geometry": { "type": "Point", "coordinates": [ -79.892345675357291, 40.486731392764945, 1642344328.0 ] } },
{ "type": "Feature", "properties": { "candidate_id": "signal_413526654", "name": "TS620", "operation_type": "Fully Actuated", "flash_time": "24 Hr stop and go", "flash_yellow": "FREEPORT RD", "id": 413526654, "description": "Freeport Rd - St Margaret Dr - Waterworks III", "traffic_count": 0, "crosswalk_count": 3, "hin_count": 1, "crash_count": 18, "injury_crash_count": 8, "severe_crash_count": 0, "vru_crash_count": 0, "fatalities": 0, "injuries": 10, "coverage_points": 55, "coverage_score_pre_osm": 61.1, "osm_status": "not_assessed", "safety_priority_score": 32.4, "selection_score": 51.1, "crash_window": "2019-2025" }, "geometry": { "type": "Point", "coordinates": [ -79.89544603134317, 40.487225819010646, 413526654.0 ] } },
{ "type": "Feature", "properties": { "candidate_id": "signal_471412582", "name": "TSF21", "operation_type": "", "flash_time": "", "flash_yellow": "", "id": 471412582, "description": "Liberty Elementary School", "traffic_count": 1, "crosswalk_count": 0, "hin_count": 0, "crash_count": 18, "injury_crash_count": 5, "severe_crash_count": 0, "vru_crash_count": 1, "fatalities": 0, "injuries": 7, "coverage_points": 60, "coverage_score_pre_osm": 66.7, "osm_status": "not_assessed", "safety_priority_score": 21.8, "selection_score": 51.0, "crash_window": "2019-2025" }, "geometry": { "type": "Point", "coordinates": [ -79.933490523904439, 40.453233855661679, 471412582.0 ] } },
{ "type": "Feature", "properties": { "candidate_id": "signal_713723195", "name": "TS480", "operation_type": "Fully Actuated", "flash_time": "24 Hr stop and go", "flash_yellow": "NOBLESTOWN RD", "id": 713723195, "description": "Noblestown Rd - Poplar St", "traffic_count": 0, "crosswalk_count": 4, "hin_count": 1, "crash_count": 19, "injury_crash_count": 5, "severe_crash_count": 0, "vru_crash_count": 1, "fatalities": 0, "injuries": 5, "coverage_points": 55, "coverage_score_pre_osm": 61.1, "osm_status": "not_assessed", "safety_priority_score": 32.3, "selection_score": 51.0, "crash_window": "2019-2025" }, "geometry": { "type": "Point", "coordinates": [ -80.053776482406221, 40.427946205804282, 713723195.0 ] } },
{ "type": "Feature", "properties": { "candidate_id": "signal_1273941664", "name": "TS148", "operation_type": "Fixed", "flash_time": "24 Hr stop and go", "flash_yellow": "BRIGHTON RD", "id": 1273941664, "description": "Brighton Rd - Termon Ave", "traffic_count": 0, "crosswalk_count": 4, "hin_count": 0, "crash_count": 30, "injury_crash_count": 9, "severe_crash_count": 0, "vru_crash_count": 1, "fatalities": 0, "injuries": 12, "coverage_points": 55, "coverage_score_pre_osm": 61.1, "osm_status": "not_assessed", "safety_priority_score": 31.9, "selection_score": 50.9, "crash_window": "2019-2025" }, "geometry": { "type": "Point", "coordinates": [ -80.035424228138424, 40.483060688703368, 1273941664.0 ] } },
{ "type": "Feature", "properties": { "candidate_id": "signal_2102768392", "name": "TS402", "operation_type": "Fixed", "flash_time": "24 Hr stop and go", "flash_yellow": "S HIGHLAND AVE", "id": 2102768392, "description": "Highland Ave - Walnut St", "traffic_count": 0, "crosswalk_count": 4, "hin_count": 1, "crash_count": 21, "injury_crash_count": 6, "severe_crash_count": 0, "vru_crash_count": 0, "fatalities": 0, "injuries": 6, "coverage_points": 55, "coverage_score_pre_osm": 61.1, "osm_status": "not_assessed", "safety_priority_score": 31.9, "selection_score": 50.9, "crash_window": "2019-2025" }, "geometry": { "type": "Point", "coordinates": [ -79.92534397972301, 40.454169186333793, 2102768392.0 ] } },
{ "type": "Feature", "properties": { "candidate_id": "signal_1031545114", "name": "TS595", "operation_type": "Fixed", "flash_time": "23:00-6:00", "flash_yellow": "BRIGHTON RD", "id": 1031545114, "description": "Brighton Rd - Pennsylvania Ave", "traffic_count": 0, "crosswalk_count": 4, "hin_count": 1, "crash_count": 11, "injury_crash_count": 6, "severe_crash_count": 0, "vru_crash_count": 2, "fatalities": 0, "injuries": 6, "coverage_points": 55, "coverage_score_pre_osm": 61.1, "osm_status": "not_assessed", "safety_priority_score": 31.9, "selection_score": 50.9, "crash_window": "2019-2025" }, "geometry": { "type": "Point", "coordinates": [ -80.015351391081083, 40.456103906498797, 1031545114.0 ] } },
{ "type": "Feature", "properties": { "candidate_id": "signal_286021892", "name": "TS714", "operation_type": "Fully Actuated", "flash_time": "Stop and Go 24/7", "flash_yellow": "", "id": 286021892, "description": "Forbes Ave - Tepper Driveway", "traffic_count": 0, "crosswalk_count": 1, "hin_count": 1, "crash_count": 6, "injury_crash_count": 5, "severe_crash_count": 0, "vru_crash_count": 4, "fatalities": 0, "injuries": 6, "coverage_points": 55, "coverage_score_pre_osm": 61.1, "osm_status": "not_assessed", "safety_priority_score": 31.5, "selection_score": 50.7, "crash_window": "2019-2025" }, "geometry": { "type": "Point", "coordinates": [ -79.946394628026383, 40.444582526630157, 286021892.0 ] } },
{ "type": "Feature", "properties": { "candidate_id": "signal_1736769202", "name": "TS579", "operation_type": "Fully Actuated", "flash_time": "24 Hr stop and go", "flash_yellow": "BRIGHTON RD", "id": 1736769202, "description": "Benton Ave - California Ave", "traffic_count": 0, "crosswalk_count": 3, "hin_count": 1, "crash_count": 20, "injury_crash_count": 6, "severe_crash_count": 0, "vru_crash_count": 0, "fatalities": 0, "injuries": 6, "coverage_points": 55, "coverage_score_pre_osm": 61.1, "osm_status": "not_assessed", "safety_priority_score": 31.3, "selection_score": 50.7, "crash_window": "2019-2025" }, "geometry": { "type": "Point", "coordinates": [ -80.040482094878456, 40.484393025126323, 1736769202.0 ] } },
{ "type": "Feature", "properties": { "candidate_id": "signal_1846795534", "name": "TS328", "operation_type": "Fixed", "flash_time": "24 Hr stop and go", "flash_yellow": "FORBES AVE", "id": 1846795534, "description": "Forbes Ave - Margaret Morrison St", "traffic_count": 0, "crosswalk_count": 2, "hin_count": 1, "crash_count": 4, "injury_crash_count": 3, "severe_crash_count": 1, "vru_crash_count": 1, "fatalities": 0, "injuries": 4, "coverage_points": 55, "coverage_score_pre_osm": 61.1, "osm_status": "not_assessed", "safety_priority_score": 31.1, "selection_score": 50.6, "crash_window": "2019-2025" }, "geometry": { "type": "Point", "coordinates": [ -79.937607608852744, 40.442672849762126, 1846795534.0 ] } },
{ "type": "Feature", "properties": { "candidate_id": "signal_855635976", "name": "TSF67", "operation_type": "", "flash_time": "", "flash_yellow": "", "id": 855635976, "description": "Roosevelt Elementary (St. Basil) School", "traffic_count": 0, "crosswalk_count": 1, "hin_count": 1, "crash_count": 41, "injury_crash_count": 14, "severe_crash_count": 1, "vru_crash_count": 3, "fatalities": 0, "injuries": 16, "coverage_points": 40, "coverage_score_pre_osm": 44.4, "osm_status": "not_assessed", "safety_priority_score": 62.1, "selection_score": 50.6, "crash_window": "2019-2025" }, "geometry": { "type": "Point", "coordinates": [ -79.987754104405525, 40.397686394726371, 855635976.0 ] } },
{ "type": "Feature", "properties": { "candidate_id": "signal_770003264", "name": "TS89", "operation_type": "Fixed", "flash_time": "00:00 - 07:00", "flash_yellow": "BEDFORD AVE", "id": 770003264, "description": "Bedford Ave - Crawford St", "traffic_count": 0, "crosswalk_count": 1, "hin_count": 1, "crash_count": 14, "injury_crash_count": 4, "severe_crash_count": 0, "vru_crash_count": 2, "fatalities": 0, "injuries": 4, "coverage_points": 55, "coverage_score_pre_osm": 61.1, "osm_status": "not_assessed", "safety_priority_score": 30.9, "selection_score": 50.5, "crash_window": "2019-2025" }, "geometry": { "type": "Point", "coordinates": [ -79.988139326253844, 40.44405809902333, 770003264.0 ] } },
{ "type": "Feature", "properties": { "candidate_id": "signal_1038462210", "name": "TS106", "operation_type": "Fixed", "flash_time": "24 Hr stop and go", "flash_yellow": "BENNETT ST", "id": 1038462210, "description": "Bennett St - Brushton Ave", "traffic_count": 0, "crosswalk_count": 0, "hin_count": 1, "crash_count": 78, "injury_crash_count": 38, "severe_crash_count": 0, "vru_crash_count": 0, "fatalities": 0, "injuries": 59, "coverage_points": 40, "coverage_score_pre_osm": 44.4, "osm_status": "not_assessed", "safety_priority_score": 61.8, "selection_score": 50.5, "crash_window": "2019-2025" }, "geometry": { "type": "Point", "coordinates": [ -79.888461296639036, 40.454605609171793, 1038462210.0 ] } },
{ "type": "Feature", "properties": { "candidate_id": "signal_1301885130", "name": "TSF42", "operation_type": "", "flash_time": "", "flash_yellow": "", "id": 1301885130, "description": "Westwood School", "traffic_count": 1, "crosswalk_count": 0, "hin_count": 0, "crash_count": 6, "injury_crash_count": 1, "severe_crash_count": 1, "vru_crash_count": 1, "fatalities": 0, "injuries": 1, "coverage_points": 60, "coverage_score_pre_osm": 66.7, "osm_status": "not_assessed", "safety_priority_score": 20.1, "selection_score": 50.4, "crash_window": "2019-2025" }, "geometry": { "type": "Point", "coordinates": [ -80.051044415920529, 40.431877104039678, 1301885130.0 ] } },
{ "type": "Feature", "properties": { "candidate_id": "signal_60431571", "name": "TS618", "operation_type": "Fixed", "flash_time": "23:00-6:00", "flash_yellow": "ALLEQUIPPA ST", "id": 60431571, "description": "Allequippa St - Darragh St", "traffic_count": 0, "crosswalk_count": 6, "hin_count": 0, "crash_count": 17, "injury_crash_count": 8, "severe_crash_count": 0, "vru_crash_count": 4, "fatalities": 0, "injuries": 18, "coverage_points": 55, "coverage_score_pre_osm": 61.1, "osm_status": "not_assessed", "safety_priority_score": 30.3, "selection_score": 50.3, "crash_window": "2019-2025" }, "geometry": { "type": "Point", "coordinates": [ -79.965182485256918, 40.443263412647973, 60431571.0 ] } },
{ "type": "Feature", "properties": { "candidate_id": "signal_1451226258", "name": "TS608", "operation_type": "Semi Actuated", "flash_time": "24 Hr stop and go", "flash_yellow": "BROWNS HILL RD", "id": 1451226258, "description": "Browns Hill Rd - Wendy's", "traffic_count": 0, "crosswalk_count": 0, "hin_count": 1, "crash_count": 36, "injury_crash_count": 10, "severe_crash_count": 2, "vru_crash_count": 2, "fatalities": 0, "injuries": 15, "coverage_points": 40, "coverage_score_pre_osm": 44.4, "osm_status": "not_assessed", "safety_priority_score": 61.4, "selection_score": 50.3, "crash_window": "2019-2025" }, "geometry": { "type": "Point", "coordinates": [ -79.925779089959832, 40.41653452765874, 1451226258.0 ] } },
{ "type": "Feature", "properties": { "candidate_id": "signal_1499185748", "name": "TS469", "operation_type": "Fixed", "flash_time": "", "flash_yellow": "MURRAY AVE", "id": 1499185748, "description": "Murray Ave - Phillips Ave", "traffic_count": 0, "crosswalk_count": 4, "hin_count": 1, "crash_count": 19, "injury_crash_count": 3, "severe_crash_count": 0, "vru_crash_count": 1, "fatalities": 0, "injuries": 3, "coverage_points": 55, "coverage_score_pre_osm": 61.1, "osm_status": "not_assessed", "safety_priority_score": 30.0, "selection_score": 50.2, "crash_window": "2019-2025" }, "geometry": { "type": "Point", "coordinates": [ -79.92314512668969, 40.432361660176618, 1499185748.0 ] } },
{ "type": "Feature", "properties": { "candidate_id": "signal_2085487046", "name": "TS101", "operation_type": "Fixed", "flash_time": "00:00 - 06:00", "flash_yellow": "", "id": 2085487046, "description": "Beeler St - Wilkins Ave", "traffic_count": 0, "crosswalk_count": 2, "hin_count": 1, "crash_count": 9, "injury_crash_count": 7, "severe_crash_count": 0, "vru_crash_count": 1, "fatalities": 0, "injuries": 8, "coverage_points": 55, "coverage_score_pre_osm": 61.1, "osm_status": "not_assessed", "safety_priority_score": 29.9, "selection_score": 50.2, "crash_window": "2019-2025" }, "geometry": { "type": "Point", "coordinates": [ -79.931220023489828, 40.445636127337053, 2085487046.0 ] } },
{ "type": "Feature", "properties": { "candidate_id": "signal_1641002780", "name": "TS633", "operation_type": "Semi Actuated", "flash_time": "23:00 - 06:00", "flash_yellow": "FORBES AVE", "id": 1641002780, "description": "Forbes Ave - Morewood Gardens", "traffic_count": 0, "crosswalk_count": 1, "hin_count": 1, "crash_count": 5, "injury_crash_count": 4, "severe_crash_count": 0, "vru_crash_count": 4, "fatalities": 0, "injuries": 4, "coverage_points": 55, "coverage_score_pre_osm": 61.1, "osm_status": "not_assessed", "safety_priority_score": 29.9, "selection_score": 50.2, "crash_window": "2019-2025" }, "geometry": { "type": "Point", "coordinates": [ -79.945564712801783, 40.444550100804804, 1641002780.0 ] } },
{ "type": "Feature", "properties": { "candidate_id": "signal_1500771844", "name": "TS172", "operation_type": "Fully Actuated", "flash_time": "24 Hr stop and go", "flash_yellow": "CARSON ST RAMP", "id": 1500771844, "description": "Buncher - Carson St", "traffic_count": 0, "crosswalk_count": 0, "hin_count": 1, "crash_count": 35, "injury_crash_count": 17, "severe_crash_count": 2, "vru_crash_count": 0, "fatalities": 0, "injuries": 29, "coverage_points": 40, "coverage_score_pre_osm": 44.4, "osm_status": "not_assessed", "safety_priority_score": 61.1, "selection_score": 50.2, "crash_window": "2019-2025" }, "geometry": { "type": "Point", "coordinates": [ -80.021430879903534, 40.441676130429663, 1500771844.0 ] } },
{ "type": "Feature", "properties": { "candidate_id": "signal_1540656064", "name": "TS348", "operation_type": "Fixed", "flash_time": "24 hour stop and go", "flash_yellow": "FORT DUQUESNE BLVD", "id": 1540656064, "description": "Fort Duquesne Blvd - 10th St", "traffic_count": 0, "crosswalk_count": 3, "hin_count": 1, "crash_count": 14, "injury_crash_count": 5, "severe_crash_count": 0, "vru_crash_count": 1, "fatalities": 0, "injuries": 14, "coverage_points": 55, "coverage_score_pre_osm": 61.1, "osm_status": "not_assessed", "safety_priority_score": 29.8, "selection_score": 50.1, "crash_window": "2019-2025" }, "geometry": { "type": "Point", "coordinates": [ -79.99653556704996, 40.446442491446916, 1540656064.0 ] } },
{ "type": "Feature", "properties": { "candidate_id": "signal_130520310", "name": "TS606", "operation_type": "Fully Actuated", "flash_time": "00:00 - 06:00", "flash_yellow": "EAST ST", "id": 130520310, "description": "East St - Milroy St", "traffic_count": 0, "crosswalk_count": 2, "hin_count": 0, "crash_count": 29, "injury_crash_count": 10, "severe_crash_count": 0, "vru_crash_count": 0, "fatalities": 0, "injuries": 13, "coverage_points": 55, "coverage_score_pre_osm": 61.1, "osm_status": "not_assessed", "safety_priority_score": 29.6, "selection_score": 50.1, "crash_window": "2019-2025" }, "geometry": { "type": "Point", "coordinates": [ -80.006757896867413, 40.476839861878517, 130520310.0 ] } },
{ "type": "Feature", "properties": { "candidate_id": "signal_1106146604", "name": "TS450", "operation_type": "Fixed", "flash_time": "23:00-6:00", "flash_yellow": "", "id": 1106146604, "description": "Main St - Sanctus St", "traffic_count": 0, "crosswalk_count": 4, "hin_count": 1, "crash_count": 21, "injury_crash_count": 4, "severe_crash_count": 0, "vru_crash_count": 0, "fatalities": 0, "injuries": 4, "coverage_points": 55, "coverage_score_pre_osm": 61.1, "osm_status": "not_assessed", "safety_priority_score": 29.3, "selection_score": 50.0, "crash_window": "2019-2025" }, "geometry": { "type": "Point", "coordinates": [ -80.032910679091401, 40.441621876470286, 1106146604.0 ] } },
{ "type": "Feature", "properties": { "candidate_id": "signal_304144050", "name": "TS675", "operation_type": "Semi Actuated", "flash_time": "24 Hr stop and go", "flash_yellow": "BUTLER ST", "id": 304144050, "description": "Butler St - 55Th St", "traffic_count": 0, "crosswalk_count": 4, "hin_count": 1, "crash_count": 13, "injury_crash_count": 5, "severe_crash_count": 0, "vru_crash_count": 1, "fatalities": 0, "injuries": 5, "coverage_points": 55, "coverage_score_pre_osm": 61.1, "osm_status": "not_assessed", "safety_priority_score": 29.2, "selection_score": 49.9, "crash_window": "2019-2025" }, "geometry": { "type": "Point", "coordinates": [ -79.949910654260535, 40.483598264144447, 304144050.0 ] } },
{ "type": "Feature", "properties": { "candidate_id": "signal_398270442", "name": "TS244", "operation_type": "Fixed", "flash_time": "24 Hr stop and go", "flash_yellow": "", "id": 398270442, "description": "Crafton Blvd - Stratmore St", "traffic_count": 0, "crosswalk_count": 4, "hin_count": 1, "crash_count": 6, "injury_crash_count": 3, "severe_crash_count": 1, "vru_crash_count": 0, "fatalities": 0, "injuries": 3, "coverage_points": 55, "coverage_score_pre_osm": 61.1, "osm_status": "not_assessed", "safety_priority_score": 28.8, "selection_score": 49.8, "crash_window": "2019-2025" }, "geometry": { "type": "Point", "coordinates": [ -80.05586093453897, 40.43777463398429, 398270442.0 ] } },
{ "type": "Feature", "properties": { "candidate_id": "signal_839502071", "name": "TS594", "operation_type": "Fixed", "flash_time": "Stop and Go 24/7", "flash_yellow": "CENTRE AVE", "id": 839502071, "description": "Centre Ave - Reed St", "traffic_count": 0, "crosswalk_count": 2, "hin_count": 1, "crash_count": 18, "injury_crash_count": 5, "severe_crash_count": 0, "vru_crash_count": 0, "fatalities": 0, "injuries": 6, "coverage_points": 55, "coverage_score_pre_osm": 61.1, "osm_status": "not_assessed", "safety_priority_score": 28.8, "selection_score": 49.8, "crash_window": "2019-2025" }, "geometry": { "type": "Point", "coordinates": [ -79.970876469261725, 40.445413028689174, 839502071.0 ] } },
{ "type": "Feature", "properties": { "candidate_id": "signal_1941303135", "name": "TS394", "operation_type": "Fixed", "flash_time": "24 Hr stop and go", "flash_yellow": "SECOND AVE", "id": 1941303135, "description": "Hazelwood Ave - Second Ave", "traffic_count": 0, "crosswalk_count": 4, "hin_count": 1, "crash_count": 15, "injury_crash_count": 6, "severe_crash_count": 0, "vru_crash_count": 0, "fatalities": 0, "injuries": 8, "coverage_points": 55, "coverage_score_pre_osm": 61.1, "osm_status": "not_assessed", "safety_priority_score": 28.6, "selection_score": 49.7, "crash_window": "2019-2025" }, "geometry": { "type": "Point", "coordinates": [ -79.944726433187583, 40.411320460168795, 1941303135.0 ] } },
{ "type": "Feature", "properties": { "candidate_id": "signal_32436915", "name": "TS420", "operation_type": "Fixed", "flash_time": "24 Hr stop and go", "flash_yellow": "LINCOLN AVE", "id": 32436915, "description": "Lemington Ave - Lincoln Ave", "traffic_count": 0, "crosswalk_count": 4, "hin_count": 1, "crash_count": 15, "injury_crash_count": 6, "severe_crash_count": 0, "vru_crash_count": 0, "fatalities": 0, "injuries": 10, "coverage_points": 55, "coverage_score_pre_osm": 61.1, "osm_status": "not_assessed", "safety_priority_score": 28.6, "selection_score": 49.7, "crash_window": "2019-2025" }, "geometry": { "type": "Point", "coordinates": [ -79.896050252930337, 40.468757346485184, 32436915.0 ] } },
{ "type": "Feature", "properties": { "candidate_id": "signal_224760074", "name": "TS641", "operation_type": "Fixed", "flash_time": "24 Hr stop and go", "flash_yellow": "BUTLER ST", "id": 224760074, "description": "Butler St - 56th St", "traffic_count": 0, "crosswalk_count": 4, "hin_count": 1, "crash_count": 12, "injury_crash_count": 5, "severe_crash_count": 0, "vru_crash_count": 1, "fatalities": 0, "injuries": 5, "coverage_points": 55, "coverage_score_pre_osm": 61.1, "osm_status": "not_assessed", "safety_priority_score": 28.6, "selection_score": 49.7, "crash_window": "2019-2025" }, "geometry": { "type": "Point", "coordinates": [ -79.948054191851952, 40.484405777859294, 224760074.0 ] } },
{ "type": "Feature", "properties": { "candidate_id": "signal_227895511", "name": "TS576", "operation_type": "Fixed", "flash_time": "23:00 - 06:00", "flash_yellow": "S MILLVALE AVE", "id": 227895511, "description": "Cypress St - Millvale Ave", "traffic_count": 0, "crosswalk_count": 5, "hin_count": 0, "crash_count": 12, "injury_crash_count": 4, "severe_crash_count": 1, "vru_crash_count": 2, "fatalities": 0, "injuries": 4, "coverage_points": 55, "coverage_score_pre_osm": 61.1, "osm_status": "not_assessed", "safety_priority_score": 27.8, "selection_score": 49.4, "crash_window": "2019-2025" }, "geometry": { "type": "Point", "coordinates": [ -79.947093652963048, 40.458753078858685, 227895511.0 ] } },
{ "type": "Feature", "properties": { "candidate_id": "signal_428762601", "name": "TS327", "operation_type": "Fixed", "flash_time": "00:00 - 06:00", "flash_yellow": "FORBES AVE", "id": 428762601, "description": "Forbes Ave - Magee St", "traffic_count": 0, "crosswalk_count": 7, "hin_count": 1, "crash_count": 14, "injury_crash_count": 3, "severe_crash_count": 0, "vru_crash_count": 1, "fatalities": 0, "injuries": 3, "coverage_points": 55, "coverage_score_pre_osm": 61.1, "osm_status": "not_assessed", "safety_priority_score": 27.4, "selection_score": 49.3, "crash_window": "2019-2025" }, "geometry": { "type": "Point", "coordinates": [ -79.988358196730417, 40.437819170643898, 428762601.0 ] } },
{ "type": "Feature", "properties": { "candidate_id": "signal_1733523558", "name": "TS557", "operation_type": "Fully Actuated", "flash_time": "23:00-6:00", "flash_yellow": "BEAVER AVE", "id": 1733523558, "description": "Beaver Ave - Island Ave", "traffic_count": 0, "crosswalk_count": 0, "hin_count": 0, "crash_count": 41, "injury_crash_count": 12, "severe_crash_count": 6, "vru_crash_count": 1, "fatalities": 6, "injuries": 17, "coverage_points": 40, "coverage_score_pre_osm": 44.4, "osm_status": "not_assessed", "safety_priority_score": 58.3, "selection_score": 49.3, "crash_window": "2019-2025" }, "geometry": { "type": "Point", "coordinates": [ -80.03213430741215, 40.462069602979561, 1733523558.0 ] } },
{ "type": "Feature", "properties": { "candidate_id": "signal_937651403", "name": "TS584", "operation_type": "Fully Actuated", "flash_time": "22:00 - 09:00", "flash_yellow": "FREEPORT RD", "id": 937651403, "description": "Freeport Rd - Waterworks I", "traffic_count": 0, "crosswalk_count": 4, "hin_count": 1, "crash_count": 8, "injury_crash_count": 5, "severe_crash_count": 0, "vru_crash_count": 1, "fatalities": 0, "injuries": 6, "coverage_points": 55, "coverage_score_pre_osm": 61.1, "osm_status": "not_assessed", "safety_priority_score": 27.0, "selection_score": 49.2, "crash_window": "2019-2025" }, "geometry": { "type": "Point", "coordinates": [ -79.886744078441609, 40.486984782639055, 937651403.0 ] } },
{ "type": "Feature", "properties": { "candidate_id": "signal_319241588", "name": "TSF82", "operation_type": "", "flash_time": "", "flash_yellow": "", "id": 319241588, "description": "St Maria Goretti (Immaculate Conception) School", "traffic_count": 0, "crosswalk_count": 3, "hin_count": 0, "crash_count": 32, "injury_crash_count": 15, "severe_crash_count": 2, "vru_crash_count": 5, "fatalities": 0, "injuries": 17, "coverage_points": 40, "coverage_score_pre_osm": 44.4, "osm_status": "not_assessed", "safety_priority_score": 57.8, "selection_score": 49.1, "crash_window": "2019-2025" }, "geometry": { "type": "Point", "coordinates": [ -79.947690803107434, 40.46183378965484, 319241588.0 ] } },
{ "type": "Feature", "properties": { "candidate_id": "signal_1217539679", "name": "TS603", "operation_type": "Fixed", "flash_time": "23:00-6:00", "flash_yellow": "NORTH AVE", "id": 1217539679, "description": "North Ave - Sandusky St", "traffic_count": 0, "crosswalk_count": 2, "hin_count": 1, "crash_count": 10, "injury_crash_count": 4, "severe_crash_count": 0, "vru_crash_count": 1, "fatalities": 0, "injuries": 5, "coverage_points": 55, "coverage_score_pre_osm": 61.1, "osm_status": "not_assessed", "safety_priority_score": 26.4, "selection_score": 49.0, "crash_window": "2019-2025" }, "geometry": { "type": "Point", "coordinates": [ -80.004567832501664, 40.455850867947227, 1217539679.0 ] } },
{ "type": "Feature", "properties": { "candidate_id": "signal_1955949291", "name": "TS719", "operation_type": "Fully Actuated", "flash_time": "", "flash_yellow": "", "id": 1955949291, "description": "Penn Ave - Sally's Path", "traffic_count": 0, "crosswalk_count": 0, "hin_count": 1, "crash_count": 28, "injury_crash_count": 12, "severe_crash_count": 1, "vru_crash_count": 4, "fatalities": 0, "injuries": 18, "coverage_points": 40, "coverage_score_pre_osm": 44.4, "osm_status": "not_assessed", "safety_priority_score": 57.4, "selection_score": 49.0, "crash_window": "2019-2025" }, "geometry": { "type": "Point", "coordinates": [ -79.916231827459555, 40.456634160438647, 1955949291.0 ] } },
{ "type": "Feature", "properties": { "candidate_id": "signal_1623738500", "name": "TS183", "operation_type": "Fixed", "flash_time": "24 Hr stop and go", "flash_yellow": "BUTLER ST", "id": 1623738500, "description": "Butler St - 48th St - Plummer St", "traffic_count": 0, "crosswalk_count": 3, "hin_count": 1, "crash_count": 10, "injury_crash_count": 6, "severe_crash_count": 0, "vru_crash_count": 0, "fatalities": 0, "injuries": 10, "coverage_points": 55, "coverage_score_pre_osm": 61.1, "osm_status": "not_assessed", "safety_priority_score": 26.0, "selection_score": 48.8, "crash_window": "2019-2025" }, "geometry": { "type": "Point", "coordinates": [ -79.957644916193146, 40.475861489030201, 1623738500.0 ] } },
{ "type": "Feature", "properties": { "candidate_id": "signal_1881972314", "name": "TS530", "operation_type": "Fixed", "flash_time": "23:00 - 06:00", "flash_yellow": "VIRGINIA AVE", "id": 1881972314, "description": "Shiloh St - Virginia Ave", "traffic_count": 0, "crosswalk_count": 7, "hin_count": 0, "crash_count": 31, "injury_crash_count": 6, "severe_crash_count": 0, "vru_crash_count": 0, "fatalities": 0, "injuries": 8, "coverage_points": 55, "coverage_score_pre_osm": 61.1, "osm_status": "not_assessed", "safety_priority_score": 26.0, "selection_score": 48.8, "crash_window": "2019-2025" }, "geometry": { "type": "Point", "coordinates": [ -80.007339890187168, 40.429473860211246, 1881972314.0 ] } },
{ "type": "Feature", "properties": { "candidate_id": "signal_1702522643", "name": "TSF117", "operation_type": "", "flash_time": "", "flash_yellow": "", "id": 1702522643, "description": "Ped Crossing - 5862 Forbes Ave", "traffic_count": 0, "crosswalk_count": 1, "hin_count": 1, "crash_count": 29, "injury_crash_count": 11, "severe_crash_count": 1, "vru_crash_count": 4, "fatalities": 0, "injuries": 11, "coverage_points": 40, "coverage_score_pre_osm": 44.4, "osm_status": "not_assessed", "safety_priority_score": 56.9, "selection_score": 48.8, "crash_window": "2019-2025" }, "geometry": { "type": "Point", "coordinates": [ -79.920439605638165, 40.438039931466236, 1702522643.0 ] } },
{ "type": "Feature", "properties": { "candidate_id": "signal_246969556", "name": "TS76", "operation_type": "Fixed", "flash_time": "24 Hr stop and go", "flash_yellow": "", "id": 246969556, "description": "Bayard St - Bigelow Blvd", "traffic_count": 0, "crosswalk_count": 3, "hin_count": 0, "crash_count": 10, "injury_crash_count": 6, "severe_crash_count": 0, "vru_crash_count": 5, "fatalities": 0, "injuries": 6, "coverage_points": 55, "coverage_score_pre_osm": 61.1, "osm_status": "not_assessed", "safety_priority_score": 25.6, "selection_score": 48.7, "crash_window": "2019-2025" }, "geometry": { "type": "Point", "coordinates": [ -79.953751953721692, 40.447624410567286, 246969556.0 ] } },
{ "type": "Feature", "properties": { "candidate_id": "signal_2132586828", "name": "TSF159", "operation_type": "", "flash_time": "", "flash_yellow": "", "id": 2132586828, "description": "RRFB - Carson St - Terminal Way", "traffic_count": 0, "crosswalk_count": 5, "hin_count": 1, "crash_count": 41, "injury_crash_count": 12, "severe_crash_count": 1, "vru_crash_count": 1, "fatalities": 0, "injuries": 15, "coverage_points": 40, "coverage_score_pre_osm": 44.4, "osm_status": "not_assessed", "safety_priority_score": 56.7, "selection_score": 48.7, "crash_window": "2019-2025" }, "geometry": { "type": "Point", "coordinates": [ -79.997064262573815, 40.429435418595446, 2132586828.0 ] } },
{ "type": "Feature", "properties": { "candidate_id": "signal_1591950783", "name": "TS143", "operation_type": "Fixed", "flash_time": "24 Hr stop and go", "flash_yellow": "BRIGHTON RD", "id": 1591950783, "description": "Brighton Rd - Davis Ave", "traffic_count": 0, "crosswalk_count": 4, "hin_count": 0, "crash_count": 15, "injury_crash_count": 5, "severe_crash_count": 1, "vru_crash_count": 0, "fatalities": 0, "injuries": 6, "coverage_points": 55, "coverage_score_pre_osm": 61.1, "osm_status": "not_assessed", "safety_priority_score": 25.3, "selection_score": 48.6, "crash_window": "2019-2025" }, "geometry": { "type": "Point", "coordinates": [ -80.033964446487943, 40.481714953550167, 1591950783.0 ] } },
{ "type": "Feature", "properties": { "candidate_id": "signal_1220314122", "name": "TSF147", "operation_type": "", "flash_time": "", "flash_yellow": "", "id": 1220314122, "description": "RRFB - N Shore Dr", "traffic_count": 0, "crosswalk_count": 4, "hin_count": 0, "crash_count": 60, "injury_crash_count": 24, "severe_crash_count": 0, "vru_crash_count": 5, "fatalities": 0, "injuries": 36, "coverage_points": 40, "coverage_score_pre_osm": 44.4, "osm_status": "not_assessed", "safety_priority_score": 56.3, "selection_score": 48.6, "crash_window": "2019-2025" }, "geometry": { "type": "Point", "coordinates": [ -80.010682265788688, 40.446036505316549, 1220314122.0 ] } },
{ "type": "Feature", "properties": { "candidate_id": "signal_349413014", "name": "TS174", "operation_type": "Fixed", "flash_time": "24 Hr stop and go", "flash_yellow": "BUTLER ST", "id": 349413014, "description": "Butler St - 52nd St", "traffic_count": 0, "crosswalk_count": 4, "hin_count": 1, "crash_count": 13, "injury_crash_count": 1, "severe_crash_count": 0, "vru_crash_count": 1, "fatalities": 0, "injuries": 1, "coverage_points": 55, "coverage_score_pre_osm": 61.1, "osm_status": "not_assessed", "safety_priority_score": 25.1, "selection_score": 48.5, "crash_window": "2019-2025" }, "geometry": { "type": "Point", "coordinates": [ -79.954454983797035, 40.480422347145861, 349413014.0 ] } },
{ "type": "Feature", "properties": { "candidate_id": "signal_1192650330", "name": "TS373", "operation_type": "Fixed", "flash_time": "23:00 - 06:00", "flash_yellow": "FRIENDSHIP AVE", "id": 1192650330, "description": "Friendship Ave - Gross St", "traffic_count": 0, "crosswalk_count": 4, "hin_count": 0, "crash_count": 20, "injury_crash_count": 6, "severe_crash_count": 0, "vru_crash_count": 1, "fatalities": 0, "injuries": 11, "coverage_points": 55, "coverage_score_pre_osm": 61.1, "osm_status": "not_assessed", "safety_priority_score": 24.3, "selection_score": 48.2, "crash_window": "2019-2025" }, "geometry": { "type": "Point", "coordinates": [ -79.944483929832529, 40.462456502141698, 1192650330.0 ] } },
{ "type": "Feature", "properties": { "candidate_id": "signal_696280378", "name": "TS178", "operation_type": "Fixed", "flash_time": "24 Hr stop and go", "flash_yellow": "BUTLER ST", "id": 696280378, "description": "Butler St - 54th St", "traffic_count": 0, "crosswalk_count": 3, "hin_count": 1, "crash_count": 7, "injury_crash_count": 3, "severe_crash_count": 0, "vru_crash_count": 1, "fatalities": 0, "injuries": 3, "coverage_points": 55, "coverage_score_pre_osm": 61.1, "osm_status": "not_assessed", "safety_priority_score": 24.2, "selection_score": 48.2, "crash_window": "2019-2025" }, "geometry": { "type": "Point", "coordinates": [ -79.951216974914388, 40.482863124722144, 696280378.0 ] } },
{ "type": "Feature", "properties": { "candidate_id": "signal_1871687298", "name": "TS413", "operation_type": "Fixed", "flash_time": "24 Hr stop and go", "flash_yellow": "WEBSTER AVE", "id": 1871687298, "description": "Kirkpatrick St - Webster Ave", "traffic_count": 0, "crosswalk_count": 4, "hin_count": 0, "crash_count": 17, "injury_crash_count": 4, "severe_crash_count": 0, "vru_crash_count": 3, "fatalities": 0, "injuries": 4, "coverage_points": 55, "coverage_score_pre_osm": 61.1, "osm_status": "not_assessed", "safety_priority_score": 24.0, "selection_score": 48.1, "crash_window": "2019-2025" }, "geometry": { "type": "Point", "coordinates": [ -79.977903046947517, 40.447348597071681, 1871687298.0 ] } },
{ "type": "Feature", "properties": { "candidate_id": "signal_1511921944", "name": "TS255", "operation_type": "Fixed", "flash_time": "24 Hr stop and go", "flash_yellow": "S DALLAS AVE", "id": 1511921944, "description": "Dallas Ave - Wilkins Ave", "traffic_count": 0, "crosswalk_count": 4, "hin_count": 1, "crash_count": 6, "injury_crash_count": 3, "severe_crash_count": 0, "vru_crash_count": 1, "fatalities": 0, "injuries": 3, "coverage_points": 55, "coverage_score_pre_osm": 61.1, "osm_status": "not_assessed", "safety_priority_score": 23.8, "selection_score": 48.0, "crash_window": "2019-2025" }, "geometry": { "type": "Point", "coordinates": [ -79.911624230475923, 40.446851225354393, 1511921944.0 ] } },
{ "type": "Feature", "properties": { "candidate_id": "signal_1073457786", "name": "TS226", "operation_type": "Fixed", "flash_time": "24 Hr stop and go", "flash_yellow": "LINCOLN AVE", "id": 1073457786, "description": "Chaucer St - Deary St - Lincoln Ave", "traffic_count": 0, "crosswalk_count": 4, "hin_count": 0, "crash_count": 12, "injury_crash_count": 5, "severe_crash_count": 1, "vru_crash_count": 0, "fatalities": 0, "injuries": 6, "coverage_points": 55, "coverage_score_pre_osm": 61.1, "osm_status": "not_assessed", "safety_priority_score": 23.7, "selection_score": 48.0, "crash_window": "2019-2025" }, "geometry": { "type": "Point", "coordinates": [ -79.900758519167127, 40.464214877656374, 1073457786.0 ] } },
{ "type": "Feature", "properties": { "candidate_id": "signal_1831431118", "name": "TS250", "operation_type": "Fixed", "flash_time": "24 Hr stop and go", "flash_yellow": "HAMILTON AVE", "id": 1831431118, "description": "Dallas Ave - Hamilton Ave", "traffic_count": 0, "crosswalk_count": 0, "hin_count": 2, "crash_count": 21, "injury_crash_count": 9, "severe_crash_count": 3, "vru_crash_count": 1, "fatalities": 1, "injuries": 10, "coverage_points": 40, "coverage_score_pre_osm": 44.4, "osm_status": "not_assessed", "safety_priority_score": 54.7, "selection_score": 48.0, "crash_window": "2019-2025" }, "geometry": { "type": "Point", "coordinates": [ -79.904762575391459, 40.456271951718328, 1831431118.0 ] } },
{ "type": "Feature", "properties": { "candidate_id": "signal_1754333894", "name": "TS716", "operation_type": "", "flash_time": "", "flash_yellow": "", "id": 1754333894, "description": "McArdle Sign Control Liberty Bridge", "traffic_count": 0, "crosswalk_count": 0, "hin_count": 1, "crash_count": 235, "injury_crash_count": 81, "severe_crash_count": 5, "vru_crash_count": 0, "fatalities": 1, "injuries": 117, "coverage_points": 25, "coverage_score_pre_osm": 27.8, "osm_status": "not_assessed", "safety_priority_score": 85.6, "selection_score": 48.0, "crash_window": "2019-2025" }, "geometry": { "type": "Point", "coordinates": [ -79.999530422197282, 40.429006983343186, 1754333894.0 ] } },
{ "type": "Feature", "properties": { "candidate_id": "signal_1549420463", "name": "TSF10", "operation_type": "", "flash_time": "", "flash_yellow": "", "id": 1549420463, "description": "FAISON INTERMEDIATE (CLOSED)", "traffic_count": 3, "crosswalk_count": 0, "hin_count": 0, "crash_count": 6, "injury_crash_count": 2, "severe_crash_count": 0, "vru_crash_count": 1, "fatalities": 0, "injuries": 2, "coverage_points": 60, "coverage_score_pre_osm": 66.7, "osm_status": "not_assessed", "safety_priority_score": 12.8, "selection_score": 47.8, "crash_window": "2019-2025" }, "geometry": { "type": "Point", "coordinates": [ -79.894274847883764, 40.452509414872836, 1549420463.0 ] } },
{ "type": "Feature", "properties": { "candidate_id": "signal_411157707", "name": "TS8", "operation_type": "Fixed", "flash_time": "24 Hr stop and go", "flash_yellow": "", "id": 411157707, "description": "Alder St - Highland Ave", "traffic_count": 0, "crosswalk_count": 5, "hin_count": 1, "crash_count": 12, "injury_crash_count": 3, "severe_crash_count": 0, "vru_crash_count": 0, "fatalities": 0, "injuries": 3, "coverage_points": 55, "coverage_score_pre_osm": 61.1, "osm_status": "not_assessed", "safety_priority_score": 23.2, "selection_score": 47.8, "crash_window": "2019-2025" }, "geometry": { "type": "Point", "coordinates": [ -79.925201507817263, 40.457386282277859, 411157707.0 ] } },
{ "type": "Feature", "properties": { "candidate_id": "signal_637196195", "name": "TSF89", "operation_type": "", "flash_time": "", "flash_yellow": "", "id": 637196195, "description": "ST.JOHN NEUMAN ELEM (CLOSED)", "traffic_count": 0, "crosswalk_count": 1, "hin_count": 0, "crash_count": 33, "injury_crash_count": 9, "severe_crash_count": 2, "vru_crash_count": 6, "fatalities": 0, "injuries": 9, "coverage_points": 40, "coverage_score_pre_osm": 44.4, "osm_status": "not_assessed", "safety_priority_score": 54.0, "selection_score": 47.8, "crash_window": "2019-2025" }, "geometry": { "type": "Point", "coordinates": [ -79.958974436174898, 40.470279566545713, 637196195.0 ] } },
{ "type": "Feature", "properties": { "candidate_id": "signal_1792590032", "name": "TS464", "operation_type": "Fixed", "flash_time": "23:00-6:00", "flash_yellow": "NORTH AVE", "id": 1792590032, "description": "Monterey St - North Ave", "traffic_count": 0, "crosswalk_count": 2, "hin_count": 1, "crash_count": 8, "injury_crash_count": 4, "severe_crash_count": 0, "vru_crash_count": 0, "fatalities": 0, "injuries": 5, "coverage_points": 55, "coverage_score_pre_osm": 61.1, "osm_status": "not_assessed", "safety_priority_score": 22.7, "selection_score": 47.7, "crash_window": "2019-2025" }, "geometry": { "type": "Point", "coordinates": [ -80.012611985808675, 40.454342015083313, 1792590032.0 ] } },
{ "type": "Feature", "properties": { "candidate_id": "signal_869914145", "name": "TS663", "operation_type": "Fully Actuated", "flash_time": "24 Hr stop and go", "flash_yellow": "", "id": 869914145, "description": "SchenleyDr - Schenley Dr Ext", "traffic_count": 0, "crosswalk_count": 3, "hin_count": 0, "crash_count": 11, "injury_crash_count": 4, "severe_crash_count": 0, "vru_crash_count": 4, "fatalities": 0, "injuries": 4, "coverage_points": 55, "coverage_score_pre_osm": 61.1, "osm_status": "not_assessed", "safety_priority_score": 22.2, "selection_score": 47.5, "crash_window": "2019-2025" }, "geometry": { "type": "Point", "coordinates": [ -79.951678364466531, 40.442415500002042, 869914145.0 ] } },
{ "type": "Feature", "properties": { "candidate_id": "signal_137537587", "name": "TSF6", "operation_type": "", "flash_time": "", "flash_yellow": "", "id": 137537587, "description": "Carmalt Elementary School", "traffic_count": 1, "crosswalk_count": 0, "hin_count": 0, "crash_count": 3, "injury_crash_count": 2, "severe_crash_count": 0, "vru_crash_count": 1, "fatalities": 0, "injuries": 3, "coverage_points": 60, "coverage_score_pre_osm": 66.7, "osm_status": "not_assessed", "safety_priority_score": 11.7, "selection_score": 47.4, "crash_window": "2019-2025" }, "geometry": { "type": "Point", "coordinates": [ -80.006859126220149, 40.387551871992315, 137537587.0 ] } },
{ "type": "Feature", "properties": { "candidate_id": "signal_1714252530", "name": "TS441", "operation_type": "Fully Actuated", "flash_time": "24 Hr stop and go", "flash_yellow": "LIBRARY RD", "id": 1714252530, "description": "Library Rd - McNeilly Rd", "traffic_count": 0, "crosswalk_count": 0, "hin_count": 1, "crash_count": 32, "injury_crash_count": 15, "severe_crash_count": 1, "vru_crash_count": 0, "fatalities": 0, "injuries": 19, "coverage_points": 40, "coverage_score_pre_osm": 44.4, "osm_status": "not_assessed", "safety_priority_score": 52.9, "selection_score": 47.4, "crash_window": "2019-2025" }, "geometry": { "type": "Point", "coordinates": [ -80.003756742733316, 40.377886763762596, 1714252530.0 ] } },
{ "type": "Feature", "properties": { "candidate_id": "signal_825834781", "name": "TSF149", "operation_type": "", "flash_time": "", "flash_yellow": "", "id": 825834781, "description": "Faison School", "traffic_count": 2, "crosswalk_count": 0, "hin_count": 0, "crash_count": 4, "injury_crash_count": 1, "severe_crash_count": 0, "vru_crash_count": 1, "fatalities": 0, "injuries": 1, "coverage_points": 60, "coverage_score_pre_osm": 66.7, "osm_status": "not_assessed", "safety_priority_score": 11.3, "selection_score": 47.3, "crash_window": "2019-2025" }, "geometry": { "type": "Point", "coordinates": [ -79.894431314964336, 40.452171394975672, 825834781.0 ] } },
{ "type": "Feature", "properties": { "candidate_id": "signal_386492862", "name": "TS569", "operation_type": "Fixed", "flash_time": "24 Hr stop and go", "flash_yellow": "CRANE AVE", "id": 386492862, "description": "Beechview Blvd - Crane Ave - Tropical Ave", "traffic_count": 0, "crosswalk_count": 3, "hin_count": 0, "crash_count": 13, "injury_crash_count": 7, "severe_crash_count": 0, "vru_crash_count": 1, "fatalities": 0, "injuries": 7, "coverage_points": 55, "coverage_score_pre_osm": 61.1, "osm_status": "not_assessed", "safety_priority_score": 21.8, "selection_score": 47.3, "crash_window": "2019-2025" }, "geometry": { "type": "Point", "coordinates": [ -80.025179445828769, 40.417067051870333, 386492862.0 ] } },
{ "type": "Feature", "properties": { "candidate_id": "signal_234207751", "name": "TS674", "operation_type": "Fully Actuated", "flash_time": "", "flash_yellow": "PENN AVE", "id": 234207751, "description": "Bakery Square Blvd - Penn Ave", "traffic_count": 0, "crosswalk_count": 4, "hin_count": 1, "crash_count": 8, "injury_crash_count": 3, "severe_crash_count": 0, "vru_crash_count": 0, "fatalities": 0, "injuries": 4, "coverage_points": 55, "coverage_score_pre_osm": 61.1, "osm_status": "not_assessed", "safety_priority_score": 21.6, "selection_score": 47.3, "crash_window": "2019-2025" }, "geometry": { "type": "Point", "coordinates": [ -79.915455950302871, 40.456141890481454, 234207751.0 ] } },
{ "type": "Feature", "properties": { "candidate_id": "signal_1793262027", "name": "TS187", "operation_type": "Fixed", "flash_time": "24 Hr stop and go", "flash_yellow": "CALIFORNIA AVE", "id": 1793262027, "description": "California Ave - Davis Ave", "traffic_count": 0, "crosswalk_count": 6, "hin_count": 0, "crash_count": 7, "injury_crash_count": 2, "severe_crash_count": 1, "vru_crash_count": 1, "fatalities": 0, "injuries": 3, "coverage_points": 55, "coverage_score_pre_osm": 61.1, "osm_status": "not_assessed", "safety_priority_score": 21.3, "selection_score": 47.2, "crash_window": "2019-2025" }, "geometry": { "type": "Point", "coordinates": [ -80.041082467728927, 40.480075044121641, 1793262027.0 ] } },
{ "type": "Feature", "properties": { "candidate_id": "signal_1435613290", "name": "TSF46", "operation_type": "", "flash_time": "", "flash_yellow": "", "id": 1435613290, "description": "COLUMBUS SCHOOL  [CLOSED]", "traffic_count": 1, "crosswalk_count": 0, "hin_count": 0, "crash_count": 6, "injury_crash_count": 3, "severe_crash_count": 0, "vru_crash_count": 0, "fatalities": 0, "injuries": 3, "coverage_points": 60, "coverage_score_pre_osm": 66.7, "osm_status": "not_assessed", "safety_priority_score": 10.7, "selection_score": 47.1, "crash_window": "2019-2025" }, "geometry": { "type": "Point", "coordinates": [ -80.01586048032064, 40.460056046719906, 1435613290.0 ] } },
{ "type": "Feature", "properties": { "candidate_id": "signal_341538404", "name": "TS481", "operation_type": "Fixed", "flash_time": "23:00-6:00", "flash_yellow": "NORTH AVE", "id": 341538404, "description": "North Ave - Palo Alto St", "traffic_count": 0, "crosswalk_count": 2, "hin_count": 1, "crash_count": 7, "injury_crash_count": 3, "severe_crash_count": 0, "vru_crash_count": 0, "fatalities": 0, "injuries": 3, "coverage_points": 55, "coverage_score_pre_osm": 61.1, "osm_status": "not_assessed", "safety_priority_score": 21.2, "selection_score": 47.1, "crash_window": "2019-2025" }, "geometry": { "type": "Point", "coordinates": [ -80.010598818586999, 40.454725157897492, 341538404.0 ] } },
{ "type": "Feature", "properties": { "candidate_id": "signal_1346726856", "name": "TS645", "operation_type": "Fully Actuated", "flash_time": "24 Hr stop and go", "flash_yellow": "CARSON ST RAMP", "id": 1346726856, "description": "Busway Ramp - Carson St", "traffic_count": 0, "crosswalk_count": 1, "hin_count": 1, "crash_count": 7, "injury_crash_count": 2, "severe_crash_count": 0, "vru_crash_count": 0, "fatalities": 0, "injuries": 2, "coverage_points": 55, "coverage_score_pre_osm": 61.1, "osm_status": "not_assessed", "safety_priority_score": 20.2, "selection_score": 46.8, "crash_window": "2019-2025" }, "geometry": { "type": "Point", "coordinates": [ -80.036737264148201, 40.45076163122927, 1346726856.0 ] } },
{ "type": "Feature", "properties": { "candidate_id": "signal_661451491", "name": "TS408", "operation_type": "Fully Actuated", "flash_time": "24 Hr stop and go", "flash_yellow": "LIBERTY BRG", "id": 661451491, "description": "Horace - Liberty Brg - Ramp B", "traffic_count": 0, "crosswalk_count": 0, "hin_count": 0, "crash_count": 82, "injury_crash_count": 23, "severe_crash_count": 0, "vru_crash_count": 1, "fatalities": 0, "injuries": 33, "coverage_points": 40, "coverage_score_pre_osm": 44.4, "osm_status": "not_assessed", "safety_priority_score": 51.2, "selection_score": 46.8, "crash_window": "2019-2025" }, "geometry": { "type": "Point", "coordinates": [ -79.995780386179092, 40.434319513161839, 661451491.0 ] } },
{ "type": "Feature", "properties": { "candidate_id": "signal_52473521", "name": "TS32", "operation_type": "Fixed", "flash_time": "23:00 - 06:00", "flash_yellow": "", "id": 52473521, "description": "Amberson Ave - Ellsworth Ave", "traffic_count": 0, "crosswalk_count": 4, "hin_count": 1, "crash_count": 6, "injury_crash_count": 2, "severe_crash_count": 0, "vru_crash_count": 0, "fatalities": 0, "injuries": 2, "coverage_points": 55, "coverage_score_pre_osm": 61.1, "osm_status": "not_assessed", "safety_priority_score": 19.8, "selection_score": 46.6, "crash_window": "2019-2025" }, "geometry": { "type": "Point", "coordinates": [ -79.94095149182732, 40.451323936668075, 52473521.0 ] } },
{ "type": "Feature", "properties": { "candidate_id": "signal_203551117", "name": "TS559", "operation_type": "Fixed", "flash_time": "24 Hr stop and go", "flash_yellow": "BROOKLINE BLVD", "id": 203551117, "description": "Brookline Blvd - Merrick Ave - Whited St", "traffic_count": 0, "crosswalk_count": 4, "hin_count": 0, "crash_count": 15, "injury_crash_count": 7, "severe_crash_count": 0, "vru_crash_count": 0, "fatalities": 0, "injuries": 8, "coverage_points": 55, "coverage_score_pre_osm": 61.1, "osm_status": "not_assessed", "safety_priority_score": 19.8, "selection_score": 46.6, "crash_window": "2019-2025" }, "geometry": { "type": "Point", "coordinates": [ -80.013140236967388, 40.392164092275841, 203551117.0 ] } },
{ "type": "Feature", "properties": { "candidate_id": "signal_1307608314", "name": "TS572", "operation_type": "Semi Actuated", "flash_time": "23:00 - 06:00", "flash_yellow": "IRVINE ST", "id": 1307608314, "description": "Irvine St - Mobile St", "traffic_count": 0, "crosswalk_count": 2, "hin_count": 1, "crash_count": 6, "injury_crash_count": 2, "severe_crash_count": 0, "vru_crash_count": 0, "fatalities": 0, "injuries": 2, "coverage_points": 55, "coverage_score_pre_osm": 61.1, "osm_status": "not_assessed", "safety_priority_score": 19.8, "selection_score": 46.6, "crash_window": "2019-2025" }, "geometry": { "type": "Point", "coordinates": [ -79.946733628409277, 40.416025604352377, 1307608314.0 ] } },
{ "type": "Feature", "properties": { "candidate_id": "signal_220477942", "name": "TS602", "operation_type": "Fixed", "flash_time": "", "flash_yellow": "", "id": 220477942, "description": "Lane Control - General Robinson St", "traffic_count": 0, "crosswalk_count": 3, "hin_count": 0, "crash_count": 12, "injury_crash_count": 4, "severe_crash_count": 0, "vru_crash_count": 2, "fatalities": 0, "injuries": 4, "coverage_points": 55, "coverage_score_pre_osm": 61.1, "osm_status": "not_assessed", "safety_priority_score": 19.8, "selection_score": 46.6, "crash_window": "2019-2025" }, "geometry": { "type": "Point", "coordinates": [ -80.013222138109398, 40.446721349923436, 220477942.0 ] } },
{ "type": "Feature", "properties": { "candidate_id": "signal_1849869181", "name": "TS483", "operation_type": "Fixed", "flash_time": "00:00 - 06:00", "flash_yellow": "WIGHTMAN ST", "id": 1849869181, "description": "Northumberland St - Wightman St", "traffic_count": 0, "crosswalk_count": 4, "hin_count": 1, "crash_count": 3, "injury_crash_count": 3, "severe_crash_count": 0, "vru_crash_count": 0, "fatalities": 0, "injuries": 4, "coverage_points": 55, "coverage_score_pre_osm": 61.1, "osm_status": "not_assessed", "safety_priority_score": 19.6, "selection_score": 46.6, "crash_window": "2019-2025" }, "geometry": { "type": "Point", "coordinates": [ -79.927787397295816, 40.440909388555369, 1849869181.0 ] } },
{ "type": "Feature", "properties": { "candidate_id": "signal_307839969", "name": "TS199", "operation_type": "Fully Actuated", "flash_time": "24 Hr stop and go", "flash_yellow": "CARSON ST RAMP", "id": 307839969, "description": "Carson St - Tabor St", "traffic_count": 0, "crosswalk_count": 1, "hin_count": 1, "crash_count": 7, "injury_crash_count": 1, "severe_crash_count": 0, "vru_crash_count": 0, "fatalities": 0, "injuries": 1, "coverage_points": 55, "coverage_score_pre_osm": 61.1, "osm_status": "not_assessed", "safety_priority_score": 19.4, "selection_score": 46.5, "crash_window": "2019-2025" }, "geometry": { "type": "Point", "coordinates": [ -80.051890367508435, 40.462752047073728, 307839969.0 ] } },
{ "type": "Feature", "properties": { "candidate_id": "signal_513879076", "name": "TS601", "operation_type": "Fixed", "flash_time": "", "flash_yellow": "", "id": 513879076, "description": "Lane Control - Liberty Brg", "traffic_count": 0, "crosswalk_count": 0, "hin_count": 0, "crash_count": 87, "injury_crash_count": 27, "severe_crash_count": 0, "vru_crash_count": 0, "fatalities": 0, "injuries": 39, "coverage_points": 40, "coverage_score_pre_osm": 44.4, "osm_status": "not_assessed", "safety_priority_score": 50.1, "selection_score": 46.4, "crash_window": "2019-2025" }, "geometry": { "type": "Point", "coordinates": [ -79.99617587622032, 40.4336510103549, 513879076.0 ] } },
{ "type": "Feature", "properties": { "candidate_id": "signal_1461849415", "name": "TSF113", "operation_type": "", "flash_time": "", "flash_yellow": "", "id": 1461849415, "description": "Schiller School", "traffic_count": 0, "crosswalk_count": 2, "hin_count": 0, "crash_count": 53, "injury_crash_count": 17, "severe_crash_count": 1, "vru_crash_count": 0, "fatalities": 0, "injuries": 23, "coverage_points": 40, "coverage_score_pre_osm": 44.4, "osm_status": "not_assessed", "safety_priority_score": 50.1, "selection_score": 46.4, "crash_window": "2019-2025" }, "geometry": { "type": "Point", "coordinates": [ -79.993123232899919, 40.456433418930004, 1461849415.0 ] } },
{ "type": "Feature", "properties": { "candidate_id": "signal_1779953525", "name": "TSF74", "operation_type": "", "flash_time": "", "flash_yellow": "", "id": 1779953525, "description": "St Edmond's Academy School", "traffic_count": 3, "crosswalk_count": 0, "hin_count": 0, "crash_count": 5, "injury_crash_count": 0, "severe_crash_count": 0, "vru_crash_count": 0, "fatalities": 0, "injuries": 0, "coverage_points": 60, "coverage_score_pre_osm": 66.7, "osm_status": "not_assessed", "safety_priority_score": 8.0, "selection_score": 46.2, "crash_window": "2019-2025" }, "geometry": { "type": "Point", "coordinates": [ -79.924645312315846, 40.437476278987859, 1779953525.0 ] } },
{ "type": "Feature", "properties": { "candidate_id": "signal_841555113", "name": "TS444", "operation_type": "Fixed", "flash_time": "24 Hr stop and go", "flash_yellow": "LINCOLN AVE", "id": 841555113, "description": "Lincoln Ave - Meadow St", "traffic_count": 0, "crosswalk_count": 2, "hin_count": 0, "crash_count": 10, "injury_crash_count": 4, "severe_crash_count": 0, "vru_crash_count": 1, "fatalities": 0, "injuries": 6, "coverage_points": 55, "coverage_score_pre_osm": 61.1, "osm_status": "not_assessed", "safety_priority_score": 16.4, "selection_score": 45.5, "crash_window": "2019-2025" }, "geometry": { "type": "Point", "coordinates": [ -79.90979165696568, 40.461064001048712, 841555113.0 ] } },
{ "type": "Feature", "properties": { "candidate_id": "signal_376420214", "name": "TS624", "operation_type": "Semi Actuated", "flash_time": "", "flash_yellow": "BECKS RUN RD", "id": 376420214, "description": "Becks Run Rd - Wagner St", "traffic_count": 0, "crosswalk_count": 0, "hin_count": 2, "crash_count": 26, "injury_crash_count": 11, "severe_crash_count": 1, "vru_crash_count": 0, "fatalities": 0, "injuries": 18, "coverage_points": 40, "coverage_score_pre_osm": 44.4, "osm_status": "not_assessed", "safety_priority_score": 47.6, "selection_score": 45.5, "crash_window": "2019-2025" }, "geometry": { "type": "Point", "coordinates": [ -79.975895337889483, 40.40438334904163, 376420214.0 ] } },
{ "type": "Feature", "properties": { "candidate_id": "signal_364449727", "name": "TS668", "operation_type": "Semi Actuated", "flash_time": "24 Hr Stop and Go", "flash_yellow": "", "id": 364449727, "description": "Casino Dr - Casino Porte Cochere", "traffic_count": 0, "crosswalk_count": 2, "hin_count": 0, "crash_count": 13, "injury_crash_count": 5, "severe_crash_count": 0, "vru_crash_count": 0, "fatalities": 0, "injuries": 5, "coverage_points": 55, "coverage_score_pre_osm": 61.1, "osm_status": "not_assessed", "safety_priority_score": 16.2, "selection_score": 45.4, "crash_window": "2019-2025" }, "geometry": { "type": "Point", "coordinates": [ -80.020528333554438, 40.446826423104348, 364449727.0 ] } },
{ "type": "Feature", "properties": { "candidate_id": "signal_1367398325", "name": "TSF158", "operation_type": "", "flash_time": "", "flash_yellow": "", "id": 1367398325, "description": "Sycamore St Approach", "traffic_count": 0, "crosswalk_count": 0, "hin_count": 2, "crash_count": 49, "injury_crash_count": 24, "severe_crash_count": 3, "vru_crash_count": 3, "fatalities": 0, "injuries": 35, "coverage_points": 25, "coverage_score_pre_osm": 27.8, "osm_status": "not_assessed", "safety_priority_score": 78.0, "selection_score": 45.4, "crash_window": "2019-2025" }, "geometry": { "type": "Point", "coordinates": [ -80.000615507306037, 40.43024086881131, 1367398325.0 ] } },
{ "type": "Feature", "properties": { "candidate_id": "signal_828937106", "name": "TS123", "operation_type": "Semi Actuated", "flash_time": "24 Hr stop and go", "flash_yellow": "", "id": 828937106, "description": "Bigelow Blvd - O'Hara St - Parkman Ave", "traffic_count": 0, "crosswalk_count": 4, "hin_count": 0, "crash_count": 8, "injury_crash_count": 2, "severe_crash_count": 0, "vru_crash_count": 2, "fatalities": 0, "injuries": 2, "coverage_points": 55, "coverage_score_pre_osm": 61.1, "osm_status": "not_assessed", "safety_priority_score": 16.0, "selection_score": 45.3, "crash_window": "2019-2025" }, "geometry": { "type": "Point", "coordinates": [ -79.956383218452714, 40.44571123239983, 828937106.0 ] } },
{ "type": "Feature", "properties": { "candidate_id": "signal_846208481", "name": "TSF132", "operation_type": "", "flash_time": "", "flash_yellow": "", "id": 846208481, "description": "Ped Crossing - Centre Ave (Hill House)", "traffic_count": 0, "crosswalk_count": 6, "hin_count": 1, "crash_count": 17, "injury_crash_count": 9, "severe_crash_count": 1, "vru_crash_count": 2, "fatalities": 0, "injuries": 10, "coverage_points": 40, "coverage_score_pre_osm": 44.4, "osm_status": "not_assessed", "safety_priority_score": 46.5, "selection_score": 45.1, "crash_window": "2019-2025" }, "geometry": { "type": "Point", "coordinates": [ -79.980692797850864, 40.443363832275892, 846208481.0 ] } },
{ "type": "Feature", "properties": { "candidate_id": "signal_694384663", "name": "TS552", "operation_type": "Fixed", "flash_time": "24 Hr stop and go", "flash_yellow": "FRANKSTOWN AVE", "id": 694384663, "description": "Braddock Ave - Frankstown Ave", "traffic_count": 0, "crosswalk_count": 0, "hin_count": 2, "crash_count": 23, "injury_crash_count": 11, "severe_crash_count": 1, "vru_crash_count": 0, "fatalities": 0, "injuries": 21, "coverage_points": 40, "coverage_score_pre_osm": 44.4, "osm_status": "not_assessed", "safety_priority_score": 46.3, "selection_score": 45.1, "crash_window": "2019-2025" }, "geometry": { "type": "Point", "coordinates": [ -79.890024021627795, 40.455965629046638, 694384663.0 ] } },
{ "type": "Feature", "properties": { "candidate_id": "signal_892191634", "name": "TS361", "operation_type": "Fixed", "flash_time": "00:00 - 06:00", "flash_yellow": "FORWARD AVE", "id": 892191634, "description": "Forward Ave - Tilbury Ave", "traffic_count": 0, "crosswalk_count": 5, "hin_count": 0, "crash_count": 7, "injury_crash_count": 3, "severe_crash_count": 0, "vru_crash_count": 1, "fatalities": 0, "injuries": 4, "coverage_points": 55, "coverage_score_pre_osm": 61.1, "osm_status": "not_assessed", "safety_priority_score": 14.2, "selection_score": 44.7, "crash_window": "2019-2025" }, "geometry": { "type": "Point", "coordinates": [ -79.918517366570313, 40.428449047028977, 892191634.0 ] } },
{ "type": "Feature", "properties": { "candidate_id": "signal_512612257", "name": "TS61", "operation_type": "Semi Actuated", "flash_time": "24 Hr stop and go", "flash_yellow": "BANKSVILLE RD", "id": 512612257, "description": "Banksville Rd - Carnahan Rd - Wenzell Ave", "traffic_count": 0, "crosswalk_count": 0, "hin_count": 1, "crash_count": 32, "injury_crash_count": 15, "severe_crash_count": 0, "vru_crash_count": 0, "fatalities": 0, "injuries": 17, "coverage_points": 40, "coverage_score_pre_osm": 44.4, "osm_status": "not_assessed", "safety_priority_score": 44.8, "selection_score": 44.5, "crash_window": "2019-2025" }, "geometry": { "type": "Point", "coordinates": [ -80.034239790004008, 40.40701534558869, 512612257.0 ] } },
{ "type": "Feature", "properties": { "candidate_id": "signal_717531239", "name": "TS468", "operation_type": "Fixed", "flash_time": "00:00 - 06:00", "flash_yellow": "MURRAY AVE", "id": 717531239, "description": "Murray Ave - Northumberland St", "traffic_count": 0, "crosswalk_count": 4, "hin_count": 0, "crash_count": 5, "injury_crash_count": 3, "severe_crash_count": 0, "vru_crash_count": 1, "fatalities": 0, "injuries": 5, "coverage_points": 55, "coverage_score_pre_osm": 61.1, "osm_status": "not_assessed", "safety_priority_score": 13.4, "selection_score": 44.4, "crash_window": "2019-2025" }, "geometry": { "type": "Point", "coordinates": [ -79.923373848540805, 40.441428036962861, 717531239.0 ] } },
{ "type": "Feature", "properties": { "candidate_id": "signal_2091509998", "name": "TS95", "operation_type": "Fixed", "flash_time": "24 Hr stop and go", "flash_yellow": "BEECHWOOD BLVD", "id": 2091509998, "description": "Beechwood Blvd - Forward Ave", "traffic_count": 0, "crosswalk_count": 4, "hin_count": 0, "crash_count": 9, "injury_crash_count": 4, "severe_crash_count": 0, "vru_crash_count": 0, "fatalities": 0, "injuries": 5, "coverage_points": 55, "coverage_score_pre_osm": 61.1, "osm_status": "not_assessed", "safety_priority_score": 13.0, "selection_score": 44.3, "crash_window": "2019-2025" }, "geometry": { "type": "Point", "coordinates": [ -79.916118275466928, 40.427924290819327, 2091509998.0 ] } },
{ "type": "Feature", "properties": { "candidate_id": "signal_374565342", "name": "TS659", "operation_type": "Fully Actuated", "flash_time": "5:00 to 6:00 , 14:00 to 15:00", "flash_yellow": "E CARSON ST", "id": 374565342, "description": "Carson St - Wabash Tunl Entrance Rd", "traffic_count": 0, "crosswalk_count": 0, "hin_count": 2, "crash_count": 30, "injury_crash_count": 14, "severe_crash_count": 0, "vru_crash_count": 0, "fatalities": 0, "injuries": 24, "coverage_points": 40, "coverage_score_pre_osm": 44.4, "osm_status": "not_assessed", "safety_priority_score": 42.9, "selection_score": 43.9, "crash_window": "2019-2025" }, "geometry": { "type": "Point", "coordinates": [ -80.005094101078569, 40.432846196567219, 374565342.0 ] } },
{ "type": "Feature", "properties": { "candidate_id": "signal_1757953109", "name": "TS236", "operation_type": "Fully Actuated", "flash_time": "24 Hr stop and go", "flash_yellow": "", "id": 1757953109, "description": "Commons - Federal St N", "traffic_count": 0, "crosswalk_count": 3, "hin_count": 0, "crash_count": 4, "injury_crash_count": 1, "severe_crash_count": 0, "vru_crash_count": 1, "fatalities": 0, "injuries": 1, "coverage_points": 55, "coverage_score_pre_osm": 61.1, "osm_status": "not_assessed", "safety_priority_score": 11.3, "selection_score": 43.7, "crash_window": "2019-2025" }, "geometry": { "type": "Point", "coordinates": [ -80.006074100747881, 40.453925666382887, 1757953109.0 ] } },
{ "type": "Feature", "properties": { "candidate_id": "signal_1598724684", "name": "TS149", "operation_type": "Fixed", "flash_time": "23:00-6:00", "flash_yellow": "BRIGHTON RD", "id": 1598724684, "description": "Brighton Rd - Western Ave", "traffic_count": 0, "crosswalk_count": 4, "hin_count": 0, "crash_count": 10, "injury_crash_count": 2, "severe_crash_count": 0, "vru_crash_count": 0, "fatalities": 0, "injuries": 2, "coverage_points": 55, "coverage_score_pre_osm": 61.1, "osm_status": "not_assessed", "safety_priority_score": 11.2, "selection_score": 43.6, "crash_window": "2019-2025" }, "geometry": { "type": "Point", "coordinates": [ -80.014021471235566, 40.452413054519624, 1598724684.0 ] } },
{ "type": "Feature", "properties": { "candidate_id": "signal_1150087908", "name": "TS718", "operation_type": "", "flash_time": "", "flash_yellow": "", "id": 1150087908, "description": "Butler St - 39th St", "traffic_count": 0, "crosswalk_count": 3, "hin_count": 1, "crash_count": 16, "injury_crash_count": 10, "severe_crash_count": 0, "vru_crash_count": 4, "fatalities": 0, "injuries": 10, "coverage_points": 40, "coverage_score_pre_osm": 44.4, "osm_status": "not_assessed", "safety_priority_score": 42.1, "selection_score": 43.6, "crash_window": "2019-2025" }, "geometry": { "type": "Point", "coordinates": [ -79.963717024906387, 40.467553915739202, 1150087908.0 ] } },
{ "type": "Feature", "properties": { "candidate_id": "signal_1253941024", "name": "TS622", "operation_type": "Semi Actuated", "flash_time": "0:00-6:00", "flash_yellow": "RIDGE AVE", "id": 1253941024, "description": "Brighton Rd - Ridge Ave", "traffic_count": 0, "crosswalk_count": 4, "hin_count": 0, "crash_count": 5, "injury_crash_count": 3, "severe_crash_count": 0, "vru_crash_count": 0, "fatalities": 0, "injuries": 3, "coverage_points": 55, "coverage_score_pre_osm": 61.1, "osm_status": "not_assessed", "safety_priority_score": 10.3, "selection_score": 43.3, "crash_window": "2019-2025" }, "geometry": { "type": "Point", "coordinates": [ -80.013416653970211, 40.450604287797802, 1253941024.0 ] } },
{ "type": "Feature", "properties": { "candidate_id": "signal_823311999", "name": "TSF143", "operation_type": "", "flash_time": "", "flash_yellow": "", "id": 823311999, "description": "RRFB - 14th St and Smallman St", "traffic_count": 0, "crosswalk_count": 3, "hin_count": 0, "crash_count": 31, "injury_crash_count": 13, "severe_crash_count": 0, "vru_crash_count": 4, "fatalities": 0, "injuries": 16, "coverage_points": 40, "coverage_score_pre_osm": 44.4, "osm_status": "not_assessed", "safety_priority_score": 41.1, "selection_score": 43.2, "crash_window": "2019-2025" }, "geometry": { "type": "Point", "coordinates": [ -79.990570425678328, 40.447943476274453, 823311999.0 ] } },
{ "type": "Feature", "properties": { "candidate_id": "signal_351322417", "name": "TS652", "operation_type": "Semi Actuated", "flash_time": "12:00 AM to 06:00 AM", "flash_yellow": "MCMONAGLE AVE", "id": 351322417, "description": "McMonagle Ave - Meadowcroft Ave", "traffic_count": 0, "crosswalk_count": 3, "hin_count": 0, "crash_count": 5, "injury_crash_count": 2, "severe_crash_count": 0, "vru_crash_count": 0, "fatalities": 0, "injuries": 2, "coverage_points": 55, "coverage_score_pre_osm": 61.1, "osm_status": "not_assessed", "safety_priority_score": 9.4, "selection_score": 43.0, "crash_window": "2019-2025" }, "geometry": { "type": "Point", "coordinates": [ -80.048405331354957, 40.400924764669007, 351322417.0 ] } },
{ "type": "Feature", "properties": { "candidate_id": "signal_1586208469", "name": "TS269", "operation_type": "Fully Actuated", "flash_time": "24 Hr stop and go", "flash_yellow": "E LIBERTY BLVD", "id": 1586208469, "description": "East Liberty Blvd - Euclid Ave", "traffic_count": 0, "crosswalk_count": 5, "hin_count": 0, "crash_count": 6, "injury_crash_count": 1, "severe_crash_count": 0, "vru_crash_count": 0, "fatalities": 0, "injuries": 1, "coverage_points": 55, "coverage_score_pre_osm": 61.1, "osm_status": "not_assessed", "safety_priority_score": 9.0, "selection_score": 42.9, "crash_window": "2019-2025" }, "geometry": { "type": "Point", "coordinates": [ -79.925319832559012, 40.466710833214307, 1586208469.0 ] } },
{ "type": "Feature", "properties": { "candidate_id": "signal_1243500181", "name": "TSF72", "operation_type": "", "flash_time": "", "flash_yellow": "", "id": 1243500181, "description": "Central Catholic High School", "traffic_count": 0, "crosswalk_count": 0, "hin_count": 1, "crash_count": 29, "injury_crash_count": 15, "severe_crash_count": 3, "vru_crash_count": 7, "fatalities": 0, "injuries": 17, "coverage_points": 25, "coverage_score_pre_osm": 27.8, "osm_status": "not_assessed", "safety_priority_score": 70.7, "selection_score": 42.8, "crash_window": "2019-2025" }, "geometry": { "type": "Point", "coordinates": [ -79.945898851414341, 40.446910568063025, 1243500181.0 ] } },
{ "type": "Feature", "properties": { "candidate_id": "signal_1158337104", "name": "TSF129", "operation_type": "", "flash_time": "", "flash_yellow": "", "id": 1158337104, "description": "Warning - East St Near Madison Ave", "traffic_count": 0, "crosswalk_count": 0, "hin_count": 0, "crash_count": 63, "injury_crash_count": 27, "severe_crash_count": 5, "vru_crash_count": 1, "fatalities": 0, "injuries": 36, "coverage_points": 25, "coverage_score_pre_osm": 27.8, "osm_status": "not_assessed", "safety_priority_score": 70.5, "selection_score": 42.7, "crash_window": "2019-2025" }, "geometry": { "type": "Point", "coordinates": [ -79.998730735194002, 40.459540396198278, 1158337104.0 ] } },
{ "type": "Feature", "properties": { "candidate_id": "signal_9330691", "name": "TS99", "operation_type": "Fixed", "flash_time": "00:00 - 06:00", "flash_yellow": "BEECHWOOD BLVD", "id": 9330691, "description": "Beechwood Blvd - Phillips Ave", "traffic_count": 0, "crosswalk_count": 4, "hin_count": 0, "crash_count": 3, "injury_crash_count": 1, "severe_crash_count": 0, "vru_crash_count": 0, "fatalities": 0, "injuries": 1, "coverage_points": 55, "coverage_score_pre_osm": 61.1, "osm_status": "not_assessed", "safety_priority_score": 7.9, "selection_score": 42.5, "crash_window": "2019-2025" }, "geometry": { "type": "Point", "coordinates": [ -79.915128972522609, 40.432631762097806, 9330691.0 ] } },
{ "type": "Feature", "properties": { "candidate_id": "signal_785791056", "name": "TS651", "operation_type": "Semi Actuated", "flash_time": "24 Hr stop and go", "flash_yellow": "BECKS RUN RD", "id": 785791056, "description": "Agnew Ave - Becks Run Rd", "traffic_count": 0, "crosswalk_count": 0, "hin_count": 1, "crash_count": 20, "injury_crash_count": 10, "severe_crash_count": 0, "vru_crash_count": 1, "fatalities": 0, "injuries": 11, "coverage_points": 40, "coverage_score_pre_osm": 44.4, "osm_status": "not_assessed", "safety_priority_score": 38.8, "selection_score": 42.4, "crash_window": "2019-2025" }, "geometry": { "type": "Point", "coordinates": [ -79.978687648093086, 40.396974120153658, 785791056.0 ] } },
{ "type": "Feature", "properties": { "candidate_id": "signal_557434659", "name": "TSF104", "operation_type": "", "flash_time": "", "flash_yellow": "", "id": 557434659, "description": "ST. STEPHEN [CLOSED]", "traffic_count": 0, "crosswalk_count": 3, "hin_count": 0, "crash_count": 19, "injury_crash_count": 8, "severe_crash_count": 1, "vru_crash_count": 3, "fatalities": 0, "injuries": 9, "coverage_points": 40, "coverage_score_pre_osm": 44.4, "osm_status": "not_assessed", "safety_priority_score": 38.1, "selection_score": 42.2, "crash_window": "2019-2025" }, "geometry": { "type": "Point", "coordinates": [ -79.941860854000623, 40.407105328768189, 557434659.0 ] } },
{ "type": "Feature", "properties": { "candidate_id": "signal_619147172", "name": "TSF116", "operation_type": "", "flash_time": "", "flash_yellow": "", "id": 619147172, "description": "Ped Crossing - 4Th Ave And PPG Place", "traffic_count": 0, "crosswalk_count": 8, "hin_count": 0, "crash_count": 17, "injury_crash_count": 13, "severe_crash_count": 0, "vru_crash_count": 9, "fatalities": 0, "injuries": 14, "coverage_points": 40, "coverage_score_pre_osm": 44.4, "osm_status": "not_assessed", "safety_priority_score": 38.1, "selection_score": 42.2, "crash_window": "2019-2025" }, "geometry": { "type": "Point", "coordinates": [ -80.003033269247879, 40.440037314587258, 619147172.0 ] } },
{ "type": "Feature", "properties": { "candidate_id": "signal_866484208", "name": "TSF92", "operation_type": "", "flash_time": "", "flash_yellow": "", "id": 866484208, "description": "ST. MARY OF THE MOUNT (CLOSED)", "traffic_count": 0, "crosswalk_count": 2, "hin_count": 0, "crash_count": 19, "injury_crash_count": 6, "severe_crash_count": 1, "vru_crash_count": 2, "fatalities": 0, "injuries": 7, "coverage_points": 40, "coverage_score_pre_osm": 44.4, "osm_status": "not_assessed", "safety_priority_score": 34.2, "selection_score": 40.8, "crash_window": "2019-2025" }, "geometry": { "type": "Point", "coordinates": [ -80.01438588737571, 40.4352525028998, 866484208.0 ] } },
{ "type": "Feature", "properties": { "candidate_id": "signal_1374892240", "name": "TSF81", "operation_type": "", "flash_time": "", "flash_yellow": "", "id": 1374892240, "description": "Holy Rosary School (Closed)", "traffic_count": 0, "crosswalk_count": 0, "hin_count": 1, "crash_count": 30, "injury_crash_count": 18, "severe_crash_count": 2, "vru_crash_count": 2, "fatalities": 0, "injuries": 29, "coverage_points": 25, "coverage_score_pre_osm": 27.8, "osm_status": "not_assessed", "safety_priority_score": 64.9, "selection_score": 40.8, "crash_window": "2019-2025" }, "geometry": { "type": "Point", "coordinates": [ -79.898168059523101, 40.455525989051949, 1374892240.0 ] } },
{ "type": "Feature", "properties": { "candidate_id": "signal_1187054101", "name": "TSF130", "operation_type": "", "flash_time": "", "flash_yellow": "", "id": 1187054101, "description": "Warning - Steuben St Near Herschel St", "traffic_count": 0, "crosswalk_count": 1, "hin_count": 1, "crash_count": 17, "injury_crash_count": 9, "severe_crash_count": 0, "vru_crash_count": 0, "fatalities": 0, "injuries": 10, "coverage_points": 40, "coverage_score_pre_osm": 44.4, "osm_status": "not_assessed", "safety_priority_score": 33.0, "selection_score": 40.4, "crash_window": "2019-2025" }, "geometry": { "type": "Point", "coordinates": [ -80.044418135610201, 40.442829446111553, 1187054101.0 ] } },
{ "type": "Feature", "properties": { "candidate_id": "signal_790567418", "name": "TSF28", "operation_type": "", "flash_time": "", "flash_yellow": "", "id": 790567418, "description": "McKelvy Miller African Academy School", "traffic_count": 0, "crosswalk_count": 4, "hin_count": 1, "crash_count": 8, "injury_crash_count": 3, "severe_crash_count": 1, "vru_crash_count": 1, "fatalities": 0, "injuries": 3, "coverage_points": 40, "coverage_score_pre_osm": 44.4, "osm_status": "not_assessed", "safety_priority_score": 32.7, "selection_score": 40.3, "crash_window": "2019-2025" }, "geometry": { "type": "Point", "coordinates": [ -79.98139266585639, 40.447365146216967, 790567418.0 ] } },
{ "type": "Feature", "properties": { "candidate_id": "signal_621278366", "name": "TSF16", "operation_type": "", "flash_time": "", "flash_yellow": "", "id": 621278366, "description": "Fulton School", "traffic_count": 2, "crosswalk_count": 8, "hin_count": 0, "crash_count": 1, "injury_crash_count": 1, "severe_crash_count": 0, "vru_crash_count": 1, "fatalities": 0, "injuries": 1, "coverage_points": 50, "coverage_score_pre_osm": 55.6, "osm_status": "not_assessed", "safety_priority_score": 10.5, "selection_score": 39.8, "crash_window": "2019-2025" }, "geometry": { "type": "Point", "coordinates": [ -79.922108534632201, 40.474980544056379, 621278366.0 ] } },
{ "type": "Feature", "properties": { "candidate_id": "signal_1620088610", "name": "TS625", "operation_type": "Fixed", "flash_time": "", "flash_yellow": "", "id": 1620088610, "description": "Lane Control - Fort Duquesne Brg", "traffic_count": 0, "crosswalk_count": 0, "hin_count": 0, "crash_count": 31, "injury_crash_count": 11, "severe_crash_count": 0, "vru_crash_count": 0, "fatalities": 0, "injuries": 14, "coverage_points": 40, "coverage_score_pre_osm": 44.4, "osm_status": "not_assessed", "safety_priority_score": 31.4, "selection_score": 39.8, "crash_window": "2019-2025" }, "geometry": { "type": "Point", "coordinates": [ -80.012237183519318, 40.448386963593578, 1620088610.0 ] } },
{ "type": "Feature", "properties": { "candidate_id": "signal_2007331390", "name": "TS43", "operation_type": "Fixed", "flash_time": "24 Hr stop and go", "flash_yellow": "BROWNSVILLE RD", "id": 2007331390, "description": "Arlington Ave - Brownsville Rd - S 18th St", "traffic_count": 0, "crosswalk_count": 0, "hin_count": 1, "crash_count": 12, "injury_crash_count": 3, "severe_crash_count": 1, "vru_crash_count": 0, "fatalities": 1, "injuries": 4, "coverage_points": 40, "coverage_score_pre_osm": 44.4, "osm_status": "not_assessed", "safety_priority_score": 31.3, "selection_score": 39.8, "crash_window": "2019-2025" }, "geometry": { "type": "Point", "coordinates": [ -79.986451120992939, 40.417610268074213, 2007331390.0 ] } },
{ "type": "Feature", "properties": { "candidate_id": "signal_930589246", "name": "TSF43", "operation_type": "", "flash_time": "", "flash_yellow": "", "id": 930589246, "description": "Woolslair School", "traffic_count": 0, "crosswalk_count": 6, "hin_count": 0, "crash_count": 24, "injury_crash_count": 9, "severe_crash_count": 0, "vru_crash_count": 1, "fatalities": 0, "injuries": 11, "coverage_points": 40, "coverage_score_pre_osm": 44.4, "osm_status": "not_assessed", "safety_priority_score": 29.8, "selection_score": 39.3, "crash_window": "2019-2025" }, "geometry": { "type": "Point", "coordinates": [ -79.957102743393307, 40.463374836734047, 930589246.0 ] } },
{ "type": "Feature", "properties": { "candidate_id": "signal_378744786", "name": "TSF148", "operation_type": "", "flash_time": "", "flash_yellow": "", "id": 378744786, "description": "Watson Institute School", "traffic_count": 0, "crosswalk_count": 3, "hin_count": 0, "crash_count": 17, "injury_crash_count": 7, "severe_crash_count": 0, "vru_crash_count": 3, "fatalities": 0, "injuries": 7, "coverage_points": 40, "coverage_score_pre_osm": 44.4, "osm_status": "not_assessed", "safety_priority_score": 27.9, "selection_score": 38.6, "crash_window": "2019-2025" }, "geometry": { "type": "Point", "coordinates": [ -79.931783625600758, 40.461147856307711, 378744786.0 ] } },
{ "type": "Feature", "properties": { "candidate_id": "signal_946636336", "name": "TS141", "operation_type": "Fixed", "flash_time": "24 Hr stop and go", "flash_yellow": "INTERBORO AVE", "id": 946636336, "description": "Brierly Ln - Interboro Ave - West Run Rd", "traffic_count": 0, "crosswalk_count": 0, "hin_count": 0, "crash_count": 11, "injury_crash_count": 6, "severe_crash_count": 1, "vru_crash_count": 1, "fatalities": 0, "injuries": 10, "coverage_points": 40, "coverage_score_pre_osm": 44.4, "osm_status": "not_assessed", "safety_priority_score": 27.5, "selection_score": 38.5, "crash_window": "2019-2025" }, "geometry": { "type": "Point", "coordinates": [ -79.909339235744184, 40.376902629525773, 946636336.0 ] } },
{ "type": "Feature", "properties": { "candidate_id": "signal_1537621726", "name": "TSF126", "operation_type": "", "flash_time": "", "flash_yellow": "", "id": 1537621726, "description": "Warning Sign - E Ohio St Near Heinz", "traffic_count": 0, "crosswalk_count": 0, "hin_count": 0, "crash_count": 60, "injury_crash_count": 20, "severe_crash_count": 2, "vru_crash_count": 0, "fatalities": 2, "injuries": 29, "coverage_points": 25, "coverage_score_pre_osm": 27.8, "osm_status": "not_assessed", "safety_priority_score": 58.1, "selection_score": 38.4, "crash_window": "2019-2025" }, "geometry": { "type": "Point", "coordinates": [ -79.991343532879824, 40.456014572039614, 1537621726.0 ] } },
{ "type": "Feature", "properties": { "candidate_id": "signal_4024980", "name": "TS275", "operation_type": "", "flash_time": "", "flash_yellow": "", "id": 4024980, "description": "East Hills Dr - Eastwood Rd - Frankstown Rd", "traffic_count": 0, "crosswalk_count": 3, "hin_count": 1, "crash_count": 13, "injury_crash_count": 3, "severe_crash_count": 0, "vru_crash_count": 1, "fatalities": 0, "injuries": 3, "coverage_points": 40, "coverage_score_pre_osm": 44.4, "osm_status": "not_assessed", "safety_priority_score": 26.8, "selection_score": 38.2, "crash_window": "2019-2025" }, "geometry": { "type": "Point", "coordinates": [ -79.87025561707631, 40.46117001054408, 4024980.0 ] } },
{ "type": "Feature", "properties": { "candidate_id": "signal_218571261", "name": "TS621", "operation_type": "Fully Actuated", "flash_time": "00:00 - 06:00", "flash_yellow": "EAST ST", "id": 218571261, "description": "East St - Mt Pleasant Rd", "traffic_count": 0, "crosswalk_count": 0, "hin_count": 0, "crash_count": 12, "injury_crash_count": 5, "severe_crash_count": 1, "vru_crash_count": 1, "fatalities": 0, "injuries": 8, "coverage_points": 40, "coverage_score_pre_osm": 44.4, "osm_status": "not_assessed", "safety_priority_score": 26.7, "selection_score": 38.2, "crash_window": "2019-2025" }, "geometry": { "type": "Point", "coordinates": [ -80.005979149593401, 40.482366628804733, 218571261.0 ] } },
{ "type": "Feature", "properties": { "candidate_id": "signal_1753336656", "name": "TSF31", "operation_type": "", "flash_time": "", "flash_yellow": "", "id": 1753336656, "description": "John Morrow Elementary School", "traffic_count": 0, "crosswalk_count": 6, "hin_count": 0, "crash_count": 13, "injury_crash_count": 4, "severe_crash_count": 1, "vru_crash_count": 1, "fatalities": 0, "injuries": 5, "coverage_points": 40, "coverage_score_pre_osm": 44.4, "osm_status": "not_assessed", "safety_priority_score": 26.0, "selection_score": 38.0, "crash_window": "2019-2025" }, "geometry": { "type": "Point", "coordinates": [ -80.039793479619306, 40.480122449228553, 1753336656.0 ] } },
{ "type": "Feature", "properties": { "candidate_id": "signal_280729096", "name": "TSF44", "operation_type": "", "flash_time": "", "flash_yellow": "", "id": 280729096, "description": "VANN SCHOOL (CLOSED)", "traffic_count": 0, "crosswalk_count": 3, "hin_count": 0, "crash_count": 13, "injury_crash_count": 7, "severe_crash_count": 0, "vru_crash_count": 3, "fatalities": 0, "injuries": 7, "coverage_points": 40, "coverage_score_pre_osm": 44.4, "osm_status": "not_assessed", "safety_priority_score": 25.8, "selection_score": 37.9, "crash_window": "2019-2025" }, "geometry": { "type": "Point", "coordinates": [ -79.97125023313373, 40.44950378734228, 280729096.0 ] } },
{ "type": "Feature", "properties": { "candidate_id": "signal_1853069543", "name": "TSF79", "operation_type": "", "flash_time": "", "flash_yellow": "", "id": 1853069543, "description": "ST. BENEDICT THE MOOR (Closed)", "traffic_count": 0, "crosswalk_count": 3, "hin_count": 0, "crash_count": 13, "injury_crash_count": 7, "severe_crash_count": 0, "vru_crash_count": 3, "fatalities": 0, "injuries": 7, "coverage_points": 40, "coverage_score_pre_osm": 44.4, "osm_status": "not_assessed", "safety_priority_score": 25.8, "selection_score": 37.9, "crash_window": "2019-2025" }, "geometry": { "type": "Point", "coordinates": [ -79.971247550924744, 40.449518075078672, 1853069543.0 ] } },
{ "type": "Feature", "properties": { "candidate_id": "signal_585819007", "name": "TS664", "operation_type": "Fixed", "flash_time": "", "flash_yellow": "", "id": 585819007, "description": "Lane Control - West End Brg", "traffic_count": 0, "crosswalk_count": 0, "hin_count": 0, "crash_count": 19, "injury_crash_count": 3, "severe_crash_count": 1, "vru_crash_count": 0, "fatalities": 1, "injuries": 4, "coverage_points": 40, "coverage_score_pre_osm": 44.4, "osm_status": "not_assessed", "safety_priority_score": 25.0, "selection_score": 37.6, "crash_window": "2019-2025" }, "geometry": { "type": "Point", "coordinates": [ -80.027184043122645, 40.446016429044057, 585819007.0 ] } },
{ "type": "Feature", "properties": { "candidate_id": "signal_1725740244", "name": "TSF61", "operation_type": "", "flash_time": "", "flash_yellow": "", "id": 1725740244, "description": "Perry High School", "traffic_count": 0, "crosswalk_count": 5, "hin_count": 0, "crash_count": 9, "injury_crash_count": 4, "severe_crash_count": 1, "vru_crash_count": 1, "fatalities": 0, "injuries": 6, "coverage_points": 40, "coverage_score_pre_osm": 44.4, "osm_status": "not_assessed", "safety_priority_score": 24.1, "selection_score": 37.3, "crash_window": "2019-2025" }, "geometry": { "type": "Point", "coordinates": [ -80.01896763336832, 40.489138495985586, 1725740244.0 ] } },
{ "type": "Feature", "properties": { "candidate_id": "signal_1496727504", "name": "TS715", "operation_type": "", "flash_time": "Stop and Go 24/7", "flash_yellow": "", "id": 1496727504, "description": "Forbes Ave  - Cyert Hall", "traffic_count": 0, "crosswalk_count": 0, "hin_count": 1, "crash_count": 15, "injury_crash_count": 13, "severe_crash_count": 1, "vru_crash_count": 6, "fatalities": 0, "injuries": 13, "coverage_points": 25, "coverage_score_pre_osm": 27.8, "osm_status": "not_assessed", "safety_priority_score": 53.8, "selection_score": 36.9, "crash_window": "2019-2025" }, "geometry": { "type": "Point", "coordinates": [ -79.944453112228416, 40.444632913909572, 1496727504.0 ] } },
{ "type": "Feature", "properties": { "candidate_id": "signal_775542206", "name": "TSF101", "operation_type": "", "flash_time": "", "flash_yellow": "", "id": 775542206, "description": "St Rosalia School (Closed)", "traffic_count": 0, "crosswalk_count": 2, "hin_count": 1, "crash_count": 11, "injury_crash_count": 1, "severe_crash_count": 0, "vru_crash_count": 0, "fatalities": 0, "injuries": 2, "coverage_points": 40, "coverage_score_pre_osm": 44.4, "osm_status": "not_assessed", "safety_priority_score": 20.9, "selection_score": 36.2, "crash_window": "2019-2025" }, "geometry": { "type": "Point", "coordinates": [ -79.943946915342906, 40.425755379030271, 775542206.0 ] } },
{ "type": "Feature", "properties": { "candidate_id": "signal_850832401", "name": "TSF99", "operation_type": "", "flash_time": "", "flash_yellow": "", "id": 850832401, "description": "St Raphael School (Closed)", "traffic_count": 0, "crosswalk_count": 1, "hin_count": 0, "crash_count": 3, "injury_crash_count": 2, "severe_crash_count": 1, "vru_crash_count": 1, "fatalities": 0, "injuries": 2, "coverage_points": 40, "coverage_score_pre_osm": 44.4, "osm_status": "not_assessed", "safety_priority_score": 19.8, "selection_score": 35.8, "crash_window": "2019-2025" }, "geometry": { "type": "Point", "coordinates": [ -79.928697318453388, 40.478090667536719, 850832401.0 ] } },
{ "type": "Feature", "properties": { "candidate_id": "signal_1768901860", "name": "TSF98", "operation_type": "", "flash_time": "", "flash_yellow": "", "id": 1768901860, "description": "St. John Bosco Academy (CLOSED)", "traffic_count": 0, "crosswalk_count": 1, "hin_count": 0, "crash_count": 11, "injury_crash_count": 4, "severe_crash_count": 0, "vru_crash_count": 2, "fatalities": 0, "injuries": 4, "coverage_points": 40, "coverage_score_pre_osm": 44.4, "osm_status": "not_assessed", "safety_priority_score": 19.2, "selection_score": 35.6, "crash_window": "2019-2025" }, "geometry": { "type": "Point", "coordinates": [ -80.02901844565308, 40.395656305231789, 1768901860.0 ] } },
{ "type": "Feature", "properties": { "candidate_id": "signal_715321095", "name": "TS691", "operation_type": "", "flash_time": "", "flash_yellow": "", "id": 715321095, "description": "Lane Control Lc#1   Rt51", "traffic_count": 0, "crosswalk_count": 0, "hin_count": 1, "crash_count": 52, "injury_crash_count": 15, "severe_crash_count": 0, "vru_crash_count": 0, "fatalities": 0, "injuries": 20, "coverage_points": 25, "coverage_score_pre_osm": 27.8, "osm_status": "not_assessed", "safety_priority_score": 50.2, "selection_score": 35.6, "crash_window": "2019-2025" }, "geometry": { "type": "Point", "coordinates": [ -80.028440562973771, 40.433322638563574, 715321095.0 ] } },
{ "type": "Feature", "properties": { "candidate_id": "signal_1651867340", "name": "TS682", "operation_type": "Fully Actuated", "flash_time": "24 Hour Stop and Go", "flash_yellow": "", "id": 1651867340, "description": "Butler St - Suydam", "traffic_count": 0, "crosswalk_count": 0, "hin_count": 1, "crash_count": 4, "injury_crash_count": 2, "severe_crash_count": 0, "vru_crash_count": 0, "fatalities": 0, "injuries": 2, "coverage_points": 40, "coverage_score_pre_osm": 44.4, "osm_status": "not_assessed", "safety_priority_score": 19.0, "selection_score": 35.5, "crash_window": "2019-2025" }, "geometry": { "type": "Point", "coordinates": [ -79.942207027124908, 40.486676210753714, 1651867340.0 ] } },
{ "type": "Feature", "properties": { "candidate_id": "signal_514479185", "name": "TSF41", "operation_type": "", "flash_time": "", "flash_yellow": "", "id": 514479185, "description": "Leo Weil School", "traffic_count": 0, "crosswalk_count": 5, "hin_count": 0, "crash_count": 18, "injury_crash_count": 5, "severe_crash_count": 0, "vru_crash_count": 0, "fatalities": 0, "injuries": 7, "coverage_points": 40, "coverage_score_pre_osm": 44.4, "osm_status": "not_assessed", "safety_priority_score": 18.8, "selection_score": 35.4, "crash_window": "2019-2025" }, "geometry": { "type": "Point", "coordinates": [ -79.974071293882886, 40.444611300394499, 514479185.0 ] } },
{ "type": "Feature", "properties": { "candidate_id": "signal_1869929446", "name": "TSF121", "operation_type": "", "flash_time": "", "flash_yellow": "", "id": 1869929446, "description": "McCleary Pre-School (Closed)", "traffic_count": 0, "crosswalk_count": 3, "hin_count": 0, "crash_count": 8, "injury_crash_count": 2, "severe_crash_count": 1, "vru_crash_count": 0, "fatalities": 0, "injuries": 2, "coverage_points": 40, "coverage_score_pre_osm": 44.4, "osm_status": "not_assessed", "safety_priority_score": 18.7, "selection_score": 35.4, "crash_window": "2019-2025" }, "geometry": { "type": "Point", "coordinates": [ -79.951248842903539, 40.480309914820118, 1869929446.0 ] } },
{ "type": "Feature", "properties": { "candidate_id": "signal_419725968", "name": "TSF135", "operation_type": "", "flash_time": "", "flash_yellow": "", "id": 419725968, "description": "Ped Crossing - River Ave", "traffic_count": 0, "crosswalk_count": 1, "hin_count": 0, "crash_count": 16, "injury_crash_count": 5, "severe_crash_count": 0, "vru_crash_count": 0, "fatalities": 0, "injuries": 6, "coverage_points": 40, "coverage_score_pre_osm": 44.4, "osm_status": "not_assessed", "safety_priority_score": 17.7, "selection_score": 35.1, "crash_window": "2019-2025" }, "geometry": { "type": "Point", "coordinates": [ -79.98210893754819, 40.460609549182919, 419725968.0 ] } },
{ "type": "Feature", "properties": { "candidate_id": "signal_469795792", "name": "TSF45", "operation_type": "", "flash_time": "", "flash_yellow": "", "id": 469795792, "description": "Arsenal School", "traffic_count": 0, "crosswalk_count": 0, "hin_count": 0, "crash_count": 44, "injury_crash_count": 15, "severe_crash_count": 0, "vru_crash_count": 5, "fatalities": 0, "injuries": 17, "coverage_points": 25, "coverage_score_pre_osm": 27.8, "osm_status": "not_assessed", "safety_priority_score": 48.3, "selection_score": 35.0, "crash_window": "2019-2025" }, "geometry": { "type": "Point", "coordinates": [ -79.962512176599546, 40.467695327219118, 469795792.0 ] } },
{ "type": "Feature", "properties": { "candidate_id": "signal_1033839045", "name": "TS717", "operation_type": "", "flash_time": "", "flash_yellow": "", "id": 1033839045, "description": "Forbes Ave - Lawrence Hall", "traffic_count": 0, "crosswalk_count": 0, "hin_count": 1, "crash_count": 15, "injury_crash_count": 7, "severe_crash_count": 1, "vru_crash_count": 5, "fatalities": 0, "injuries": 8, "coverage_points": 25, "coverage_score_pre_osm": 27.8, "osm_status": "not_assessed", "safety_priority_score": 47.6, "selection_score": 34.7, "crash_window": "2019-2025" }, "geometry": { "type": "Point", "coordinates": [ -79.955235068002878, 40.4427269993351, 1033839045.0 ] } },
{ "type": "Feature", "properties": { "candidate_id": "signal_392673269", "name": "TSF131", "operation_type": "", "flash_time": "", "flash_yellow": "", "id": 392673269, "description": "Community Day School", "traffic_count": 0, "crosswalk_count": 0, "hin_count": 0, "crash_count": 49, "injury_crash_count": 22, "severe_crash_count": 0, "vru_crash_count": 1, "fatalities": 0, "injuries": 33, "coverage_points": 25, "coverage_score_pre_osm": 27.8, "osm_status": "not_assessed", "safety_priority_score": 46.8, "selection_score": 34.4, "crash_window": "2019-2025" }, "geometry": { "type": "Point", "coordinates": [ -79.9178834744325, 40.427408331789394, 392673269.0 ] } },
{ "type": "Feature", "properties": { "candidate_id": "signal_1687028145", "name": "TSF152", "operation_type": "", "flash_time": "", "flash_yellow": "", "id": 1687028145, "description": "RRFB - 40th and Davison", "traffic_count": 0, "crosswalk_count": 2, "hin_count": 0, "crash_count": 14, "injury_crash_count": 4, "severe_crash_count": 0, "vru_crash_count": 0, "fatalities": 0, "injuries": 5, "coverage_points": 40, "coverage_score_pre_osm": 44.4, "osm_status": "not_assessed", "safety_priority_score": 15.5, "selection_score": 34.3, "crash_window": "2019-2025" }, "geometry": { "type": "Point", "coordinates": [ -79.9609290697353, 40.467595718268775, 1687028145.0 ] } },
{ "type": "Feature", "properties": { "candidate_id": "signal_691161214", "name": "TSF12", "operation_type": "", "flash_time": "", "flash_yellow": "", "id": 691161214, "description": "Dilworth School", "traffic_count": 0, "crosswalk_count": 9, "hin_count": 0, "crash_count": 12, "injury_crash_count": 2, "severe_crash_count": 0, "vru_crash_count": 1, "fatalities": 0, "injuries": 2, "coverage_points": 40, "coverage_score_pre_osm": 44.4, "osm_status": "not_assessed", "safety_priority_score": 15.3, "selection_score": 34.2, "crash_window": "2019-2025" }, "geometry": { "type": "Point", "coordinates": [ -79.91735327797204, 40.468225625904708, 691161214.0 ] } },
{ "type": "Feature", "properties": { "candidate_id": "signal_1741138031", "name": "TS723", "operation_type": "", "flash_time": "", "flash_yellow": "", "id": 1741138031, "description": "Smallman St - 15th St", "traffic_count": 0, "crosswalk_count": 4, "hin_count": 0, "crash_count": 4, "injury_crash_count": 2, "severe_crash_count": 0, "vru_crash_count": 2, "fatalities": 0, "injuries": 2, "coverage_points": 40, "coverage_score_pre_osm": 44.4, "osm_status": "not_assessed", "safety_priority_score": 14.5, "selection_score": 33.9, "crash_window": "2019-2025" }, "geometry": { "type": "Point", "coordinates": [ -79.989338833627158, 40.448704709277514, 1741138031.0 ] } },
{ "type": "Feature", "properties": { "candidate_id": "signal_101371225", "name": "TSF68", "operation_type": "", "flash_time": "", "flash_yellow": "", "id": 101371225, "description": "St Bede School", "traffic_count": 0, "crosswalk_count": 3, "hin_count": 0, "crash_count": 7, "injury_crash_count": 3, "severe_crash_count": 0, "vru_crash_count": 1, "fatalities": 0, "injuries": 3, "coverage_points": 40, "coverage_score_pre_osm": 44.4, "osm_status": "not_assessed", "safety_priority_score": 14.2, "selection_score": 33.8, "crash_window": "2019-2025" }, "geometry": { "type": "Point", "coordinates": [ -79.91032705871406, 40.447147268788882, 101371225.0 ] } },
{ "type": "Feature", "properties": { "candidate_id": "signal_858773013", "name": "TSF96", "operation_type": "", "flash_time": "", "flash_yellow": "", "id": 858773013, "description": "Allegheny Traditional School", "traffic_count": 0, "crosswalk_count": 1, "hin_count": 0, "crash_count": 4, "injury_crash_count": 1, "severe_crash_count": 0, "vru_crash_count": 1, "fatalities": 0, "injuries": 1, "coverage_points": 40, "coverage_score_pre_osm": 44.4, "osm_status": "not_assessed", "safety_priority_score": 11.3, "selection_score": 32.8, "crash_window": "2019-2025" }, "geometry": { "type": "Point", "coordinates": [ -80.008423288064222, 40.453459111050044, 858773013.0 ] } },
{ "type": "Feature", "properties": { "candidate_id": "signal_107084279", "name": "TSF1", "operation_type": "", "flash_time": "", "flash_yellow": "", "id": 107084279, "description": "Banksville Elementary School", "traffic_count": 0, "crosswalk_count": 3, "hin_count": 0, "crash_count": 7, "injury_crash_count": 3, "severe_crash_count": 0, "vru_crash_count": 0, "fatalities": 0, "injuries": 3, "coverage_points": 40, "coverage_score_pre_osm": 44.4, "osm_status": "not_assessed", "safety_priority_score": 11.2, "selection_score": 32.8, "crash_window": "2019-2025" }, "geometry": { "type": "Point", "coordinates": [ -80.036943417624428, 40.407198238398422, 107084279.0 ] } },
{ "type": "Feature", "properties": { "candidate_id": "signal_1771272482", "name": "TSF120", "operation_type": "", "flash_time": "", "flash_yellow": "", "id": 1771272482, "description": "BELTZHOOVER SCHOOL    [CLOSED]", "traffic_count": 0, "crosswalk_count": 3, "hin_count": 0, "crash_count": 9, "injury_crash_count": 2, "severe_crash_count": 0, "vru_crash_count": 0, "fatalities": 0, "injuries": 2, "coverage_points": 40, "coverage_score_pre_osm": 44.4, "osm_status": "not_assessed", "safety_priority_score": 10.9, "selection_score": 32.7, "crash_window": "2019-2025" }, "geometry": { "type": "Point", "coordinates": [ -80.001816915342829, 40.417991091818585, 1771272482.0 ] } },
{ "type": "Feature", "properties": { "candidate_id": "signal_1840904161", "name": "TSF115", "operation_type": "", "flash_time": "", "flash_yellow": "", "id": 1840904161, "description": "HORACE MANN SCHOOL    [CLOSED]", "traffic_count": 0, "crosswalk_count": 2, "hin_count": 0, "crash_count": 7, "injury_crash_count": 1, "severe_crash_count": 0, "vru_crash_count": 0, "fatalities": 0, "injuries": 1, "coverage_points": 40, "coverage_score_pre_osm": 44.4, "osm_status": "not_assessed", "safety_priority_score": 9.4, "selection_score": 32.2, "crash_window": "2019-2025" }, "geometry": { "type": "Point", "coordinates": [ -80.031139660885344, 40.470332365135953, 1840904161.0 ] } },
{ "type": "Feature", "properties": { "candidate_id": "signal_1192275495", "name": "TS722", "operation_type": "", "flash_time": "", "flash_yellow": "", "id": 1192275495, "description": "Clyde St - Fifth Avenue", "traffic_count": 0, "crosswalk_count": 0, "hin_count": 1, "crash_count": 17, "injury_crash_count": 4, "severe_crash_count": 1, "vru_crash_count": 2, "fatalities": 0, "injuries": 9, "coverage_points": 25, "coverage_score_pre_osm": 27.8, "osm_status": "not_assessed", "safety_priority_score": 40.5, "selection_score": 32.2, "crash_window": "2019-2025" }, "geometry": { "type": "Point", "coordinates": [ -79.945344358669544, 40.447250845403438, 1192275495.0 ] } },
{ "type": "Feature", "properties": { "candidate_id": "signal_1464539034", "name": "TS693", "operation_type": "", "flash_time": "", "flash_yellow": "", "id": 1464539034, "description": "Lane Control Lc#3   Rt51", "traffic_count": 0, "crosswalk_count": 0, "hin_count": 1, "crash_count": 19, "injury_crash_count": 7, "severe_crash_count": 1, "vru_crash_count": 0, "fatalities": 0, "injuries": 9, "coverage_points": 25, "coverage_score_pre_osm": 27.8, "osm_status": "not_assessed", "safety_priority_score": 40.0, "selection_score": 32.1, "crash_window": "2019-2025" }, "geometry": { "type": "Point", "coordinates": [ -80.030892103562536, 40.441219060905695, 1464539034.0 ] } },
{ "type": "Feature", "properties": { "candidate_id": "signal_2116674242", "name": "TSF73", "operation_type": "", "flash_time": "", "flash_yellow": "", "id": 2116674242, "description": "North Side Catholic School", "traffic_count": 0, "crosswalk_count": 2, "hin_count": 0, "crash_count": 4, "injury_crash_count": 2, "severe_crash_count": 0, "vru_crash_count": 0, "fatalities": 0, "injuries": 2, "coverage_points": 40, "coverage_score_pre_osm": 44.4, "osm_status": "not_assessed", "safety_priority_score": 9.0, "selection_score": 32.0, "crash_window": "2019-2025" }, "geometry": { "type": "Point", "coordinates": [ -80.036069074781977, 40.486285255087779, 2116674242.0 ] } },
{ "type": "Feature", "properties": { "candidate_id": "signal_570711095", "name": "TS692", "operation_type": "", "flash_time": "", "flash_yellow": "", "id": 570711095, "description": "Lane Control Lc#2", "traffic_count": 0, "crosswalk_count": 0, "hin_count": 1, "crash_count": 11, "injury_crash_count": 6, "severe_crash_count": 2, "vru_crash_count": 0, "fatalities": 0, "injuries": 6, "coverage_points": 25, "coverage_score_pre_osm": 27.8, "osm_status": "not_assessed", "safety_priority_score": 39.7, "selection_score": 32.0, "crash_window": "2019-2025" }, "geometry": { "type": "Point", "coordinates": [ -80.033053964870788, 40.437524107841533, 570711095.0 ] } },
{ "type": "Feature", "properties": { "candidate_id": "signal_1740561956", "name": "TSF59", "operation_type": "", "flash_time": "", "flash_yellow": "", "id": 1740561956, "description": "Oliver Citywide Academy School", "traffic_count": 0, "crosswalk_count": 1, "hin_count": 0, "crash_count": 3, "injury_crash_count": 2, "severe_crash_count": 0, "vru_crash_count": 0, "fatalities": 0, "injuries": 2, "coverage_points": 40, "coverage_score_pre_osm": 44.4, "osm_status": "not_assessed", "safety_priority_score": 8.7, "selection_score": 31.9, "crash_window": "2019-2025" }, "geometry": { "type": "Point", "coordinates": [ -80.024517417557931, 40.464279962842397, 1740561956.0 ] } },
{ "type": "Feature", "properties": { "candidate_id": "signal_573523758", "name": "TSF118", "operation_type": "", "flash_time": "", "flash_yellow": "", "id": 573523758, "description": "Ped Crossing - 1000 Brownsville Rd", "traffic_count": 0, "crosswalk_count": 0, "hin_count": 1, "crash_count": 18, "injury_crash_count": 3, "severe_crash_count": 1, "vru_crash_count": 1, "fatalities": 1, "injuries": 3, "coverage_points": 25, "coverage_score_pre_osm": 27.8, "osm_status": "not_assessed", "safety_priority_score": 37.5, "selection_score": 31.2, "crash_window": "2019-2025" }, "geometry": { "type": "Point", "coordinates": [ -79.992282679288564, 40.40677266939074, 573523758.0 ] } },
{ "type": "Feature", "properties": { "candidate_id": "signal_1149202780", "name": "TSF65", "operation_type": "", "flash_time": "", "flash_yellow": "", "id": 1149202780, "description": "ST. AGNES (CLOSED 2011)", "traffic_count": 0, "crosswalk_count": 0, "hin_count": 0, "crash_count": 20, "injury_crash_count": 7, "severe_crash_count": 1, "vru_crash_count": 2, "fatalities": 0, "injuries": 9, "coverage_points": 25, "coverage_score_pre_osm": 27.8, "osm_status": "not_assessed", "safety_priority_score": 36.0, "selection_score": 30.7, "crash_window": "2019-2025" }, "geometry": { "type": "Point", "coordinates": [ -79.965107847220025, 40.438477135783259, 1149202780.0 ] } },
{ "type": "Feature", "properties": { "candidate_id": "signal_1201961587", "name": "TSF136", "operation_type": "", "flash_time": "", "flash_yellow": "", "id": 1201961587, "description": "Warning - Second Ave And Swinburne St", "traffic_count": 0, "crosswalk_count": 0, "hin_count": 1, "crash_count": 15, "injury_crash_count": 7, "severe_crash_count": 0, "vru_crash_count": 2, "fatalities": 0, "injuries": 9, "coverage_points": 25, "coverage_score_pre_osm": 27.8, "osm_status": "not_assessed", "safety_priority_score": 35.3, "selection_score": 30.4, "crash_window": "2019-2025" }, "geometry": { "type": "Point", "coordinates": [ -79.953761445320978, 40.425952342039345, 1201961587.0 ] } },
{ "type": "Feature", "properties": { "candidate_id": "signal_1941962883", "name": "TSF106", "operation_type": "", "flash_time": "", "flash_yellow": "", "id": 1941962883, "description": "WPA School for the Blind", "traffic_count": 0, "crosswalk_count": 0, "hin_count": 0, "crash_count": 29, "injury_crash_count": 10, "severe_crash_count": 0, "vru_crash_count": 1, "fatalities": 0, "injuries": 11, "coverage_points": 25, "coverage_score_pre_osm": 27.8, "osm_status": "not_assessed", "safety_priority_score": 32.6, "selection_score": 29.5, "crash_window": "2019-2025" }, "geometry": { "type": "Point", "coordinates": [ -79.953106132406049, 40.449886244181215, 1941962883.0 ] } },
{ "type": "Feature", "properties": { "candidate_id": "signal_1234723155", "name": "TSF95", "operation_type": "", "flash_time": "", "flash_yellow": "", "id": 1234723155, "description": "Provident Charter School", "traffic_count": 0, "crosswalk_count": 0, "hin_count": 0, "crash_count": 9, "injury_crash_count": 3, "severe_crash_count": 3, "vru_crash_count": 1, "fatalities": 0, "injuries": 4, "coverage_points": 25, "coverage_score_pre_osm": 27.8, "osm_status": "not_assessed", "safety_priority_score": 31.2, "selection_score": 29.0, "crash_window": "2019-2025" }, "geometry": { "type": "Point", "coordinates": [ -79.98552198496057, 40.460607442327934, 1234723155.0 ] } },
{ "type": "Feature", "properties": { "candidate_id": "signal_2110544957", "name": "TSF133", "operation_type": "", "flash_time": "", "flash_yellow": "", "id": 2110544957, "description": "Warning - Panther Hollow Anderson Playground", "traffic_count": 0, "crosswalk_count": 0, "hin_count": 0, "crash_count": 23, "injury_crash_count": 9, "severe_crash_count": 0, "vru_crash_count": 1, "fatalities": 0, "injuries": 10, "coverage_points": 25, "coverage_score_pre_osm": 27.8, "osm_status": "not_assessed", "safety_priority_score": 29.3, "selection_score": 28.3, "crash_window": "2019-2025" }, "geometry": { "type": "Point", "coordinates": [ -79.947497883162811, 40.435653060054861, 2110544957.0 ] } },
{ "type": "Feature", "properties": { "candidate_id": "signal_730034733", "name": "TSF93", "operation_type": "", "flash_time": "", "flash_yellow": "", "id": 730034733, "description": "Oakland Catholic High School", "traffic_count": 0, "crosswalk_count": 0, "hin_count": 0, "crash_count": 14, "injury_crash_count": 7, "severe_crash_count": 0, "vru_crash_count": 4, "fatalities": 0, "injuries": 7, "coverage_points": 25, "coverage_score_pre_osm": 27.8, "osm_status": "not_assessed", "safety_priority_score": 27.7, "selection_score": 27.8, "crash_window": "2019-2025" }, "geometry": { "type": "Point", "coordinates": [ -79.949805812782031, 40.449034000617409, 730034733.0 ] } },
{ "type": "Feature", "properties": { "candidate_id": "signal_180410284", "name": "TSF32", "operation_type": "", "flash_time": "", "flash_yellow": "", "id": 180410284, "description": "PHILLIP MURRAY(ALA)CLOSED 2012", "traffic_count": 1, "crosswalk_count": 0, "hin_count": 0, "crash_count": 1, "injury_crash_count": 0, "severe_crash_count": 0, "vru_crash_count": 0, "fatalities": 0, "injuries": 0, "coverage_points": 35, "coverage_score_pre_osm": 38.9, "osm_status": "not_assessed", "safety_priority_score": 6.9, "selection_score": 27.7, "crash_window": "2019-2025" }, "geometry": { "type": "Point", "coordinates": [ -79.979294183909218, 40.409138190101892, 180410284.0 ] } },
{ "type": "Feature", "properties": { "candidate_id": "signal_85783904", "name": "TSF57", "operation_type": "", "flash_time": "", "flash_yellow": "", "id": 85783904, "description": "Carrick High School", "traffic_count": 2, "crosswalk_count": 0, "hin_count": 0, "crash_count": 1, "injury_crash_count": 0, "severe_crash_count": 0, "vru_crash_count": 0, "fatalities": 0, "injuries": 0, "coverage_points": 35, "coverage_score_pre_osm": 38.9, "osm_status": "not_assessed", "safety_priority_score": 6.9, "selection_score": 27.7, "crash_window": "2019-2025" }, "geometry": { "type": "Point", "coordinates": [ -79.989209562015361, 40.390716929677353, 85783904.0 ] } },
{ "type": "Feature", "properties": { "candidate_id": "signal_551638088", "name": "TSF127", "operation_type": "", "flash_time": "", "flash_yellow": "", "id": 551638088, "description": "Warning Sign - Brighton Rd And Acacia Ln", "traffic_count": 0, "crosswalk_count": 0, "hin_count": 0, "crash_count": 12, "injury_crash_count": 7, "severe_crash_count": 1, "vru_crash_count": 0, "fatalities": 0, "injuries": 7, "coverage_points": 25, "coverage_score_pre_osm": 27.8, "osm_status": "not_assessed", "safety_priority_score": 26.3, "selection_score": 27.3, "crash_window": "2019-2025" }, "geometry": { "type": "Point", "coordinates": [ -80.031286507989705, 40.479998753092481, 551638088.0 ] } },
{ "type": "Feature", "properties": { "candidate_id": "signal_373712998", "name": "TSF49", "operation_type": "", "flash_time": "", "flash_yellow": "", "id": 373712998, "description": "KNOXVILLE             [CLOSED]", "traffic_count": 0, "crosswalk_count": 0, "hin_count": 0, "crash_count": 12, "injury_crash_count": 6, "severe_crash_count": 0, "vru_crash_count": 2, "fatalities": 0, "injuries": 7, "coverage_points": 25, "coverage_score_pre_osm": 27.8, "osm_status": "not_assessed", "safety_priority_score": 22.4, "selection_score": 25.9, "crash_window": "2019-2025" }, "geometry": { "type": "Point", "coordinates": [ -79.994254119047696, 40.416147227127226, 373712998.0 ] } },
{ "type": "Feature", "properties": { "candidate_id": "signal_564149333", "name": "TS662", "operation_type": "Fully Actuated", "flash_time": "24 Hr stop and go", "flash_yellow": "", "id": 564149333, "description": "Roberto Clemente Dr - Schenley Dr", "traffic_count": 0, "crosswalk_count": 3, "hin_count": 0, "crash_count": 2, "injury_crash_count": 1, "severe_crash_count": 0, "vru_crash_count": 1, "fatalities": 0, "injuries": 1, "coverage_points": 30, "coverage_score_pre_osm": 33.3, "osm_status": "not_assessed", "safety_priority_score": 10.7, "selection_score": 25.4, "crash_window": "2019-2025" }, "geometry": { "type": "Point", "coordinates": [ -79.952662870856358, 40.441817021582551, 564149333.0 ] } },
{ "type": "Feature", "properties": { "candidate_id": "signal_1883963938", "name": "TSF50", "operation_type": "", "flash_time": "", "flash_yellow": "", "id": 1883963938, "description": "University Prep (Millones) School", "traffic_count": 0, "crosswalk_count": 0, "hin_count": 0, "crash_count": 12, "injury_crash_count": 5, "severe_crash_count": 0, "vru_crash_count": 1, "fatalities": 0, "injuries": 8, "coverage_points": 25, "coverage_score_pre_osm": 27.8, "osm_status": "not_assessed", "safety_priority_score": 18.6, "selection_score": 24.6, "crash_window": "2019-2025" }, "geometry": { "type": "Point", "coordinates": [ -79.962471218812482, 40.449822300807043, 1883963938.0 ] } },
{ "type": "Feature", "properties": { "candidate_id": "signal_473558409", "name": "TSF19", "operation_type": "", "flash_time": "", "flash_yellow": "", "id": 473558409, "description": "Martin Luther King School", "traffic_count": 0, "crosswalk_count": 0, "hin_count": 0, "crash_count": 14, "injury_crash_count": 4, "severe_crash_count": 0, "vru_crash_count": 1, "fatalities": 0, "injuries": 5, "coverage_points": 25, "coverage_score_pre_osm": 27.8, "osm_status": "not_assessed", "safety_priority_score": 18.5, "selection_score": 24.5, "crash_window": "2019-2025" }, "geometry": { "type": "Point", "coordinates": [ -80.004614494141634, 40.454847913264246, 473558409.0 ] } },
{ "type": "Feature", "properties": { "candidate_id": "signal_909218040", "name": "TSF119", "operation_type": "", "flash_time": "", "flash_yellow": "", "id": 909218040, "description": "ELIZABETH SETON (CLOSED)", "traffic_count": 0, "crosswalk_count": 0, "hin_count": 0, "crash_count": 5, "injury_crash_count": 3, "severe_crash_count": 0, "vru_crash_count": 3, "fatalities": 0, "injuries": 3, "coverage_points": 25, "coverage_score_pre_osm": 27.8, "osm_status": "not_assessed", "safety_priority_score": 17.4, "selection_score": 24.2, "crash_window": "2019-2025" }, "geometry": { "type": "Point", "coordinates": [ -80.0556710859818, 40.455755754803839, 909218040.0 ] } },
{ "type": "Feature", "properties": { "candidate_id": "signal_331421437", "name": "TSF13", "operation_type": "", "flash_time": "", "flash_yellow": "", "id": 331421437, "description": "Imani Christian Academy School", "traffic_count": 0, "crosswalk_count": 0, "hin_count": 0, "crash_count": 3, "injury_crash_count": 2, "severe_crash_count": 0, "vru_crash_count": 1, "fatalities": 0, "injuries": 2, "coverage_points": 25, "coverage_score_pre_osm": 27.8, "osm_status": "not_assessed", "safety_priority_score": 11.7, "selection_score": 22.2, "crash_window": "2019-2025" }, "geometry": { "type": "Point", "coordinates": [ -79.872489193395197, 40.453178542538282, 331421437.0 ] } },
{ "type": "Feature", "properties": { "candidate_id": "signal_1958229601", "name": "TSF20", "operation_type": "", "flash_time": "", "flash_yellow": "", "id": 1958229601, "description": "LEMINGTON SCHOOL [CLOSED]", "traffic_count": 0, "crosswalk_count": 0, "hin_count": 0, "crash_count": 10, "injury_crash_count": 1, "severe_crash_count": 0, "vru_crash_count": 0, "fatalities": 0, "injuries": 1, "coverage_points": 25, "coverage_score_pre_osm": 27.8, "osm_status": "not_assessed", "safety_priority_score": 10.5, "selection_score": 21.7, "crash_window": "2019-2025" }, "geometry": { "type": "Point", "coordinates": [ -79.896526129953969, 40.470113228406461, 1958229601.0 ] } },
{ "type": "Feature", "properties": { "candidate_id": "signal_1978737105", "name": "TSF29", "operation_type": "", "flash_time": "", "flash_yellow": "", "id": 1978737105, "description": "Mifflin School", "traffic_count": 0, "crosswalk_count": 0, "hin_count": 0, "crash_count": 3, "injury_crash_count": 2, "severe_crash_count": 0, "vru_crash_count": 0, "fatalities": 0, "injuries": 2, "coverage_points": 25, "coverage_score_pre_osm": 27.8, "osm_status": "not_assessed", "safety_priority_score": 8.7, "selection_score": 21.1, "crash_window": "2019-2025" }, "geometry": { "type": "Point", "coordinates": [ -79.91509842845548, 40.370008544760374, 1978737105.0 ] } },
{ "type": "Feature", "properties": { "candidate_id": "signal_1980112935", "name": "TSF86", "operation_type": "", "flash_time": "", "flash_yellow": "", "id": 1980112935, "description": "BISHOP LEONARD REG. [CLOSED]", "traffic_count": 0, "crosswalk_count": 0, "hin_count": 0, "crash_count": 3, "injury_crash_count": 2, "severe_crash_count": 0, "vru_crash_count": 0, "fatalities": 0, "injuries": 2, "coverage_points": 25, "coverage_score_pre_osm": 27.8, "osm_status": "not_assessed", "safety_priority_score": 8.7, "selection_score": 21.1, "crash_window": "2019-2025" }, "geometry": { "type": "Point", "coordinates": [ -79.979742224169698, 40.412473124954893, 1980112935.0 ] } },
{ "type": "Feature", "properties": { "candidate_id": "signal_1258652617", "name": "TSF38", "operation_type": "", "flash_time": "", "flash_yellow": "", "id": 1258652617, "description": "Spring Garden Pre-School", "traffic_count": 0, "crosswalk_count": 3, "hin_count": 0, "crash_count": 2, "injury_crash_count": 2, "severe_crash_count": 1, "vru_crash_count": 0, "fatalities": 0, "injuries": 2, "coverage_points": 15, "coverage_score_pre_osm": 16.7, "osm_status": "not_assessed", "safety_priority_score": 16.5, "selection_score": 16.6, "crash_window": "2019-2025" }, "geometry": { "type": "Point", "coordinates": [ -79.985422536517888, 40.464313242386879, 1258652617.0 ] } },
{ "type": "Feature", "properties": { "candidate_id": "signal_2043102099", "name": "TSF39", "operation_type": "", "flash_time": "", "flash_yellow": "", "id": 2043102099, "description": "Spring Hill School", "traffic_count": 0, "crosswalk_count": 3, "hin_count": 0, "crash_count": 1, "injury_crash_count": 1, "severe_crash_count": 0, "vru_crash_count": 1, "fatalities": 0, "injuries": 1, "coverage_points": 15, "coverage_score_pre_osm": 16.7, "osm_status": "not_assessed", "safety_priority_score": 10.5, "selection_score": 14.5, "crash_window": "2019-2025" }, "geometry": { "type": "Point", "coordinates": [ -79.989524185714686, 40.465257848723802, 2043102099.0 ] } },
{ "type": "Feature", "properties": { "candidate_id": "signal_2032161632", "name": "TSF122", "operation_type": "", "flash_time": "", "flash_yellow": "", "id": 2032161632, "description": "Falk School", "traffic_count": 0, "crosswalk_count": 2, "hin_count": 0, "crash_count": 1, "injury_crash_count": 0, "severe_crash_count": 0, "vru_crash_count": 0, "fatalities": 0, "injuries": 0, "coverage_points": 15, "coverage_score_pre_osm": 16.7, "osm_status": "not_assessed", "safety_priority_score": 6.9, "selection_score": 13.3, "crash_window": "2019-2025" }, "geometry": { "type": "Point", "coordinates": [ -79.959728567028662, 40.447047011087463, 2032161632.0 ] } },
{ "type": "Feature", "properties": { "candidate_id": "signal_1873934483", "name": "TSF7", "operation_type": "", "flash_time": "", "flash_yellow": "", "id": 1873934483, "description": "Chartiers Pre-School", "traffic_count": 0, "crosswalk_count": 1, "hin_count": 0, "crash_count": 1, "injury_crash_count": 0, "severe_crash_count": 0, "vru_crash_count": 0, "fatalities": 0, "injuries": 0, "coverage_points": 15, "coverage_score_pre_osm": 16.7, "osm_status": "not_assessed", "safety_priority_score": 6.9, "selection_score": 13.3, "crash_window": "2019-2025" }, "geometry": { "type": "Point", "coordinates": [ -80.075942568348736, 40.457610541074509, 1873934483.0 ] } },
{ "type": "Feature", "properties": { "candidate_id": "signal_807312439", "name": "TSF75", "operation_type": "", "flash_time": "", "flash_yellow": "", "id": 807312439, "description": "Ellis School", "traffic_count": 0, "crosswalk_count": 0, "hin_count": 0, "crash_count": 2, "injury_crash_count": 1, "severe_crash_count": 1, "vru_crash_count": 0, "fatalities": 0, "injuries": 1, "coverage_points": 0, "coverage_score_pre_osm": 0.0, "osm_status": "not_assessed", "safety_priority_score": 15.8, "selection_score": 5.5, "crash_window": "2019-2025" }, "geometry": { "type": "Point", "coordinates": [ -79.918098377499618, 40.453749898344462, 807312439.0 ] } },
{ "type": "Feature", "properties": { "candidate_id": "signal_857278976", "name": "TSF40", "operation_type": "", "flash_time": "", "flash_yellow": "", "id": 857278976, "description": "Sunnyside School", "traffic_count": 0, "crosswalk_count": 0, "hin_count": 0, "crash_count": 1, "injury_crash_count": 0, "severe_crash_count": 0, "vru_crash_count": 0, "fatalities": 0, "injuries": 0, "coverage_points": 0, "coverage_score_pre_osm": 0.0, "osm_status": "not_assessed", "safety_priority_score": 6.9, "selection_score": 2.4, "crash_window": "2019-2025" }, "geometry": { "type": "Point", "coordinates": [ -79.933476006231132, 40.481576777038683, 857278976.0 ] } },
{ "type": "Feature", "properties": { "candidate_id": "signal_746489088", "name": "TSF48", "operation_type": "", "flash_time": "", "flash_yellow": "", "id": 746489088, "description": "Pittsburgh Classic Academy (Greenway) School", "traffic_count": 0, "crosswalk_count": 0, "hin_count": 0, "crash_count": 1, "injury_crash_count": 0, "severe_crash_count": 0, "vru_crash_count": 0, "fatalities": 0, "injuries": 0, "coverage_points": 0, "coverage_score_pre_osm": 0.0, "osm_status": "not_assessed", "safety_priority_score": 6.9, "selection_score": 2.4, "crash_window": "2019-2025" }, "geometry": { "type": "Point", "coordinates": [ -80.049725153238384, 40.448633483791198, 746489088.0 ] } },
{ "type": "Feature", "properties": { "candidate_id": "signal_942873758", "name": "TSF108", "operation_type": "", "flash_time": "", "flash_yellow": "", "id": 942873758, "description": "Greentree & Hamburg Special School", "traffic_count": 0, "crosswalk_count": 0, "hin_count": 0, "crash_count": 0, "injury_crash_count": 0, "severe_crash_count": 0, "vru_crash_count": 0, "fatalities": 0, "injuries": 0, "coverage_points": 0, "coverage_score_pre_osm": 0.0, "osm_status": "not_assessed", "safety_priority_score": 6.7, "selection_score": 2.3, "crash_window": "2019-2025" }, "geometry": { "type": "Point", "coordinates": [ -80.042693517139242, 40.423794675503167, 942873758.0 ] } },
{ "type": "Feature", "properties": { "candidate_id": "signal_1023751888", "name": "TSF111", "operation_type": "", "flash_time": "", "flash_yellow": "", "id": 1023751888, "description": "Grandview School", "traffic_count": 0, "crosswalk_count": 0, "hin_count": 0, "crash_count": 0, "injury_crash_count": 0, "severe_crash_count": 0, "vru_crash_count": 0, "fatalities": 0, "injuries": 0, "coverage_points": 0, "coverage_score_pre_osm": 0.0, "osm_status": "not_assessed", "safety_priority_score": 6.7, "selection_score": 2.3, "crash_window": "2019-2025" }, "geometry": { "type": "Point", "coordinates": [ -79.99281472627851, 40.424542134779173, 1023751888.0 ] } },
{ "type": "Feature", "properties": { "candidate_id": "signal_560649704", "name": "TSF33", "operation_type": "", "flash_time": "", "flash_yellow": "", "id": 560649704, "description": "NORTHVIEW ELEM ALA CLOSED 2012", "traffic_count": 0, "crosswalk_count": 0, "hin_count": 0, "crash_count": 0, "injury_crash_count": 0, "severe_crash_count": 0, "vru_crash_count": 0, "fatalities": 0, "injuries": 0, "coverage_points": 0, "coverage_score_pre_osm": 0.0, "osm_status": "not_assessed", "safety_priority_score": 6.7, "selection_score": 2.3, "crash_window": "2019-2025" }, "geometry": { "type": "Point", "coordinates": [ -80.004324670157075, 40.481230364617751, 560649704.0 ] } },
{ "type": "Feature", "properties": { "candidate_id": "signal_921244871", "name": "TSF56", "operation_type": "", "flash_time": "", "flash_yellow": "", "id": 921244871, "description": "Brashear High School", "traffic_count": 0, "crosswalk_count": 0, "hin_count": 0, "crash_count": 0, "injury_crash_count": 0, "severe_crash_count": 0, "vru_crash_count": 0, "fatalities": 0, "injuries": 0, "coverage_points": 0, "coverage_score_pre_osm": 0.0, "osm_status": "not_assessed", "safety_priority_score": 6.7, "selection_score": 2.3, "crash_window": "2019-2025" }, "geometry": { "type": "Point", "coordinates": [ -80.017911508792437, 40.418712603858317, 921244871.0 ] } },
{ "type": "Feature", "properties": { "candidate_id": "signal_1929346181", "name": "TSF69", "operation_type": "", "flash_time": "", "flash_yellow": "", "id": 1929346181, "description": "Canevin School", "traffic_count": 0, "crosswalk_count": 0, "hin_count": 0, "crash_count": 0, "injury_crash_count": 0, "severe_crash_count": 0, "vru_crash_count": 0, "fatalities": 0, "injuries": 0, "coverage_points": 0, "coverage_score_pre_osm": 0.0, "osm_status": "not_assessed", "safety_priority_score": 6.7, "selection_score": 2.3, "crash_window": "2019-2025" }, "geometry": { "type": "Point", "coordinates": [ -80.070907514325341, 40.423022700235961, 1929346181.0 ] } }
]
}
