site_id,date,year,month,weather_code,weather_group,temp_mean_f,temp_min_f,precipitation_in,rain_in,snowfall_in,precipitation_hours,wind_max_mph,daylight_hours,is_wet_day,is_snow_day,is_freezing_day
atlantic-baum-liberty,2019-01-01,2019,1,53,rain,45.2,37.4,0.059,0.059,0.0,6.0,20.5,9.34,1,0,0
atlantic-baum-liberty,2019-01-02,2019,1,3,cloud,38.4,35.6,0.0,0.0,0.0,0.0,7.0,9.35,0,0,0
atlantic-baum-liberty,2019-01-03,2019,1,51,rain,35.8,30.3,0.016,0.016,0.0,2.0,12.7,9.37,1,0,1
atlantic-baum-liberty,2019-01-04,2019,1,55,rain,35.4,28.3,0.047,0.047,0.0,2.0,8.3,9.38,1,0,1
atlantic-baum-liberty,2019-01-05,2019,1,61,rain,41.5,37.0,0.268,0.268,0.0,10.0,10.3,9.4,1,0,0
atlantic-baum-liberty,2019-01-06,2019,1,3,cloud,36.9,29.3,0.0,0.0,0.0,0.0,10.5,9.41,0,0,1
atlantic-baum-liberty,2019-01-07,2019,1,3,cloud,35.9,26.2,0.0,0.0,0.0,0.0,14.8,9.43,0,0,1
atlantic-baum-liberty,2019-01-08,2019,1,53,rain,49.9,40.5,0.154,0.154,0.0,13.0,19.5,9.45,1,0,0
atlantic-baum-liberty,2019-01-09,2019,1,73,snow,32.0,23.6,0.154,0.012,0.992,19.0,17.0,9.47,1,1,1
atlantic-baum-liberty,2019-01-10,2019,1,71,snow,23.4,21.6,0.02,0.0,0.138,5.0,14.2,9.49,0,1,1
atlantic-baum-liberty,2019-01-11,2019,1,3,cloud,23.9,20.6,0.0,0.0,0.0,0.0,9.3,9.51,0,0,1
atlantic-baum-liberty,2019-01-12,2019,1,73,snow,27.3,22.9,0.122,0.0,0.854,10.0,7.5,9.54,0,1,1
atlantic-baum-liberty,2019-01-13,2019,1,73,snow,27.4,23.9,0.118,0.0,0.854,14.0,9.5,9.56,0,1,1
atlantic-baum-liberty,2019-01-14,2019,1,3,cloud,24.7,13.5,0.0,0.0,0.0,0.0,6.5,9.58,0,0,1
atlantic-baum-liberty,2019-01-15,2019,1,3,cloud,26.0,22.5,0.0,0.0,0.0,0.0,8.2,9.61,0,0,1
atlantic-baum-liberty,2019-01-16,2019,1,71,snow,29.4,23.8,0.031,0.0,0.22,8.0,10.9,9.63,0,1,1
atlantic-baum-liberty,2019-01-17,2019,1,73,snow,28.4,22.1,0.067,0.0,0.469,8.0,6.2,9.66,0,1,1
atlantic-baum-liberty,2019-01-18,2019,1,73,snow,33.7,31.2,0.047,0.016,0.22,7.0,8.1,9.68,1,1,1
atlantic-baum-liberty,2019-01-19,2019,1,73,snow,32.6,28.5,0.614,0.492,0.854,13.0,10.5,9.71,1,1,1
atlantic-baum-liberty,2019-01-20,2019,1,75,snow,20.6,8.1,0.681,0.437,1.709,12.0,16.2,9.74,1,1,1
atlantic-baum-liberty,2019-01-21,2019,1,71,snow,6.6,-3.7,0.008,0.0,0.083,2.0,13.3,9.77,0,0,1
atlantic-baum-liberty,2019-01-22,2019,1,3,cloud,11.8,-10.1,0.0,0.0,0.0,0.0,8.8,9.8,0,0,1
atlantic-baum-liberty,2019-01-23,2019,1,61,rain,41.9,29.7,0.531,0.531,0.0,14.0,12.5,9.83,1,0,1
atlantic-baum-liberty,2019-01-24,2019,1,73,snow,34.5,25.6,0.661,0.575,0.606,13.0,13.4,9.86,1,1,1
atlantic-baum-liberty,2019-01-25,2019,1,71,snow,19.8,9.5,0.012,0.0,0.083,3.0,14.2,9.89,0,0,1
atlantic-baum-liberty,2019-01-26,2019,1,71,snow,20.2,5.7,0.031,0.004,0.193,7.0,10.3,9.93,0,1,1
atlantic-baum-liberty,2019-01-27,2019,1,73,snow,25.6,7.0,0.051,0.0,0.358,8.0,14.4,9.96,0,1,1
atlantic-baum-liberty,2019-01-28,2019,1,3,cloud,22.7,4.6,0.0,0.0,0.0,0.0,11.6,10.0,0,0,1
atlantic-baum-liberty,2019-01-29,2019,1,71,snow,27.1,16.3,0.051,0.047,0.028,4.0,13.6,10.03,1,0,1
atlantic-baum-liberty,2019-01-30,2019,1,73,snow,7.1,-3.2,0.031,0.0,0.22,5.0,18.1,10.07,0,1,1
atlantic-baum-liberty,2019-01-31,2019,1,3,cloud,5.2,-2.7,0.0,0.0,0.0,0.0,11.6,10.1,0,0,1
atlantic-baum-liberty,2019-02-01,2019,2,73,snow,13.1,8.6,0.11,0.0,0.772,13.0,4.6,10.14,0,1,1
atlantic-baum-liberty,2019-02-02,2019,2,3,cloud,23.4,5.4,0.0,0.0,0.0,0.0,7.6,10.17,0,0,1
atlantic-baum-liberty,2019-02-03,2019,2,3,cloud,38.9,26.6,0.0,0.0,0.0,0.0,8.2,10.21,0,0,1
atlantic-baum-liberty,2019-02-04,2019,2,53,rain,44.8,31.1,0.031,0.031,0.0,2.0,10.0,10.25,1,0,1
atlantic-baum-liberty,2019-02-05,2019,2,51,rain,46.4,35.3,0.051,0.051,0.0,10.0,9.2,10.29,1,0,0
atlantic-baum-liberty,2019-02-06,2019,2,63,rain,43.2,32.9,1.413,1.413,0.0,15.0,7.7,10.32,1,0,0
atlantic-baum-liberty,2019-02-07,2019,2,63,rain,50.8,40.5,0.567,0.567,0.0,12.0,12.1,10.36,1,0,0
atlantic-baum-liberty,2019-02-08,2019,2,61,rain,34.8,20.3,0.248,0.248,0.0,6.0,18.0,10.4,1,0,1
atlantic-baum-liberty,2019-02-09,2019,2,3,cloud,21.2,15.9,0.0,0.0,0.0,0.0,13.4,10.44,0,0,1
atlantic-baum-liberty,2019-02-10,2019,2,73,snow,26.2,17.0,0.173,0.0,1.213,7.0,5.6,10.48,0,1,1
atlantic-baum-liberty,2019-02-11,2019,2,73,snow,34.0,30.3,0.402,0.224,1.24,24.0,8.3,10.52,1,1,1
atlantic-baum-liberty,2019-02-12,2019,2,63,rain,37.9,32.5,1.047,1.047,0.0,24.0,18.3,10.56,1,0,0
atlantic-baum-liberty,2019-02-13,2019,2,73,snow,29.7,27.5,0.031,0.008,0.165,5.0,19.9,10.6,0,1,1
atlantic-baum-liberty,2019-02-14,2019,2,3,cloud,34.8,23.4,0.0,0.0,0.0,0.0,10.9,10.64,0,0,1
atlantic-baum-liberty,2019-02-15,2019,2,51,rain,42.7,28.3,0.024,0.024,0.0,4.0,14.4,10.68,1,0,1
atlantic-baum-liberty,2019-02-16,2019,2,3,cloud,27.5,22.4,0.0,0.0,0.0,0.0,8.2,10.73,0,0,1
atlantic-baum-liberty,2019-02-17,2019,2,73,snow,29.2,20.9,0.209,0.161,0.331,10.0,8.1,10.77,1,1,1
atlantic-baum-liberty,2019-02-18,2019,2,71,snow,30.5,23.1,0.012,0.004,0.055,3.0,13.2,10.81,0,0,1
atlantic-baum-liberty,2019-02-19,2019,2,3,cloud,24.7,17.3,0.0,0.0,0.0,0.0,9.1,10.85,0,0,1
atlantic-baum-liberty,2019-02-20,2019,2,75,snow,31.6,25.5,1.102,0.504,4.189,17.0,11.9,10.9,1,1,1
atlantic-baum-liberty,2019-02-21,2019,2,53,rain,39.4,34.6,0.047,0.047,0.0,3.0,11.4,10.94,1,0,0
atlantic-baum-liberty,2019-02-22,2019,2,3,cloud,35.1,28.6,0.0,0.0,0.0,0.0,6.3,10.98,0,0,1
atlantic-baum-liberty,2019-02-23,2019,2,51,rain,36.2,30.6,0.047,0.047,0.0,5.0,10.1,11.03,1,0,1
atlantic-baum-liberty,2019-02-24,2019,2,63,rain,43.2,33.3,0.252,0.252,0.0,10.0,24.5,11.07,1,0,0
atlantic-baum-liberty,2019-02-25,2019,2,2,cloud,27.5,22.0,0.0,0.0,0.0,0.0,21.6,11.11,0,0,1
atlantic-baum-liberty,2019-02-26,2019,2,3,cloud,27.7,22.4,0.0,0.0,0.0,0.0,8.2,11.15,0,0,1
atlantic-baum-liberty,2019-02-27,2019,2,71,snow,35.0,23.2,0.055,0.043,0.083,4.0,9.3,11.2,1,0,1
atlantic-baum-liberty,2019-02-28,2019,2,73,snow,29.6,22.9,0.031,0.0,0.22,3.0,9.1,11.24,0,1,1
atlantic-baum-liberty,2019-03-01,2019,3,75,snow,32.3,26.8,0.272,0.004,1.874,6.0,8.2,11.28,0,1,1
atlantic-baum-liberty,2019-03-02,2019,3,71,snow,34.9,26.7,0.004,0.0,0.028,1.0,11.8,11.33,0,0,1
atlantic-baum-liberty,2019-03-03,2019,3,75,snow,29.6,25.9,0.311,0.0,2.177,11.0,8.3,11.37,0,1,1
atlantic-baum-liberty,2019-03-04,2019,3,3,cloud,21.3,14.1,0.0,0.0,0.0,0.0,10.3,11.42,0,0,1
atlantic-baum-liberty,2019-03-05,2019,3,71,snow,13.7,3.3,0.012,0.0,0.083,3.0,11.9,11.46,0,0,1
atlantic-baum-liberty,2019-03-06,2019,3,71,snow,15.1,10.0,0.004,0.0,0.028,1.0,12.8,11.51,0,0,1
atlantic-baum-liberty,2019-03-07,2019,3,3,cloud,22.8,13.2,0.0,0.0,0.0,0.0,11.1,11.55,0,0,1
atlantic-baum-liberty,2019-03-08,2019,3,51,rain,28.6,18.3,0.004,0.004,0.0,1.0,5.4,11.6,0,0,1
atlantic-baum-liberty,2019-03-09,2019,3,63,rain,34.2,21.0,0.339,0.339,0.0,3.0,14.1,11.64,1,0,1
atlantic-baum-liberty,2019-03-10,2019,3,63,rain,48.2,37.4,0.331,0.331,0.0,8.0,18.0,11.69,1,0,0
atlantic-baum-liberty,2019-03-11,2019,3,3,cloud,38.0,29.6,0.0,0.0,0.0,0.0,14.3,11.73,0,0,1
atlantic-baum-liberty,2019-03-12,2019,3,3,cloud,33.5,23.8,0.0,0.0,0.0,0.0,8.0,11.78,0,0,1
atlantic-baum-liberty,2019-03-13,2019,3,3,cloud,41.2,27.9,0.0,0.0,0.0,0.0,7.9,11.82,0,0,1
atlantic-baum-liberty,2019-03-14,2019,3,51,rain,57.4,41.3,0.008,0.008,0.0,2.0,22.5,11.87,0,0,0
atlantic-baum-liberty,2019-03-15,2019,3,53,rain,53.5,40.0,0.079,0.079,0.0,4.0,19.1,11.91,1,0,0
atlantic-baum-liberty,2019-03-16,2019,3,3,cloud,36.4,32.5,0.0,0.0,0.0,0.0,14.3,11.96,0,0,0
atlantic-baum-liberty,2019-03-17,2019,3,3,cloud,33.3,25.0,0.0,0.0,0.0,0.0,6.5,12.0,0,0,1
atlantic-baum-liberty,2019-03-18,2019,3,3,cloud,34.0,25.8,0.0,0.0,0.0,0.0,8.7,12.05,0,0,1
atlantic-baum-liberty,2019-03-19,2019,3,71,snow,36.1,25.9,0.008,0.0,0.055,2.0,6.7,12.09,0,0,1
atlantic-baum-liberty,2019-03-20,2019,3,51,rain,40.2,26.8,0.012,0.012,0.0,1.0,8.7,12.13,1,0,1
atlantic-baum-liberty,2019-03-21,2019,3,51,rain,44.0,37.7,0.012,0.012,0.0,3.0,10.0,12.18,1,0,0
atlantic-baum-liberty,2019-03-22,2019,3,73,snow,37.2,30.7,0.146,0.059,0.606,10.0,21.2,12.22,1,1,1
atlantic-baum-liberty,2019-03-23,2019,3,2,cloud,34.3,24.9,0.0,0.0,0.0,0.0,13.0,12.27,0,0,1
atlantic-baum-liberty,2019-03-24,2019,3,3,cloud,41.8,29.4,0.0,0.0,0.0,0.0,7.9,12.31,0,0,1
atlantic-baum-liberty,2019-03-25,2019,3,55,rain,41.6,31.3,0.201,0.201,0.0,13.0,11.3,12.36,1,0,1
atlantic-baum-liberty,2019-03-26,2019,3,0,clear,34.1,22.9,0.0,0.0,0.0,0.0,8.7,12.4,0,0,1
atlantic-baum-liberty,2019-03-27,2019,3,3,cloud,39.3,25.2,0.0,0.0,0.0,0.0,7.8,12.45,0,0,1
atlantic-baum-liberty,2019-03-28,2019,3,51,rain,48.5,35.5,0.008,0.008,0.0,2.0,12.7,12.49,0,0,0
atlantic-baum-liberty,2019-03-29,2019,3,61,rain,52.7,47.4,0.185,0.185,0.0,9.0,11.3,12.54,1,0,0
atlantic-baum-liberty,2019-03-30,2019,3,53,rain,56.9,49.4,0.071,0.071,0.0,8.0,17.4,12.58,1,0,0
atlantic-baum-liberty,2019-03-31,2019,3,63,rain,35.5,28.5,0.264,0.264,0.0,6.0,14.6,12.63,1,0,1
atlantic-baum-liberty,2019-04-01,2019,4,71,snow,33.1,23.7,0.004,0.0,0.028,1.0,10.0,12.67,0,0,1
atlantic-baum-liberty,2019-04-02,2019,4,3,cloud,39.5,28.1,0.0,0.0,0.0,0.0,7.6,12.72,0,0,1
atlantic-baum-liberty,2019-04-03,2019,4,3,cloud,45.2,34.7,0.0,0.0,0.0,0.0,16.4,12.76,0,0,0
atlantic-baum-liberty,2019-04-04,2019,4,51,rain,45.1,36.1,0.008,0.008,0.0,2.0,9.6,12.81,0,0,0
atlantic-baum-liberty,2019-04-05,2019,4,55,rain,46.3,41.7,0.232,0.232,0.0,12.0,14.8,12.85,1,0,0
atlantic-baum-liberty,2019-04-06,2019,4,3,cloud,51.4,39.5,0.0,0.0,0.0,0.0,5.5,12.89,0,0,0
atlantic-baum-liberty,2019-04-07,2019,4,53,rain,56.8,44.7,0.114,0.114,0.0,6.0,9.8,12.94,1,0,0
atlantic-baum-liberty,2019-04-08,2019,4,51,rain,62.4,55.9,0.02,0.02,0.0,4.0,12.6,12.98,1,0,0
atlantic-baum-liberty,2019-04-09,2019,4,3,cloud,57.7,47.5,0.0,0.0,0.0,0.0,14.7,13.02,0,0,0
atlantic-baum-liberty,2019-04-10,2019,4,3,cloud,48.3,38.9,0.0,0.0,0.0,0.0,8.7,13.07,0,0,0
atlantic-baum-liberty,2019-04-11,2019,4,53,rain,53.4,40.2,0.028,0.028,0.0,2.0,11.2,13.11,1,0,0
atlantic-baum-liberty,2019-04-12,2019,4,63,rain,61.5,53.1,0.339,0.339,0.0,6.0,15.9,13.15,1,0,0
atlantic-baum-liberty,2019-04-13,2019,4,3,cloud,59.3,47.2,0.0,0.0,0.0,0.0,8.6,13.2,0,0,0
atlantic-baum-liberty,2019-04-14,2019,4,63,rain,58.9,50.1,0.965,0.965,0.0,13.0,18.4,13.24,1,0,0
atlantic-baum-liberty,2019-04-15,2019,4,61,rain,44.3,36.9,0.142,0.142,0.0,12.0,19.0,13.28,1,0,0
atlantic-baum-liberty,2019-04-16,2019,4,3,cloud,50.3,36.7,0.0,0.0,0.0,0.0,12.0,13.32,0,0,0
atlantic-baum-liberty,2019-04-17,2019,4,3,cloud,61.9,50.4,0.0,0.0,0.0,0.0,9.2,13.37,0,0,0
atlantic-baum-liberty,2019-04-18,2019,4,61,rain,66.0,54.2,0.059,0.059,0.0,1.0,14.1,13.41,1,0,0
atlantic-baum-liberty,2019-04-19,2019,4,63,rain,64.8,58.0,0.689,0.689,0.0,14.0,13.3,13.45,1,0,0
atlantic-baum-liberty,2019-04-20,2019,4,63,rain,58.0,50.5,0.539,0.539,0.0,14.0,11.9,13.49,1,0,0
atlantic-baum-liberty,2019-04-21,2019,4,51,rain,50.1,45.9,0.059,0.059,0.0,8.0,9.4,13.53,1,0,0
atlantic-baum-liberty,2019-04-22,2019,4,3,cloud,54.3,41.8,0.0,0.0,0.0,0.0,5.9,13.58,0,0,0
atlantic-baum-liberty,2019-04-23,2019,4,63,rain,60.3,48.1,0.433,0.433,0.0,6.0,12.8,13.62,1,0,0
atlantic-baum-liberty,2019-04-24,2019,4,3,cloud,54.2,43.7,0.0,0.0,0.0,0.0,11.2,13.66,0,0,0
atlantic-baum-liberty,2019-04-25,2019,4,53,rain,54.9,49.3,0.154,0.154,0.0,13.0,8.2,13.7,1,0,0
atlantic-baum-liberty,2019-04-26,2019,4,63,rain,54.3,47.0,0.846,0.846,0.0,22.0,17.7,13.74,1,0,0
atlantic-baum-liberty,2019-04-27,2019,4,53,rain,49.1,41.0,0.051,0.051,0.0,4.0,16.8,13.78,1,0,0
atlantic-baum-liberty,2019-04-28,2019,4,61,rain,46.8,41.5,0.213,0.213,0.0,10.0,11.0,13.82,1,0,0
atlantic-baum-liberty,2019-04-29,2019,4,53,rain,52.2,36.1,0.083,0.083,0.0,4.0,10.9,13.85,1,0,0
atlantic-baum-liberty,2019-04-30,2019,4,51,rain,56.8,49.4,0.004,0.004,0.0,1.0,7.8,13.89,0,0,0
atlantic-baum-liberty,2019-05-01,2019,5,51,rain,68.5,55.2,0.008,0.008,0.0,2.0,14.9,13.93,0,0,0
atlantic-baum-liberty,2019-05-02,2019,5,61,rain,67.0,59.0,0.217,0.217,0.0,8.0,7.7,13.97,1,0,0
atlantic-baum-liberty,2019-05-03,2019,5,63,rain,65.3,61.2,0.236,0.236,0.0,9.0,7.4,14.01,1,0,0
atlantic-baum-liberty,2019-05-04,2019,5,55,rain,61.4,56.5,0.122,0.122,0.0,7.0,9.2,14.04,1,0,0
atlantic-baum-liberty,2019-05-05,2019,5,55,rain,57.5,53.8,0.319,0.319,0.0,18.0,8.6,14.08,1,0,0
atlantic-baum-liberty,2019-05-06,2019,5,3,cloud,58.8,45.1,0.0,0.0,0.0,0.0,6.1,14.12,0,0,0
atlantic-baum-liberty,2019-05-07,2019,5,51,rain,62.3,50.5,0.008,0.008,0.0,2.0,9.6,14.15,0,0,0
atlantic-baum-liberty,2019-05-08,2019,5,3,cloud,62.0,50.8,0.0,0.0,0.0,0.0,9.3,14.19,0,0,0
atlantic-baum-liberty,2019-05-09,2019,5,63,rain,67.2,58.8,0.39,0.39,0.0,9.0,13.9,14.23,1,0,0
atlantic-baum-liberty,2019-05-10,2019,5,65,rain,64.4,53.8,1.386,1.386,0.0,15.0,13.2,14.26,1,0,0
atlantic-baum-liberty,2019-05-11,2019,5,51,rain,54.3,46.5,0.012,0.012,0.0,1.0,8.9,14.3,1,0,0
atlantic-baum-liberty,2019-05-12,2019,5,63,rain,55.4,51.4,0.878,0.878,0.0,22.0,9.1,14.33,1,0,0
atlantic-baum-liberty,2019-05-13,2019,5,61,rain,53.7,48.7,0.213,0.213,0.0,16.0,11.8,14.36,1,0,0
atlantic-baum-liberty,2019-05-14,2019,5,53,rain,48.9,43.9,0.063,0.063,0.0,9.0,13.6,14.39,1,0,0
atlantic-baum-liberty,2019-05-15,2019,5,51,rain,55.4,43.4,0.004,0.004,0.0,1.0,10.5,14.43,0,0,0
atlantic-baum-liberty,2019-05-16,2019,5,51,rain,60.9,49.2,0.016,0.016,0.0,1.0,9.3,14.46,1,0,0
atlantic-baum-liberty,2019-05-17,2019,5,61,rain,64.3,57.7,0.276,0.276,0.0,13.0,11.0,14.49,1,0,0
atlantic-baum-liberty,2019-05-18,2019,5,61,rain,65.3,54.1,0.244,0.244,0.0,11.0,6.5,14.52,1,0,0
atlantic-baum-liberty,2019-05-19,2019,5,55,rain,72.5,63.1,0.047,0.047,0.0,2.0,14.4,14.55,1,0,0
atlantic-baum-liberty,2019-05-20,2019,5,51,rain,66.3,54.6,0.031,0.031,0.0,5.0,16.0,14.58,1,0,0
atlantic-baum-liberty,2019-05-21,2019,5,3,cloud,54.0,44.5,0.0,0.0,0.0,0.0,9.3,14.6,0,0,0
atlantic-baum-liberty,2019-05-22,2019,5,51,rain,62.6,49.0,0.02,0.02,0.0,2.0,9.3,14.63,1,0,0
atlantic-baum-liberty,2019-05-23,2019,5,55,rain,70.9,63.4,0.177,0.177,0.0,12.0,17.7,14.66,1,0,0
atlantic-baum-liberty,2019-05-24,2019,5,3,cloud,66.1,54.5,0.0,0.0,0.0,0.0,9.8,14.68,0,0,0
atlantic-baum-liberty,2019-05-25,2019,5,63,rain,70.0,58.6,0.472,0.472,0.0,6.0,12.4,14.71,1,0,0
atlantic-baum-liberty,2019-05-26,2019,5,63,rain,69.6,62.9,0.327,0.327,0.0,15.0,10.5,14.73,1,0,0
atlantic-baum-liberty,2019-05-27,2019,5,3,cloud,66.9,57.7,0.0,0.0,0.0,0.0,6.5,14.76,0,0,0
atlantic-baum-liberty,2019-05-28,2019,5,63,rain,69.4,63.4,1.24,1.24,0.0,17.0,13.2,14.78,1,0,0
atlantic-baum-liberty,2019-05-29,2019,5,63,rain,69.4,63.9,0.953,0.953,0.0,19.0,14.1,14.8,1,0,0
atlantic-baum-liberty,2019-05-30,2019,5,63,rain,67.3,64.1,0.563,0.563,0.0,14.0,11.6,14.83,1,0,0
atlantic-baum-liberty,2019-05-31,2019,5,51,rain,66.2,57.3,0.004,0.004,0.0,1.0,7.4,14.85,0,0,0
atlantic-baum-liberty,2019-06-01,2019,6,63,rain,67.6,56.3,0.295,0.295,0.0,5.0,12.2,14.87,1,0,0
atlantic-baum-liberty,2019-06-02,2019,6,63,rain,62.9,55.1,0.457,0.457,0.0,13.0,11.0,14.89,1,0,0
atlantic-baum-liberty,2019-06-03,2019,6,3,cloud,56.0,50.1,0.0,0.0,0.0,0.0,10.0,14.9,0,0,0
atlantic-baum-liberty,2019-06-04,2019,6,3,cloud,60.7,46.4,0.0,0.0,0.0,0.0,9.8,14.92,0,0,0
atlantic-baum-liberty,2019-06-05,2019,6,63,rain,65.7,58.4,0.37,0.37,0.0,11.0,16.0,14.94,1,0,0
atlantic-baum-liberty,2019-06-06,2019,6,63,rain,69.0,63.0,0.303,0.303,0.0,10.0,8.1,14.95,1,0,0
atlantic-baum-liberty,2019-06-07,2019,6,3,cloud,66.8,57.7,0.0,0.0,0.0,0.0,9.4,14.97,0,0,0
atlantic-baum-liberty,2019-06-08,2019,6,3,cloud,69.0,59.0,0.0,0.0,0.0,0.0,11.7,14.98,0,0,0
atlantic-baum-liberty,2019-06-09,2019,6,61,rain,70.4,64.5,0.055,0.055,0.0,2.0,14.3,14.99,1,0,0
atlantic-baum-liberty,2019-06-10,2019,6,63,rain,67.2,60.9,1.047,1.047,0.0,17.0,13.5,15.0,1,0,0
atlantic-baum-liberty,2019-06-11,2019,6,51,rain,61.7,51.0,0.008,0.008,0.0,1.0,11.0,15.01,0,0,0
atlantic-baum-liberty,2019-06-12,2019,6,3,cloud,63.3,50.5,0.0,0.0,0.0,0.0,9.9,15.02,0,0,0
atlantic-baum-liberty,2019-06-13,2019,6,63,rain,60.8,54.9,0.398,0.398,0.0,14.0,17.7,15.03,1,0,0
atlantic-baum-liberty,2019-06-14,2019,6,55,rain,59.8,51.8,0.15,0.15,0.0,7.0,15.3,15.04,1,0,0
atlantic-baum-liberty,2019-06-15,2019,6,53,rain,64.2,53.2,0.035,0.035,0.0,4.0,10.7,15.05,1,0,0
atlantic-baum-liberty,2019-06-16,2019,6,63,rain,69.1,64.0,0.508,0.508,0.0,22.0,15.9,15.05,1,0,0
atlantic-baum-liberty,2019-06-17,2019,6,63,rain,68.2,64.5,0.673,0.673,0.0,22.0,9.5,15.06,1,0,0
atlantic-baum-liberty,2019-06-18,2019,6,65,rain,68.7,65.0,1.161,1.161,0.0,18.0,6.9,15.06,1,0,0
atlantic-baum-liberty,2019-06-19,2019,6,63,rain,69.8,63.8,0.362,0.362,0.0,15.0,6.7,15.06,1,0,0
atlantic-baum-liberty,2019-06-20,2019,6,61,rain,69.9,65.2,0.531,0.531,0.0,21.0,11.2,15.06,1,0,0
atlantic-baum-liberty,2019-06-21,2019,6,61,rain,66.1,60.3,0.079,0.079,0.0,5.0,13.8,15.06,1,0,0
atlantic-baum-liberty,2019-06-22,2019,6,3,cloud,64.4,53.0,0.0,0.0,0.0,0.0,7.2,15.06,0,0,0
atlantic-baum-liberty,2019-06-23,2019,6,3,cloud,67.1,54.3,0.0,0.0,0.0,0.0,5.7,15.06,0,0,0
atlantic-baum-liberty,2019-06-24,2019,6,63,rain,71.7,63.6,0.413,0.413,0.0,6.0,9.7,15.06,1,0,0
atlantic-baum-liberty,2019-06-25,2019,6,63,rain,72.5,65.6,0.15,0.15,0.0,4.0,12.4,15.06,1,0,0
atlantic-baum-liberty,2019-06-26,2019,6,61,rain,72.8,63.9,0.098,0.098,0.0,5.0,8.3,15.05,1,0,0
atlantic-baum-liberty,2019-06-27,2019,6,63,rain,73.9,64.3,0.106,0.106,0.0,2.0,5.5,15.05,1,0,0
atlantic-baum-liberty,2019-06-28,2019,6,63,rain,74.2,65.1,0.209,0.209,0.0,7.0,4.9,15.04,1,0,0
atlantic-baum-liberty,2019-06-29,2019,6,51,rain,76.3,68.0,0.024,0.024,0.0,3.0,12.3,15.03,1,0,0
atlantic-baum-liberty,2019-06-30,2019,6,51,rain,73.6,64.9,0.02,0.02,0.0,3.0,13.1,15.02,1,0,0
atlantic-baum-liberty,2019-07-01,2019,7,3,cloud,70.0,57.4,0.0,0.0,0.0,0.0,5.6,15.01,0,0,0
atlantic-baum-liberty,2019-07-02,2019,7,63,rain,75.4,67.2,0.689,0.689,0.0,11.0,11.8,15.0,1,0,0
atlantic-baum-liberty,2019-07-03,2019,7,55,rain,74.8,69.4,0.126,0.126,0.0,9.0,6.5,14.99,1,0,0
atlantic-baum-liberty,2019-07-04,2019,7,63,rain,75.3,68.6,0.488,0.488,0.0,11.0,6.3,14.98,1,0,0
atlantic-baum-liberty,2019-07-05,2019,7,63,rain,76.1,70.3,0.283,0.283,0.0,8.0,6.3,14.97,1,0,0
atlantic-baum-liberty,2019-07-06,2019,7,65,rain,76.4,69.9,0.433,0.433,0.0,11.0,8.0,14.95,1,0,0
atlantic-baum-liberty,2019-07-07,2019,7,63,rain,74.9,70.3,0.382,0.382,0.0,11.0,5.8,14.94,1,0,0
atlantic-baum-liberty,2019-07-08,2019,7,51,rain,74.0,66.7,0.031,0.031,0.0,8.0,7.3,14.92,1,0,0
atlantic-baum-liberty,2019-07-09,2019,7,51,rain,74.9,64.3,0.004,0.004,0.0,1.0,5.7,14.9,0,0,0
atlantic-baum-liberty,2019-07-10,2019,7,51,rain,77.8,69.5,0.012,0.012,0.0,3.0,6.3,14.88,1,0,0
atlantic-baum-liberty,2019-07-11,2019,7,63,rain,74.1,70.0,0.417,0.417,0.0,12.0,6.7,14.87,1,0,0
atlantic-baum-liberty,2019-07-12,2019,7,2,cloud,72.2,65.3,0.0,0.0,0.0,0.0,8.1,14.85,0,0,0
atlantic-baum-liberty,2019-07-13,2019,7,2,cloud,74.2,63.1,0.0,0.0,0.0,0.0,7.7,14.83,0,0,0
atlantic-baum-liberty,2019-07-14,2019,7,3,cloud,74.9,68.6,0.0,0.0,0.0,0.0,7.1,14.8,0,0,0
atlantic-baum-liberty,2019-07-15,2019,7,3,cloud,73.3,60.5,0.0,0.0,0.0,0.0,4.7,14.78,0,0,0
atlantic-baum-liberty,2019-07-16,2019,7,51,rain,77.3,70.7,0.004,0.004,0.0,1.0,9.5,14.76,0,0,0
atlantic-baum-liberty,2019-07-17,2019,7,63,rain,75.6,72.0,0.555,0.555,0.0,16.0,9.7,14.74,1,0,0
atlantic-baum-liberty,2019-07-18,2019,7,51,rain,76.1,68.2,0.035,0.035,0.0,4.0,5.4,14.71,1,0,0
atlantic-baum-liberty,2019-07-19,2019,7,51,rain,80.1,72.5,0.012,0.012,0.0,3.0,10.7,14.69,1,0,0
atlantic-baum-liberty,2019-07-20,2019,7,51,rain,81.6,74.8,0.008,0.008,0.0,2.0,9.9,14.66,0,0,0
atlantic-baum-liberty,2019-07-21,2019,7,63,rain,79.9,73.8,0.335,0.335,0.0,11.0,7.3,14.64,1,0,0
atlantic-baum-liberty,2019-07-22,2019,7,63,rain,71.3,67.0,1.083,1.083,0.0,17.0,10.7,14.61,1,0,0
atlantic-baum-liberty,2019-07-23,2019,7,51,rain,68.4,61.0,0.039,0.039,0.0,6.0,8.5,14.58,1,0,0
atlantic-baum-liberty,2019-07-24,2019,7,53,rain,65.8,57.1,0.047,0.047,0.0,2.0,7.1,14.55,1,0,0
atlantic-baum-liberty,2019-07-25,2019,7,3,cloud,68.0,55.9,0.0,0.0,0.0,0.0,4.1,14.52,0,0,0
atlantic-baum-liberty,2019-07-26,2019,7,51,rain,71.5,60.8,0.004,0.004,0.0,1.0,4.0,14.49,0,0,0
atlantic-baum-liberty,2019-07-27,2019,7,51,rain,73.4,63.9,0.008,0.008,0.0,1.0,7.7,14.46,0,0,0
atlantic-baum-liberty,2019-07-28,2019,7,51,rain,75.7,67.9,0.016,0.016,0.0,3.0,10.7,14.43,1,0,0
atlantic-baum-liberty,2019-07-29,2019,7,3,cloud,77.1,67.6,0.0,0.0,0.0,0.0,9.3,14.4,0,0,0
atlantic-baum-liberty,2019-07-30,2019,7,63,rain,73.2,69.9,0.398,0.398,0.0,7.0,11.3,14.37,1,0,0
atlantic-baum-liberty,2019-07-31,2019,7,55,rain,72.6,67.2,0.134,0.134,0.0,10.0,5.9,14.33,1,0,0
atlantic-baum-liberty,2019-08-01,2019,8,51,rain,73.6,65.0,0.008,0.008,0.0,2.0,4.5,14.3,0,0,0
atlantic-baum-liberty,2019-08-02,2019,8,51,rain,73.4,64.3,0.02,0.02,0.0,5.0,6.1,14.27,1,0,0
atlantic-baum-liberty,2019-08-03,2019,8,51,rain,73.4,65.8,0.016,0.016,0.0,4.0,4.5,14.23,1,0,0
atlantic-baum-liberty,2019-08-04,2019,8,1,clear,72.1,60.8,0.0,0.0,0.0,0.0,4.9,14.2,0,0,0
atlantic-baum-liberty,2019-08-05,2019,8,61,rain,74.1,66.1,0.059,0.059,0.0,1.0,5.8,14.16,1,0,0
atlantic-baum-liberty,2019-08-06,2019,8,53,rain,74.5,66.7,0.087,0.087,0.0,6.0,9.2,14.13,1,0,0
atlantic-baum-liberty,2019-08-07,2019,8,61,rain,71.1,66.5,0.201,0.201,0.0,10.0,8.8,14.09,1,0,0
atlantic-baum-liberty,2019-08-08,2019,8,61,rain,72.1,64.5,0.201,0.201,0.0,5.0,13.0,14.06,1,0,0
atlantic-baum-liberty,2019-08-09,2019,8,51,rain,70.7,64.0,0.02,0.02,0.0,3.0,8.9,14.02,1,0,0
atlantic-baum-liberty,2019-08-10,2019,8,3,cloud,68.3,60.8,0.0,0.0,0.0,0.0,9.4,13.98,0,0,0
atlantic-baum-liberty,2019-08-11,2019,8,3,cloud,69.2,57.1,0.0,0.0,0.0,0.0,5.2,13.95,0,0,0
atlantic-baum-liberty,2019-08-12,2019,8,53,rain,73.6,62.2,0.02,0.02,0.0,1.0,7.9,13.91,1,0,0
atlantic-baum-liberty,2019-08-13,2019,8,63,rain,70.4,66.7,1.165,1.165,0.0,17.0,6.5,13.87,1,0,0
atlantic-baum-liberty,2019-08-14,2019,8,51,rain,72.1,66.4,0.008,0.008,0.0,2.0,6.4,13.83,0,0,0
atlantic-baum-liberty,2019-08-15,2019,8,63,rain,72.2,65.7,0.205,0.205,0.0,6.0,6.3,13.79,1,0,0
atlantic-baum-liberty,2019-08-16,2019,8,51,rain,73.4,64.9,0.004,0.004,0.0,1.0,7.9,13.75,0,0,0
atlantic-baum-liberty,2019-08-17,2019,8,51,rain,74.7,65.1,0.047,0.047,0.0,6.0,8.3,13.71,1,0,0
atlantic-baum-liberty,2019-08-18,2019,8,61,rain,77.1,68.5,0.075,0.075,0.0,3.0,7.8,13.67,1,0,0
atlantic-baum-liberty,2019-08-19,2019,8,53,rain,76.6,69.8,0.059,0.059,0.0,4.0,8.5,13.63,1,0,0
atlantic-baum-liberty,2019-08-20,2019,8,61,rain,76.6,68.1,0.094,0.094,0.0,4.0,6.9,13.59,1,0,0
atlantic-baum-liberty,2019-08-21,2019,8,53,rain,75.6,70.7,0.063,0.063,0.0,7.0,9.5,13.55,1,0,0
atlantic-baum-liberty,2019-08-22,2019,8,61,rain,72.1,67.1,0.122,0.122,0.0,9.0,8.7,13.51,1,0,0
atlantic-baum-liberty,2019-08-23,2019,8,3,cloud,66.4,61.6,0.0,0.0,0.0,0.0,7.3,13.47,0,0,0
atlantic-baum-liberty,2019-08-24,2019,8,3,cloud,64.6,55.8,0.0,0.0,0.0,0.0,7.6,13.43,0,0,0
atlantic-baum-liberty,2019-08-25,2019,8,3,cloud,64.7,54.3,0.0,0.0,0.0,0.0,9.3,13.39,0,0,0
atlantic-baum-liberty,2019-08-26,2019,8,3,cloud,66.9,57.9,0.0,0.0,0.0,0.0,10.6,13.35,0,0,0
atlantic-baum-liberty,2019-08-27,2019,8,55,rain,69.0,62.8,0.252,0.252,0.0,14.0,12.0,13.3,1,0,0
atlantic-baum-liberty,2019-08-28,2019,8,61,rain,71.4,63.9,0.563,0.563,0.0,11.0,10.9,13.26,1,0,0
atlantic-baum-liberty,2019-08-29,2019,8,2,cloud,67.2,57.0,0.0,0.0,0.0,0.0,9.2,13.22,0,0,0
atlantic-baum-liberty,2019-08-30,2019,8,51,rain,72.0,64.2,0.004,0.004,0.0,1.0,10.8,13.18,0,0,0
atlantic-baum-liberty,2019-08-31,2019,8,3,cloud,67.9,61.3,0.0,0.0,0.0,0.0,7.4,13.14,0,0,0
atlantic-baum-liberty,2019-09-01,2019,9,61,rain,69.6,62.3,0.339,0.339,0.0,15.0,8.6,13.09,1,0,0
atlantic-baum-liberty,2019-09-02,2019,9,63,rain,70.2,65.3,0.634,0.634,0.0,12.0,9.9,13.05,1,0,0
atlantic-baum-liberty,2019-09-03,2019,9,3,cloud,71.2,59.4,0.0,0.0,0.0,0.0,8.0,13.01,0,0,0
atlantic-baum-liberty,2019-09-04,2019,9,51,rain,72.7,62.4,0.012,0.012,0.0,2.0,10.8,12.96,1,0,0
atlantic-baum-liberty,2019-09-05,2019,9,0,clear,64.9,54.5,0.0,0.0,0.0,0.0,6.5,12.92,0,0,0
atlantic-baum-liberty,2019-09-06,2019,9,3,cloud,66.4,56.7,0.0,0.0,0.0,0.0,6.9,12.88,0,0,0
atlantic-baum-liberty,2019-09-07,2019,9,51,rain,64.7,57.1,0.02,0.02,0.0,4.0,9.8,12.83,1,0,0
atlantic-baum-liberty,2019-09-08,2019,9,51,rain,63.6,54.6,0.008,0.008,0.0,2.0,6.4,12.79,0,0,0
atlantic-baum-liberty,2019-09-09,2019,9,3,cloud,66.6,55.9,0.0,0.0,0.0,0.0,6.2,12.75,0,0,0
atlantic-baum-liberty,2019-09-10,2019,9,3,cloud,72.9,58.4,0.0,0.0,0.0,0.0,6.4,12.7,0,0,0
atlantic-baum-liberty,2019-09-11,2019,9,61,rain,75.9,68.2,0.299,0.299,0.0,7.0,7.3,12.66,1,0,0
atlantic-baum-liberty,2019-09-12,2019,9,61,rain,74.9,69.9,0.142,0.142,0.0,4.0,7.9,12.61,1,0,0
atlantic-baum-liberty,2019-09-13,2019,9,51,rain,72.9,65.4,0.008,0.008,0.0,2.0,13.7,12.57,0,0,0
atlantic-baum-liberty,2019-09-14,2019,9,61,rain,71.2,62.5,0.217,0.217,0.0,10.0,11.9,12.53,1,0,0
atlantic-baum-liberty,2019-09-15,2019,9,3,cloud,68.2,55.9,0.0,0.0,0.0,0.0,4.0,12.48,0,0,0
atlantic-baum-liberty,2019-09-16,2019,9,3,cloud,72.3,63.0,0.0,0.0,0.0,0.0,9.9,12.44,0,0,0
atlantic-baum-liberty,2019-09-17,2019,9,3,cloud,69.5,62.5,0.0,0.0,0.0,0.0,8.2,12.4,0,0,0
atlantic-baum-liberty,2019-09-18,2019,9,0,clear,65.2,55.9,0.0,0.0,0.0,0.0,8.1,12.35,0,0,0
atlantic-baum-liberty,2019-09-19,2019,9,3,cloud,64.8,54.1,0.0,0.0,0.0,0.0,7.7,12.31,0,0,0
atlantic-baum-liberty,2019-09-20,2019,9,3,cloud,67.2,56.0,0.0,0.0,0.0,0.0,5.6,12.26,0,0,0
atlantic-baum-liberty,2019-09-21,2019,9,51,rain,72.4,63.4,0.004,0.004,0.0,1.0,6.2,12.22,0,0,0
atlantic-baum-liberty,2019-09-22,2019,9,3,cloud,75.8,65.8,0.0,0.0,0.0,0.0,9.7,12.18,0,0,0
atlantic-baum-liberty,2019-09-23,2019,9,51,rain,71.2,63.8,0.024,0.024,0.0,4.0,14.5,12.13,1,0,0
atlantic-baum-liberty,2019-09-24,2019,9,3,cloud,64.0,56.4,0.0,0.0,0.0,0.0,9.9,12.09,0,0,0
atlantic-baum-liberty,2019-09-25,2019,9,3,cloud,65.5,53.9,0.0,0.0,0.0,0.0,7.7,12.04,0,0,0
atlantic-baum-liberty,2019-09-26,2019,9,61,rain,67.1,58.0,0.138,0.138,0.0,7.0,12.5,12.0,1,0,0
atlantic-baum-liberty,2019-09-27,2019,9,2,cloud,65.5,51.7,0.0,0.0,0.0,0.0,8.0,11.95,0,0,0
atlantic-baum-liberty,2019-09-28,2019,9,63,rain,73.4,66.8,0.213,0.213,0.0,4.0,11.2,11.91,1,0,0
atlantic-baum-liberty,2019-09-29,2019,9,51,rain,69.4,63.2,0.016,0.016,0.0,1.0,6.2,11.86,1,0,0
atlantic-baum-liberty,2019-09-30,2019,9,61,rain,70.8,66.6,0.307,0.307,0.0,12.0,6.0,11.82,1,0,0
atlantic-baum-liberty,2019-10-01,2019,10,3,cloud,76.3,67.4,0.0,0.0,0.0,0.0,9.7,11.78,0,0,0
atlantic-baum-liberty,2019-10-02,2019,10,3,cloud,76.4,69.1,0.0,0.0,0.0,0.0,10.2,11.73,0,0,0
atlantic-baum-liberty,2019-10-03,2019,10,51,rain,75.6,67.6,0.047,0.047,0.0,6.0,13.0,11.69,1,0,0
atlantic-baum-liberty,2019-10-04,2019,10,51,rain,60.1,50.4,0.004,0.004,0.0,1.0,10.9,11.64,0,0,0
atlantic-baum-liberty,2019-10-05,2019,10,3,cloud,54.8,45.1,0.0,0.0,0.0,0.0,11.2,11.6,0,0,0
atlantic-baum-liberty,2019-10-06,2019,10,61,rain,64.3,55.8,0.126,0.126,0.0,4.0,11.4,11.56,1,0,0
atlantic-baum-liberty,2019-10-07,2019,10,63,rain,57.0,53.2,1.492,1.492,0.0,20.0,8.7,11.51,1,0,0
atlantic-baum-liberty,2019-10-08,2019,10,3,cloud,56.0,49.3,0.0,0.0,0.0,0.0,7.4,11.47,0,0,0
atlantic-baum-liberty,2019-10-09,2019,10,2,cloud,56.2,46.0,0.0,0.0,0.0,0.0,7.6,11.43,0,0,0
atlantic-baum-liberty,2019-10-10,2019,10,3,cloud,58.1,47.8,0.0,0.0,0.0,0.0,6.7,11.38,0,0,0
atlantic-baum-liberty,2019-10-11,2019,10,3,cloud,61.2,50.2,0.0,0.0,0.0,0.0,7.1,11.34,0,0,0
atlantic-baum-liberty,2019-10-12,2019,10,51,rain,55.3,44.0,0.035,0.035,0.0,5.0,12.0,11.3,1,0,0
atlantic-baum-liberty,2019-10-13,2019,10,3,cloud,49.7,39.3,0.0,0.0,0.0,0.0,7.9,11.25,0,0,0
atlantic-baum-liberty,2019-10-14,2019,10,1,clear,52.8,46.9,0.0,0.0,0.0,0.0,10.5,11.21,0,0,0
atlantic-baum-liberty,2019-10-15,2019,10,2,cloud,53.0,41.5,0.0,0.0,0.0,0.0,8.9,11.16,0,0,0
atlantic-baum-liberty,2019-10-16,2019,10,63,rain,52.7,46.9,0.862,0.862,0.0,12.0,15.0,11.12,1,0,0
atlantic-baum-liberty,2019-10-17,2019,10,51,rain,46.6,43.6,0.063,0.063,0.0,8.0,18.4,11.08,1,0,0
atlantic-baum-liberty,2019-10-18,2019,10,3,cloud,47.2,41.7,0.0,0.0,0.0,0.0,9.5,11.03,0,0,0
atlantic-baum-liberty,2019-10-19,2019,10,3,cloud,49.2,36.8,0.0,0.0,0.0,0.0,6.5,10.99,0,0,0
atlantic-baum-liberty,2019-10-20,2019,10,3,cloud,54.5,48.9,0.0,0.0,0.0,0.0,7.5,10.95,0,0,0
atlantic-baum-liberty,2019-10-21,2019,10,3,cloud,56.3,43.3,0.0,0.0,0.0,0.0,10.9,10.91,0,0,0
atlantic-baum-liberty,2019-10-22,2019,10,63,rain,57.5,51.0,0.626,0.626,0.0,12.0,10.3,10.86,1,0,0
atlantic-baum-liberty,2019-10-23,2019,10,1,clear,50.1,43.9,0.0,0.0,0.0,0.0,13.8,10.82,0,0,0
atlantic-baum-liberty,2019-10-24,2019,10,1,clear,52.7,42.4,0.0,0.0,0.0,0.0,8.2,10.78,0,0,0
atlantic-baum-liberty,2019-10-25,2019,10,3,cloud,50.7,42.1,0.0,0.0,0.0,0.0,5.6,10.74,0,0,0
atlantic-baum-liberty,2019-10-26,2019,10,63,rain,51.4,46.0,0.35,0.35,0.0,11.0,12.7,10.7,1,0,0
atlantic-baum-liberty,2019-10-27,2019,10,63,rain,57.1,49.9,0.606,0.606,0.0,11.0,16.0,10.66,1,0,0
atlantic-baum-liberty,2019-10-28,2019,10,3,cloud,52.9,41.9,0.0,0.0,0.0,0.0,6.5,10.62,0,0,0
atlantic-baum-liberty,2019-10-29,2019,10,3,cloud,58.7,50.0,0.0,0.0,0.0,0.0,13.0,10.58,0,0,0
atlantic-baum-liberty,2019-10-30,2019,10,63,rain,56.3,49.6,0.343,0.343,0.0,7.0,7.0,10.54,1,0,0
atlantic-baum-liberty,2019-10-31,2019,10,63,rain,59.0,38.8,0.988,0.988,0.0,18.0,21.7,10.5,1,0,0
atlantic-baum-liberty,2019-11-01,2019,11,3,cloud,38.6,35.5,0.0,0.0,0.0,0.0,24.2,10.46,0,0,0
atlantic-baum-liberty,2019-11-02,2019,11,51,rain,39.6,30.5,0.004,0.004,0.0,1.0,10.4,10.42,0,0,1
atlantic-baum-liberty,2019-11-03,2019,11,3,cloud,40.2,35.4,0.0,0.0,0.0,0.0,11.0,10.38,0,0,0
atlantic-baum-liberty,2019-11-04,2019,11,3,cloud,43.9,33.7,0.0,0.0,0.0,0.0,12.2,10.34,0,0,0
atlantic-baum-liberty,2019-11-05,2019,11,53,rain,45.3,39.6,0.173,0.173,0.0,9.0,9.3,10.3,1,0,0
atlantic-baum-liberty,2019-11-06,2019,11,3,cloud,40.4,32.1,0.0,0.0,0.0,0.0,5.9,10.27,0,0,0
atlantic-baum-liberty,2019-11-07,2019,11,61,rain,41.5,33.1,0.492,0.492,0.0,17.0,10.2,10.23,1,0,0
atlantic-baum-liberty,2019-11-08,2019,11,3,cloud,31.4,28.0,0.0,0.0,0.0,0.0,10.1,10.19,0,0,1
atlantic-baum-liberty,2019-11-09,2019,11,3,cloud,32.6,25.6,0.0,0.0,0.0,0.0,8.9,10.15,0,0,1
atlantic-baum-liberty,2019-11-10,2019,11,3,cloud,42.4,32.5,0.0,0.0,0.0,0.0,9.4,10.12,0,0,0
atlantic-baum-liberty,2019-11-11,2019,11,53,rain,47.4,38.7,0.031,0.031,0.0,2.0,10.8,10.08,1,0,0
atlantic-baum-liberty,2019-11-12,2019,11,73,snow,28.9,18.1,0.232,0.075,1.102,21.0,15.7,10.05,1,1,1
atlantic-baum-liberty,2019-11-13,2019,11,3,cloud,18.7,11.1,0.0,0.0,0.0,0.0,6.3,10.01,0,0,1
atlantic-baum-liberty,2019-11-14,2019,11,3,cloud,30.1,19.4,0.0,0.0,0.0,0.0,7.8,9.98,0,0,1
atlantic-baum-liberty,2019-11-15,2019,11,3,cloud,33.2,25.8,0.0,0.0,0.0,0.0,8.0,9.95,0,0,1
atlantic-baum-liberty,2019-11-16,2019,11,3,cloud,33.8,28.4,0.0,0.0,0.0,0.0,9.3,9.92,0,0,1
atlantic-baum-liberty,2019-11-17,2019,11,3,cloud,34.7,27.5,0.0,0.0,0.0,0.0,9.3,9.88,0,0,1
atlantic-baum-liberty,2019-11-18,2019,11,3,cloud,38.0,30.0,0.0,0.0,0.0,0.0,7.5,9.85,0,0,1
atlantic-baum-liberty,2019-11-19,2019,11,51,rain,38.2,30.6,0.02,0.02,0.0,4.0,7.3,9.82,1,0,1
atlantic-baum-liberty,2019-11-20,2019,11,3,cloud,40.1,35.5,0.0,0.0,0.0,0.0,9.1,9.79,0,0,0
atlantic-baum-liberty,2019-11-21,2019,11,51,rain,40.7,29.8,0.035,0.035,0.0,3.0,13.3,9.76,1,0,1
atlantic-baum-liberty,2019-11-22,2019,11,61,rain,43.1,31.6,0.232,0.232,0.0,8.0,13.0,9.73,1,0,1
atlantic-baum-liberty,2019-11-23,2019,11,61,rain,35.9,27.0,0.228,0.228,0.0,7.0,7.2,9.7,1,0,1
atlantic-baum-liberty,2019-11-24,2019,11,71,snow,38.6,34.0,0.075,0.071,0.028,9.0,13.4,9.68,1,0,0
atlantic-baum-liberty,2019-11-25,2019,11,3,cloud,40.7,33.1,0.0,0.0,0.0,0.0,9.5,9.65,0,0,0
atlantic-baum-liberty,2019-11-26,2019,11,3,cloud,45.9,37.3,0.0,0.0,0.0,0.0,7.5,9.62,0,0,0
atlantic-baum-liberty,2019-11-27,2019,11,55,rain,48.9,40.1,0.134,0.134,0.0,10.0,21.8,9.6,1,0,0
atlantic-baum-liberty,2019-11-28,2019,11,3,cloud,38.0,36.1,0.0,0.0,0.0,0.0,17.9,9.57,0,0,0
atlantic-baum-liberty,2019-11-29,2019,11,3,cloud,35.7,32.6,0.0,0.0,0.0,0.0,6.3,9.55,0,0,0
atlantic-baum-liberty,2019-11-30,2019,11,3,cloud,37.6,34.3,0.0,0.0,0.0,0.0,9.2,9.53,0,0,0
atlantic-baum-liberty,2019-12-01,2019,12,63,rain,41.2,37.6,0.732,0.732,0.0,20.0,12.7,9.5,1,0,0
atlantic-baum-liberty,2019-12-02,2019,12,71,snow,34.4,30.7,0.059,0.055,0.028,8.0,11.4,9.48,1,0,1
atlantic-baum-liberty,2019-12-03,2019,12,73,snow,34.0,32.4,0.016,0.0,0.11,2.0,10.4,9.46,0,1,0
atlantic-baum-liberty,2019-12-04,2019,12,73,snow,34.0,30.6,0.146,0.035,0.772,13.0,13.5,9.44,1,1,1
atlantic-baum-liberty,2019-12-05,2019,12,71,snow,34.5,31.7,0.012,0.0,0.083,3.0,13.8,9.43,0,0,1
atlantic-baum-liberty,2019-12-06,2019,12,51,rain,37.8,30.5,0.004,0.004,0.0,1.0,13.9,9.41,0,0,1
atlantic-baum-liberty,2019-12-07,2019,12,3,cloud,30.7,25.3,0.0,0.0,0.0,0.0,5.8,9.39,0,0,1
atlantic-baum-liberty,2019-12-08,2019,12,3,cloud,37.7,26.6,0.0,0.0,0.0,0.0,10.8,9.38,0,0,1
atlantic-baum-liberty,2019-12-09,2019,12,63,rain,48.1,42.0,0.748,0.748,0.0,20.0,15.9,9.37,1,0,0
atlantic-baum-liberty,2019-12-10,2019,12,61,rain,42.3,28.2,0.323,0.323,0.0,12.0,15.0,9.35,1,0,1
atlantic-baum-liberty,2019-12-11,2019,12,3,cloud,26.6,21.6,0.0,0.0,0.0,0.0,16.9,9.34,0,0,1
atlantic-baum-liberty,2019-12-12,2019,12,3,cloud,27.8,20.5,0.0,0.0,0.0,0.0,8.4,9.33,0,0,1
atlantic-baum-liberty,2019-12-13,2019,12,53,rain,35.0,28.1,0.031,0.031,0.0,2.0,6.4,9.32,1,0,1
atlantic-baum-liberty,2019-12-14,2019,12,71,snow,37.6,34.9,0.555,0.551,0.028,22.0,12.8,9.31,1,0,0
atlantic-baum-liberty,2019-12-15,2019,12,71,snow,33.0,28.1,0.035,0.031,0.028,5.0,16.0,9.3,1,0,1
atlantic-baum-liberty,2019-12-16,2019,12,73,snow,32.3,28.0,0.394,0.248,1.02,17.0,8.1,9.3,1,1,1
atlantic-baum-liberty,2019-12-17,2019,12,71,snow,32.5,27.6,0.339,0.315,0.165,14.0,11.4,9.29,1,1,1
atlantic-baum-liberty,2019-12-18,2019,12,71,snow,24.3,20.0,0.004,0.0,0.028,1.0,16.6,9.29,0,0,1
atlantic-baum-liberty,2019-12-19,2019,12,3,cloud,21.8,15.3,0.0,0.0,0.0,0.0,11.9,9.28,0,0,1
atlantic-baum-liberty,2019-12-20,2019,12,3,cloud,27.1,20.2,0.0,0.0,0.0,0.0,6.0,9.28,0,0,1
atlantic-baum-liberty,2019-12-21,2019,12,3,cloud,31.9,25.4,0.0,0.0,0.0,0.0,7.0,9.28,0,0,1
atlantic-baum-liberty,2019-12-22,2019,12,3,cloud,35.0,26.4,0.0,0.0,0.0,0.0,6.4,9.28,0,0,1
atlantic-baum-liberty,2019-12-23,2019,12,3,cloud,36.2,26.5,0.0,0.0,0.0,0.0,6.8,9.28,0,0,1
atlantic-baum-liberty,2019-12-24,2019,12,3,cloud,34.2,26.9,0.0,0.0,0.0,0.0,5.1,9.28,0,0,1
atlantic-baum-liberty,2019-12-25,2019,12,3,cloud,34.6,25.1,0.0,0.0,0.0,0.0,6.3,9.28,0,0,1
atlantic-baum-liberty,2019-12-26,2019,12,3,cloud,41.8,31.4,0.0,0.0,0.0,0.0,7.5,9.29,0,0,1
atlantic-baum-liberty,2019-12-27,2019,12,51,rain,50.0,43.3,0.028,0.028,0.0,6.0,11.9,9.29,1,0,0
atlantic-baum-liberty,2019-12-28,2019,12,3,cloud,39.3,33.5,0.0,0.0,0.0,0.0,5.4,9.3,0,0,0
atlantic-baum-liberty,2019-12-29,2019,12,63,rain,48.2,39.4,0.791,0.791,0.0,15.0,8.1,9.31,1,0,0
atlantic-baum-liberty,2019-12-30,2019,12,63,rain,51.2,40.3,0.402,0.402,0.0,10.0,16.2,9.32,1,0,0
atlantic-baum-liberty,2019-12-31,2019,12,73,snow,37.0,32.8,0.091,0.016,0.524,13.0,18.5,9.33,1,1,0
atlantic-baum-liberty,2020-01-01,2020,1,73,snow,32.5,28.6,0.024,0.0,0.165,4.0,13.9,9.34,0,1,1
atlantic-baum-liberty,2020-01-02,2020,1,51,rain,39.2,29.8,0.031,0.031,0.0,3.0,10.5,9.35,1,0,1
atlantic-baum-liberty,2020-01-03,2020,1,61,rain,48.1,45.6,0.854,0.854,0.0,24.0,6.3,9.37,1,0,0
atlantic-baum-liberty,2020-01-04,2020,1,71,snow,42.4,33.6,0.209,0.201,0.055,13.0,10.3,9.38,1,0,0
atlantic-baum-liberty,2020-01-05,2020,1,73,snow,32.3,30.4,0.039,0.004,0.276,6.0,12.2,9.4,0,1,1
atlantic-baum-liberty,2020-01-06,2020,1,3,cloud,37.9,33.7,0.0,0.0,0.0,0.0,13.6,9.41,0,0,0
atlantic-baum-liberty,2020-01-07,2020,1,71,snow,31.6,25.9,0.012,0.0,0.083,3.0,7.8,9.43,0,0,1
atlantic-baum-liberty,2020-01-08,2020,1,71,snow,30.5,22.6,0.028,0.0,0.193,6.0,18.0,9.45,0,1,1
atlantic-baum-liberty,2020-01-09,2020,1,3,cloud,30.2,20.2,0.0,0.0,0.0,0.0,10.5,9.47,0,0,1
atlantic-baum-liberty,2020-01-10,2020,1,63,rain,47.6,40.8,0.476,0.476,0.0,12.0,11.9,9.49,1,0,0
atlantic-baum-liberty,2020-01-11,2020,1,63,rain,59.7,52.0,0.276,0.276,0.0,8.0,16.7,9.51,1,0,0
atlantic-baum-liberty,2020-01-12,2020,1,61,rain,47.2,37.8,0.177,0.177,0.0,5.0,20.9,9.53,1,0,0
atlantic-baum-liberty,2020-01-13,2020,1,3,cloud,41.3,35.1,0.0,0.0,0.0,0.0,9.7,9.55,0,0,0
atlantic-baum-liberty,2020-01-14,2020,1,51,rain,43.4,33.6,0.008,0.008,0.0,1.0,9.4,9.57,0,0,0
atlantic-baum-liberty,2020-01-15,2020,1,63,rain,42.3,34.3,0.134,0.134,0.0,4.0,8.4,9.6,1,0,0
atlantic-baum-liberty,2020-01-16,2020,1,73,snow,37.5,27.8,0.087,0.031,0.386,14.0,19.2,9.62,1,1,1
atlantic-baum-liberty,2020-01-17,2020,1,71,snow,26.2,22.5,0.008,0.0,0.083,2.0,12.8,9.65,0,0,1
atlantic-baum-liberty,2020-01-18,2020,1,75,snow,34.0,25.6,0.76,0.547,1.488,17.0,17.3,9.68,1,1,1
atlantic-baum-liberty,2020-01-19,2020,1,71,snow,25.7,16.2,0.008,0.004,0.028,2.0,16.1,9.7,0,0,1
atlantic-baum-liberty,2020-01-20,2020,1,71,snow,22.0,16.4,0.008,0.0,0.055,2.0,10.1,9.73,0,0,1
atlantic-baum-liberty,2020-01-21,2020,1,3,cloud,22.8,18.5,0.0,0.0,0.0,0.0,6.3,9.76,0,0,1
atlantic-baum-liberty,2020-01-22,2020,1,3,cloud,25.0,14.7,0.0,0.0,0.0,0.0,5.6,9.79,0,0,1
atlantic-baum-liberty,2020-01-23,2020,1,3,cloud,32.2,22.2,0.0,0.0,0.0,0.0,5.8,9.82,0,0,1
atlantic-baum-liberty,2020-01-24,2020,1,63,rain,38.5,32.1,0.697,0.697,0.0,12.0,12.3,9.86,1,0,0
atlantic-baum-liberty,2020-01-25,2020,1,63,rain,38.9,33.7,0.531,0.531,0.0,17.0,11.3,9.89,1,0,0
atlantic-baum-liberty,2020-01-26,2020,1,71,snow,34.1,32.4,0.035,0.004,0.22,7.0,12.5,9.92,0,1,0
atlantic-baum-liberty,2020-01-27,2020,1,71,snow,34.1,32.5,0.055,0.0,0.386,12.0,10.4,9.95,0,1,0
atlantic-baum-liberty,2020-01-28,2020,1,71,snow,33.8,31.9,0.004,0.0,0.028,1.0,9.0,9.99,0,0,1
atlantic-baum-liberty,2020-01-29,2020,1,71,snow,31.4,24.6,0.004,0.0,0.028,1.0,7.2,10.02,0,0,1
atlantic-baum-liberty,2020-01-30,2020,1,3,cloud,29.5,22.5,0.0,0.0,0.0,0.0,5.1,10.06,0,0,1
atlantic-baum-liberty,2020-01-31,2020,1,73,snow,32.4,26.2,0.118,0.098,0.138,10.0,3.6,10.09,1,1,1
atlantic-baum-liberty,2020-02-01,2020,2,73,snow,33.7,30.6,0.055,0.004,0.358,5.0,7.5,10.13,0,1,1
atlantic-baum-liberty,2020-02-02,2020,2,73,snow,40.4,32.3,0.075,0.0,0.524,6.0,16.7,10.16,0,1,0
atlantic-baum-liberty,2020-02-03,2020,2,3,cloud,47.9,35.5,0.0,0.0,0.0,0.0,11.8,10.2,0,0,0
atlantic-baum-liberty,2020-02-04,2020,2,61,rain,49.8,36.2,0.516,0.516,0.0,23.0,12.7,10.24,1,0,0
atlantic-baum-liberty,2020-02-05,2020,2,51,rain,34.4,31.1,0.063,0.063,0.0,7.0,11.2,10.27,1,0,1
atlantic-baum-liberty,2020-02-06,2020,2,61,rain,39.5,34.5,0.37,0.37,0.0,17.0,7.6,10.31,1,0,0
atlantic-baum-liberty,2020-02-07,2020,2,75,snow,29.7,26.4,0.543,0.059,3.39,19.0,16.3,10.35,1,1,1
atlantic-baum-liberty,2020-02-08,2020,2,71,snow,27.8,21.2,0.031,0.0,0.22,7.0,10.1,10.39,0,1,1
atlantic-baum-liberty,2020-02-09,2020,2,73,snow,30.9,21.0,0.063,0.016,0.331,5.0,8.6,10.43,1,1,1
atlantic-baum-liberty,2020-02-10,2020,2,73,snow,41.9,37.5,0.587,0.559,0.193,23.0,14.0,10.47,1,1,0
atlantic-baum-liberty,2020-02-11,2020,2,73,snow,37.1,34.1,0.047,0.008,0.276,7.0,9.6,10.51,0,1,0
atlantic-baum-liberty,2020-02-12,2020,2,73,snow,34.2,28.2,0.335,0.185,1.047,7.0,8.7,10.55,1,1,1
atlantic-baum-liberty,2020-02-13,2020,2,73,snow,35.5,32.5,0.535,0.484,0.358,17.0,12.2,10.59,1,1,0
atlantic-baum-liberty,2020-02-14,2020,2,3,cloud,21.9,16.5,0.0,0.0,0.0,0.0,12.0,10.63,0,0,1
atlantic-baum-liberty,2020-02-15,2020,2,3,cloud,25.9,15.7,0.0,0.0,0.0,0.0,9.3,10.68,0,0,1
atlantic-baum-liberty,2020-02-16,2020,2,51,rain,35.2,28.1,0.008,0.008,0.0,2.0,7.4,10.72,0,0,1
atlantic-baum-liberty,2020-02-17,2020,2,3,cloud,35.5,23.6,0.0,0.0,0.0,0.0,8.9,10.76,0,0,1
atlantic-baum-liberty,2020-02-18,2020,2,55,rain,45.1,37.9,0.217,0.217,0.0,12.0,11.9,10.8,1,0,0
atlantic-baum-liberty,2020-02-19,2020,2,3,cloud,32.2,25.8,0.0,0.0,0.0,0.0,10.4,10.84,0,0,1
atlantic-baum-liberty,2020-02-20,2020,2,3,cloud,26.2,19.6,0.0,0.0,0.0,0.0,10.0,10.89,0,0,1
atlantic-baum-liberty,2020-02-21,2020,2,0,clear,24.7,16.7,0.0,0.0,0.0,0.0,8.3,10.93,0,0,1
atlantic-baum-liberty,2020-02-22,2020,2,1,clear,32.2,22.2,0.0,0.0,0.0,0.0,11.1,10.97,0,0,1
atlantic-baum-liberty,2020-02-23,2020,2,3,cloud,37.9,25.8,0.0,0.0,0.0,0.0,12.4,11.01,0,0,1
atlantic-baum-liberty,2020-02-24,2020,2,3,cloud,43.3,32.3,0.0,0.0,0.0,0.0,8.9,11.06,0,0,0
atlantic-baum-liberty,2020-02-25,2020,2,53,rain,43.1,39.5,0.217,0.217,0.0,17.0,5.1,11.1,1,0,0
atlantic-baum-liberty,2020-02-26,2020,2,71,snow,44.3,35.6,0.516,0.512,0.028,13.0,14.2,11.14,1,0,0
atlantic-baum-liberty,2020-02-27,2020,2,73,snow,26.9,22.4,0.063,0.012,0.386,9.0,18.7,11.19,1,1,1
atlantic-baum-liberty,2020-02-28,2020,2,71,snow,26.2,21.2,0.008,0.0,0.083,2.0,15.4,11.23,0,0,1
atlantic-baum-liberty,2020-02-29,2020,2,3,cloud,24.6,19.6,0.0,0.0,0.0,0.0,15.4,11.27,0,0,1
atlantic-baum-liberty,2020-03-01,2020,3,3,cloud,32.9,21.5,0.0,0.0,0.0,0.0,9.3,11.32,0,0,1
atlantic-baum-liberty,2020-03-02,2020,3,55,rain,46.9,38.3,0.154,0.154,0.0,12.0,18.7,11.36,1,0,0
atlantic-baum-liberty,2020-03-03,2020,3,63,rain,48.1,41.9,0.343,0.343,0.0,10.0,17.5,11.41,1,0,0
atlantic-baum-liberty,2020-03-04,2020,3,51,rain,42.5,35.0,0.016,0.016,0.0,2.0,17.8,11.45,1,0,0
atlantic-baum-liberty,2020-03-05,2020,3,3,cloud,38.5,26.3,0.0,0.0,0.0,0.0,8.0,11.5,0,0,1
atlantic-baum-liberty,2020-03-06,2020,3,73,snow,38.1,32.7,0.071,0.055,0.11,6.0,15.2,11.54,1,1,0
atlantic-baum-liberty,2020-03-07,2020,3,71,snow,34.9,29.2,0.004,0.0,0.028,1.0,11.9,11.59,0,0,1
atlantic-baum-liberty,2020-03-08,2020,3,3,cloud,41.6,27.4,0.0,0.0,0.0,0.0,9.5,11.63,0,0,1
atlantic-baum-liberty,2020-03-09,2020,3,3,cloud,51.2,41.3,0.0,0.0,0.0,0.0,12.8,11.68,0,0,0
atlantic-baum-liberty,2020-03-10,2020,3,55,rain,50.4,38.5,0.323,0.323,0.0,13.0,16.5,11.72,1,0,0
atlantic-baum-liberty,2020-03-11,2020,3,51,rain,41.0,33.7,0.031,0.031,0.0,4.0,5.9,11.77,1,0,0
atlantic-baum-liberty,2020-03-12,2020,3,53,rain,49.5,38.1,0.043,0.043,0.0,2.0,10.6,11.81,1,0,0
atlantic-baum-liberty,2020-03-13,2020,3,61,rain,51.8,42.1,0.165,0.165,0.0,9.0,15.7,11.85,1,0,0
atlantic-baum-liberty,2020-03-14,2020,3,73,snow,38.2,31.9,0.146,0.091,0.386,8.0,10.0,11.9,1,1,1
atlantic-baum-liberty,2020-03-15,2020,3,73,snow,39.7,32.9,0.035,0.012,0.165,4.0,8.2,11.94,1,1,0
atlantic-baum-liberty,2020-03-16,2020,3,53,rain,39.5,30.3,0.051,0.051,0.0,3.0,9.1,11.99,1,0,1
atlantic-baum-liberty,2020-03-17,2020,3,53,rain,43.8,39.5,0.114,0.114,0.0,9.0,9.3,12.03,1,0,0
atlantic-baum-liberty,2020-03-18,2020,3,63,rain,44.7,31.4,0.618,0.618,0.0,7.0,11.0,12.08,1,0,1
atlantic-baum-liberty,2020-03-19,2020,3,61,rain,57.2,50.9,0.476,0.476,0.0,13.0,13.0,12.12,1,0,0
atlantic-baum-liberty,2020-03-20,2020,3,61,rain,61.1,44.3,0.335,0.335,0.0,14.0,18.7,12.17,1,0,0
atlantic-baum-liberty,2020-03-21,2020,3,3,cloud,35.7,29.1,0.0,0.0,0.0,0.0,11.9,12.21,0,0,1
atlantic-baum-liberty,2020-03-22,2020,3,51,rain,37.7,26.3,0.02,0.02,0.0,2.0,11.7,12.26,1,0,1
atlantic-baum-liberty,2020-03-23,2020,3,63,rain,43.5,40.4,0.48,0.48,0.0,12.0,11.9,12.3,1,0,0
atlantic-baum-liberty,2020-03-24,2020,3,3,cloud,43.4,36.7,0.0,0.0,0.0,0.0,8.1,12.35,0,0,0
atlantic-baum-liberty,2020-03-25,2020,3,55,rain,46.1,41.4,0.177,0.177,0.0,9.0,9.6,12.39,1,0,0
atlantic-baum-liberty,2020-03-26,2020,3,51,rain,51.4,37.6,0.028,0.028,0.0,4.0,9.7,12.44,1,0,0
atlantic-baum-liberty,2020-03-27,2020,3,61,rain,53.1,44.7,0.142,0.142,0.0,6.0,8.2,12.48,1,0,0
atlantic-baum-liberty,2020-03-28,2020,3,63,rain,60.5,50.0,0.988,0.988,0.0,20.0,11.1,12.53,1,0,0
atlantic-baum-liberty,2020-03-29,2020,3,63,rain,64.2,56.8,0.579,0.579,0.0,15.0,23.1,12.57,1,0,0
atlantic-baum-liberty,2020-03-30,2020,3,3,cloud,49.8,43.3,0.0,0.0,0.0,0.0,16.7,12.62,0,0,0
atlantic-baum-liberty,2020-03-31,2020,3,51,rain,43.6,39.2,0.035,0.035,0.0,5.0,7.6,12.66,1,0,0
atlantic-baum-liberty,2020-04-01,2020,4,61,rain,45.2,38.8,0.142,0.142,0.0,14.0,12.0,12.71,1,0,0
atlantic-baum-liberty,2020-04-02,2020,4,3,cloud,44.2,33.0,0.0,0.0,0.0,0.0,16.2,12.75,0,0,0
atlantic-baum-liberty,2020-04-03,2020,4,2,cloud,45.7,33.9,0.0,0.0,0.0,0.0,13.8,12.79,0,0,0
atlantic-baum-liberty,2020-04-04,2020,4,3,cloud,47.8,37.0,0.0,0.0,0.0,0.0,6.8,12.84,0,0,0
atlantic-baum-liberty,2020-04-05,2020,4,53,rain,52.3,43.2,0.02,0.02,0.0,1.0,8.2,12.88,1,0,0
atlantic-baum-liberty,2020-04-06,2020,4,3,cloud,48.7,33.3,0.0,0.0,0.0,0.0,5.5,12.92,0,0,0
atlantic-baum-liberty,2020-04-07,2020,4,61,rain,54.6,46.9,0.189,0.189,0.0,8.0,10.0,12.97,1,0,0
atlantic-baum-liberty,2020-04-08,2020,4,61,rain,59.4,51.5,0.122,0.122,0.0,6.0,14.6,13.01,1,0,0
atlantic-baum-liberty,2020-04-09,2020,4,63,rain,47.9,38.6,0.437,0.437,0.0,14.0,18.9,13.06,1,0,0
atlantic-baum-liberty,2020-04-10,2020,4,71,snow,38.0,33.0,0.031,0.004,0.193,7.0,20.6,13.1,0,1,0
atlantic-baum-liberty,2020-04-11,2020,4,3,cloud,42.5,31.6,0.0,0.0,0.0,0.0,12.0,13.14,0,0,1
atlantic-baum-liberty,2020-04-12,2020,4,63,rain,52.0,37.7,0.197,0.197,0.0,5.0,13.9,13.19,1,0,0
atlantic-baum-liberty,2020-04-13,2020,4,63,rain,54.9,42.6,0.689,0.689,0.0,15.0,20.3,13.23,1,0,0
atlantic-baum-liberty,2020-04-14,2020,4,51,rain,41.3,37.6,0.008,0.008,0.0,2.0,11.5,13.27,0,0,0
atlantic-baum-liberty,2020-04-15,2020,4,71,snow,38.4,28.2,0.075,0.055,0.138,8.0,15.9,13.32,1,1,1
atlantic-baum-liberty,2020-04-16,2020,4,73,snow,35.4,28.6,0.079,0.004,0.524,7.0,15.9,13.36,0,1,1
atlantic-baum-liberty,2020-04-17,2020,4,61,rain,38.8,29.8,0.374,0.374,0.0,11.0,10.9,13.4,1,0,1
atlantic-baum-liberty,2020-04-18,2020,4,61,rain,41.3,34.3,0.154,0.154,0.0,5.0,12.7,13.44,1,0,0
atlantic-baum-liberty,2020-04-19,2020,4,3,cloud,45.7,33.5,0.0,0.0,0.0,0.0,12.4,13.48,0,0,0
atlantic-baum-liberty,2020-04-20,2020,4,3,cloud,47.0,37.0,0.0,0.0,0.0,0.0,8.2,13.53,0,0,0
atlantic-baum-liberty,2020-04-21,2020,4,51,rain,44.2,34.8,0.035,0.035,0.0,3.0,20.6,13.57,1,0,0
atlantic-baum-liberty,2020-04-22,2020,4,71,snow,38.2,28.1,0.028,0.024,0.028,3.0,11.1,13.61,1,0,1
atlantic-baum-liberty,2020-04-23,2020,4,61,rain,48.6,37.5,0.189,0.189,0.0,12.0,9.1,13.65,1,0,0
atlantic-baum-liberty,2020-04-24,2020,4,53,rain,52.1,47.4,0.169,0.169,0.0,9.0,9.2,13.69,1,0,0
atlantic-baum-liberty,2020-04-25,2020,4,61,rain,52.8,38.8,0.106,0.106,0.0,5.0,11.5,13.73,1,0,0
atlantic-baum-liberty,2020-04-26,2020,4,63,rain,48.6,41.6,1.496,1.496,0.0,24.0,13.6,13.77,1,0,0
atlantic-baum-liberty,2020-04-27,2020,4,3,cloud,47.5,37.3,0.0,0.0,0.0,0.0,12.4,13.81,0,0,0
atlantic-baum-liberty,2020-04-28,2020,4,51,rain,50.2,43.3,0.087,0.087,0.0,11.0,9.3,13.84,1,0,0
atlantic-baum-liberty,2020-04-29,2020,4,61,rain,58.8,48.2,0.22,0.22,0.0,6.0,16.1,13.88,1,0,0
atlantic-baum-liberty,2020-04-30,2020,4,63,rain,53.5,48.3,0.394,0.394,0.0,13.0,14.4,13.92,1,0,0
atlantic-baum-liberty,2020-05-01,2020,5,51,rain,49.3,44.2,0.004,0.004,0.0,1.0,13.6,13.96,0,0,0
atlantic-baum-liberty,2020-05-02,2020,5,3,cloud,53.8,38.8,0.0,0.0,0.0,0.0,10.9,14.0,0,0,0
atlantic-baum-liberty,2020-05-03,2020,5,61,rain,65.0,57.0,0.169,0.169,0.0,5.0,12.5,14.04,1,0,0
atlantic-baum-liberty,2020-05-04,2020,5,51,rain,50.7,43.4,0.008,0.008,0.0,1.0,12.9,14.07,0,0,0
atlantic-baum-liberty,2020-05-05,2020,5,55,rain,44.4,36.3,0.063,0.063,0.0,3.0,8.7,14.11,1,0,0
atlantic-baum-liberty,2020-05-06,2020,5,53,rain,43.0,38.0,0.339,0.339,0.0,19.0,12.6,14.15,1,0,0
atlantic-baum-liberty,2020-05-07,2020,5,3,cloud,48.1,33.1,0.0,0.0,0.0,0.0,16.9,14.18,0,0,0
atlantic-baum-liberty,2020-05-08,2020,5,61,rain,41.5,32.1,0.26,0.26,0.0,10.0,14.0,14.22,1,0,0
atlantic-baum-liberty,2020-05-09,2020,5,73,snow,35.0,26.5,0.02,0.0,0.138,3.0,17.9,14.25,0,1,1
atlantic-baum-liberty,2020-05-10,2020,5,53,rain,46.1,33.6,0.067,0.067,0.0,3.0,13.8,14.29,1,0,0
atlantic-baum-liberty,2020-05-11,2020,5,51,rain,42.1,39.1,0.063,0.063,0.0,10.0,17.5,14.32,1,0,0
atlantic-baum-liberty,2020-05-12,2020,5,3,cloud,44.1,35.6,0.0,0.0,0.0,0.0,14.1,14.35,0,0,0
atlantic-baum-liberty,2020-05-13,2020,5,3,cloud,48.7,35.2,0.0,0.0,0.0,0.0,7.2,14.39,0,0,0
atlantic-baum-liberty,2020-05-14,2020,5,53,rain,56.4,41.3,0.051,0.051,0.0,3.0,12.1,14.42,1,0,0
atlantic-baum-liberty,2020-05-15,2020,5,61,rain,66.4,59.0,0.382,0.382,0.0,16.0,15.3,14.45,1,0,0
atlantic-baum-liberty,2020-05-16,2020,5,55,rain,63.0,54.6,0.079,0.079,0.0,2.0,6.9,14.48,1,0,0
atlantic-baum-liberty,2020-05-17,2020,5,61,rain,66.2,57.3,0.11,0.11,0.0,3.0,9.5,14.51,1,0,0
atlantic-baum-liberty,2020-05-18,2020,5,51,rain,66.6,58.6,0.004,0.004,0.0,1.0,13.5,14.54,0,0,0
atlantic-baum-liberty,2020-05-19,2020,5,3,cloud,61.9,57.2,0.0,0.0,0.0,0.0,16.1,14.57,0,0,0
atlantic-baum-liberty,2020-05-20,2020,5,3,cloud,56.2,50.5,0.0,0.0,0.0,0.0,12.4,14.6,0,0,0
atlantic-baum-liberty,2020-05-21,2020,5,3,cloud,59.6,47.7,0.0,0.0,0.0,0.0,12.1,14.62,0,0,0
atlantic-baum-liberty,2020-05-22,2020,5,55,rain,61.3,56.8,0.413,0.413,0.0,20.0,5.9,14.65,1,0,0
atlantic-baum-liberty,2020-05-23,2020,5,3,cloud,63.7,54.0,0.0,0.0,0.0,0.0,5.0,14.68,0,0,0
atlantic-baum-liberty,2020-05-24,2020,5,3,cloud,68.0,56.0,0.0,0.0,0.0,0.0,8.5,14.7,0,0,0
atlantic-baum-liberty,2020-05-25,2020,5,51,rain,71.6,59.5,0.008,0.008,0.0,1.0,9.4,14.73,0,0,0
atlantic-baum-liberty,2020-05-26,2020,5,3,cloud,74.3,61.0,0.0,0.0,0.0,0.0,11.1,14.75,0,0,0
atlantic-baum-liberty,2020-05-27,2020,5,3,cloud,72.8,62.2,0.0,0.0,0.0,0.0,12.5,14.78,0,0,0
atlantic-baum-liberty,2020-05-28,2020,5,63,rain,71.9,65.1,0.346,0.346,0.0,12.0,15.5,14.8,1,0,0
atlantic-baum-liberty,2020-05-29,2020,5,61,rain,70.0,61.7,0.252,0.252,0.0,11.0,15.1,14.82,1,0,0
atlantic-baum-liberty,2020-05-30,2020,5,51,rain,60.9,51.4,0.035,0.035,0.0,4.0,13.5,14.84,1,0,0
atlantic-baum-liberty,2020-05-31,2020,5,3,cloud,56.2,50.0,0.0,0.0,0.0,0.0,9.6,14.86,0,0,0
atlantic-baum-liberty,2020-06-01,2020,6,3,cloud,57.7,45.2,0.0,0.0,0.0,0.0,7.4,14.88,0,0,0
atlantic-baum-liberty,2020-06-02,2020,6,55,rain,68.0,55.1,0.083,0.083,0.0,4.0,12.9,14.9,1,0,0
atlantic-baum-liberty,2020-06-03,2020,6,61,rain,73.6,63.5,0.165,0.165,0.0,6.0,14.9,14.92,1,0,0
atlantic-baum-liberty,2020-06-04,2020,6,51,rain,72.9,64.9,0.031,0.031,0.0,5.0,8.7,14.93,1,0,0
atlantic-baum-liberty,2020-06-05,2020,6,55,rain,71.7,66.1,0.146,0.146,0.0,8.0,5.9,14.95,1,0,0
atlantic-baum-liberty,2020-06-06,2020,6,3,cloud,73.0,66.2,0.0,0.0,0.0,0.0,11.8,14.96,0,0,0
atlantic-baum-liberty,2020-06-07,2020,6,3,cloud,66.2,54.4,0.0,0.0,0.0,0.0,7.3,14.98,0,0,0
atlantic-baum-liberty,2020-06-08,2020,6,2,cloud,67.7,53.5,0.0,0.0,0.0,0.0,5.7,14.99,0,0,0
atlantic-baum-liberty,2020-06-09,2020,6,3,cloud,76.1,59.3,0.0,0.0,0.0,0.0,8.1,15.0,0,0,0
atlantic-baum-liberty,2020-06-10,2020,6,61,rain,81.2,74.3,0.106,0.106,0.0,3.0,15.4,15.01,1,0,0
atlantic-baum-liberty,2020-06-11,2020,6,63,rain,71.6,64.6,0.5,0.5,0.0,4.0,13.0,15.02,1,0,0
atlantic-baum-liberty,2020-06-12,2020,6,1,clear,68.4,58.2,0.0,0.0,0.0,0.0,13.0,15.03,0,0,0
atlantic-baum-liberty,2020-06-13,2020,6,51,rain,62.4,54.1,0.024,0.024,0.0,2.0,6.9,15.04,1,0,0
atlantic-baum-liberty,2020-06-14,2020,6,51,rain,62.5,54.3,0.004,0.004,0.0,1.0,9.8,15.04,0,0,0
atlantic-baum-liberty,2020-06-15,2020,6,3,cloud,67.0,57.4,0.0,0.0,0.0,0.0,7.2,15.05,0,0,0
atlantic-baum-liberty,2020-06-16,2020,6,3,cloud,69.4,56.4,0.0,0.0,0.0,0.0,7.3,15.05,0,0,0
atlantic-baum-liberty,2020-06-17,2020,6,51,rain,69.6,58.6,0.004,0.004,0.0,1.0,8.5,15.06,0,0,0
atlantic-baum-liberty,2020-06-18,2020,6,61,rain,70.3,62.2,0.185,0.185,0.0,7.0,10.1,15.06,1,0,0
atlantic-baum-liberty,2020-06-19,2020,6,53,rain,70.0,61.8,0.039,0.039,0.0,3.0,11.4,15.06,1,0,0
atlantic-baum-liberty,2020-06-20,2020,6,51,rain,72.5,61.8,0.008,0.008,0.0,2.0,5.3,15.06,0,0,0
atlantic-baum-liberty,2020-06-21,2020,6,2,cloud,76.7,64.3,0.0,0.0,0.0,0.0,7.2,15.06,0,0,0
atlantic-baum-liberty,2020-06-22,2020,6,63,rain,74.1,67.4,0.37,0.37,0.0,10.0,11.1,15.06,1,0,0
atlantic-baum-liberty,2020-06-23,2020,6,63,rain,71.8,66.0,0.555,0.555,0.0,14.0,16.9,15.06,1,0,0
atlantic-baum-liberty,2020-06-24,2020,6,53,rain,66.7,57.2,0.067,0.067,0.0,8.0,14.5,15.06,1,0,0
atlantic-baum-liberty,2020-06-25,2020,6,53,rain,69.0,56.9,0.039,0.039,0.0,2.0,10.3,15.05,1,0,0
atlantic-baum-liberty,2020-06-26,2020,6,3,cloud,73.3,61.8,0.0,0.0,0.0,0.0,12.8,15.05,0,0,0
atlantic-baum-liberty,2020-06-27,2020,6,63,rain,71.4,68.3,0.476,0.476,0.0,12.0,15.0,15.04,1,0,0
atlantic-baum-liberty,2020-06-28,2020,6,55,rain,74.2,67.7,0.13,0.13,0.0,10.0,10.0,15.03,1,0,0
atlantic-baum-liberty,2020-06-29,2020,6,3,cloud,74.4,62.2,0.0,0.0,0.0,0.0,6.5,15.03,0,0,0
atlantic-baum-liberty,2020-06-30,2020,6,51,rain,75.1,63.5,0.008,0.008,0.0,2.0,8.4,15.02,0,0,0
atlantic-baum-liberty,2020-07-01,2020,7,3,cloud,74.2,63.8,0.0,0.0,0.0,0.0,9.6,15.01,0,0,0
atlantic-baum-liberty,2020-07-02,2020,7,3,cloud,76.4,63.6,0.0,0.0,0.0,0.0,8.4,14.99,0,0,0
atlantic-baum-liberty,2020-07-03,2020,7,3,cloud,79.4,65.7,0.0,0.0,0.0,0.0,10.1,14.98,0,0,0
atlantic-baum-liberty,2020-07-04,2020,7,51,rain,80.9,69.3,0.004,0.004,0.0,1.0,8.6,14.97,0,0,0
atlantic-baum-liberty,2020-07-05,2020,7,3,cloud,80.9,67.6,0.0,0.0,0.0,0.0,5.9,14.95,0,0,0
atlantic-baum-liberty,2020-07-06,2020,7,3,cloud,82.5,69.5,0.0,0.0,0.0,0.0,6.8,14.94,0,0,0
atlantic-baum-liberty,2020-07-07,2020,7,61,rain,79.9,70.0,0.087,0.087,0.0,3.0,8.4,14.92,1,0,0
atlantic-baum-liberty,2020-07-08,2020,7,51,rain,81.1,72.1,0.012,0.012,0.0,1.0,7.9,14.91,1,0,0
atlantic-baum-liberty,2020-07-09,2020,7,51,rain,82.1,72.9,0.012,0.012,0.0,3.0,10.5,14.89,1,0,0
atlantic-baum-liberty,2020-07-10,2020,7,63,rain,79.2,72.3,0.165,0.165,0.0,5.0,10.7,14.87,1,0,0
atlantic-baum-liberty,2020-07-11,2020,7,61,rain,73.8,69.3,0.307,0.307,0.0,16.0,15.7,14.85,1,0,0
atlantic-baum-liberty,2020-07-12,2020,7,51,rain,73.2,67.2,0.016,0.016,0.0,4.0,7.3,14.83,1,0,0
atlantic-baum-liberty,2020-07-13,2020,7,51,rain,72.2,64.0,0.008,0.008,0.0,2.0,9.5,14.81,0,0,0
atlantic-baum-liberty,2020-07-14,2020,7,3,cloud,71.4,60.1,0.0,0.0,0.0,0.0,7.9,14.79,0,0,0
atlantic-baum-liberty,2020-07-15,2020,7,3,cloud,76.8,62.8,0.0,0.0,0.0,0.0,5.9,14.77,0,0,0
atlantic-baum-liberty,2020-07-16,2020,7,53,rain,80.3,71.7,0.083,0.083,0.0,8.0,12.9,14.74,1,0,0
atlantic-baum-liberty,2020-07-17,2020,7,51,rain,79.6,71.6,0.028,0.028,0.0,5.0,9.5,14.72,1,0,0
atlantic-baum-liberty,2020-07-18,2020,7,3,cloud,81.5,67.9,0.0,0.0,0.0,0.0,5.8,14.69,0,0,0
atlantic-baum-liberty,2020-07-19,2020,7,51,rain,84.2,73.5,0.016,0.016,0.0,2.0,12.1,14.67,1,0,0
atlantic-baum-liberty,2020-07-20,2020,7,53,rain,81.6,73.0,0.047,0.047,0.0,5.0,9.2,14.64,1,0,0
atlantic-baum-liberty,2020-07-21,2020,7,63,rain,77.4,72.1,0.386,0.386,0.0,5.0,8.0,14.61,1,0,0
atlantic-baum-liberty,2020-07-22,2020,7,53,rain,77.1,70.5,0.043,0.043,0.0,5.0,10.6,14.59,1,0,0
atlantic-baum-liberty,2020-07-23,2020,7,61,rain,75.8,71.6,0.217,0.217,0.0,12.0,10.2,14.56,1,0,0
atlantic-baum-liberty,2020-07-24,2020,7,61,rain,77.1,69.9,0.063,0.063,0.0,3.0,7.7,14.53,1,0,0
atlantic-baum-liberty,2020-07-25,2020,7,3,cloud,77.4,67.1,0.0,0.0,0.0,0.0,5.7,14.5,0,0,0
atlantic-baum-liberty,2020-07-26,2020,7,3,cloud,80.0,67.6,0.0,0.0,0.0,0.0,8.7,14.47,0,0,0
atlantic-baum-liberty,2020-07-27,2020,7,61,rain,80.1,71.2,0.13,0.13,0.0,10.0,12.5,14.44,1,0,0
atlantic-baum-liberty,2020-07-28,2020,7,53,rain,77.8,71.6,0.094,0.094,0.0,7.0,10.1,14.41,1,0,0
atlantic-baum-liberty,2020-07-29,2020,7,3,cloud,78.4,67.0,0.0,0.0,0.0,0.0,8.7,14.37,0,0,0
atlantic-baum-liberty,2020-07-30,2020,7,51,rain,76.1,68.8,0.016,0.016,0.0,2.0,5.4,14.34,1,0,0
atlantic-baum-liberty,2020-07-31,2020,7,51,rain,77.2,67.0,0.02,0.02,0.0,3.0,7.9,14.31,1,0,0
atlantic-baum-liberty,2020-08-01,2020,8,61,rain,73.7,68.6,0.307,0.307,0.0,11.0,7.2,14.28,1,0,0
atlantic-baum-liberty,2020-08-02,2020,8,61,rain,74.3,69.0,0.122,0.122,0.0,10.0,17.8,14.24,1,0,0
atlantic-baum-liberty,2020-08-03,2020,8,51,rain,73.3,64.0,0.043,0.043,0.0,7.0,8.0,14.21,1,0,0
atlantic-baum-liberty,2020-08-04,2020,8,61,rain,71.2,65.6,0.146,0.146,0.0,11.0,10.8,14.17,1,0,0
atlantic-baum-liberty,2020-08-05,2020,8,51,rain,69.1,60.4,0.008,0.008,0.0,2.0,6.4,14.14,0,0,0
atlantic-baum-liberty,2020-08-06,2020,8,3,cloud,70.4,60.0,0.0,0.0,0.0,0.0,8.6,14.1,0,0,0
atlantic-baum-liberty,2020-08-07,2020,8,51,rain,74.3,64.6,0.024,0.024,0.0,4.0,8.5,14.07,1,0,0
atlantic-baum-liberty,2020-08-08,2020,8,3,cloud,74.4,63.7,0.0,0.0,0.0,0.0,5.8,14.03,0,0,0
atlantic-baum-liberty,2020-08-09,2020,8,3,cloud,77.2,63.5,0.0,0.0,0.0,0.0,5.7,13.99,0,0,0
atlantic-baum-liberty,2020-08-10,2020,8,51,rain,79.7,67.2,0.004,0.004,0.0,1.0,6.5,13.95,0,0,0
atlantic-baum-liberty,2020-08-11,2020,8,51,rain,79.0,69.4,0.016,0.016,0.0,3.0,9.6,13.92,1,0,0
atlantic-baum-liberty,2020-08-12,2020,8,51,rain,80.1,71.3,0.008,0.008,0.0,2.0,8.1,13.88,0,0,0
atlantic-baum-liberty,2020-08-13,2020,8,61,rain,79.9,71.2,0.134,0.134,0.0,7.0,9.5,13.84,1,0,0
atlantic-baum-liberty,2020-08-14,2020,8,3,cloud,79.2,69.4,0.0,0.0,0.0,0.0,7.0,13.8,0,0,0
atlantic-baum-liberty,2020-08-15,2020,8,55,rain,70.5,65.7,0.244,0.244,0.0,10.0,8.5,13.76,1,0,0
atlantic-baum-liberty,2020-08-16,2020,8,3,cloud,72.6,62.5,0.0,0.0,0.0,0.0,8.7,13.72,0,0,0
atlantic-baum-liberty,2020-08-17,2020,8,51,rain,73.6,64.0,0.028,0.028,0.0,5.0,11.2,13.68,1,0,0
atlantic-baum-liberty,2020-08-18,2020,8,3,cloud,71.9,63.5,0.0,0.0,0.0,0.0,10.6,13.64,0,0,0
atlantic-baum-liberty,2020-08-19,2020,8,3,cloud,69.8,59.8,0.0,0.0,0.0,0.0,9.1,13.6,0,0,0
atlantic-baum-liberty,2020-08-20,2020,8,3,cloud,71.3,57.0,0.0,0.0,0.0,0.0,6.1,13.56,0,0,0
atlantic-baum-liberty,2020-08-21,2020,8,51,rain,74.6,63.2,0.004,0.004,0.0,1.0,11.8,13.52,0,0,0
atlantic-baum-liberty,2020-08-22,2020,8,51,rain,77.6,66.4,0.004,0.004,0.0,1.0,7.2,13.48,0,0,0
atlantic-baum-liberty,2020-08-23,2020,8,65,rain,74.6,68.1,0.484,0.484,0.0,10.0,6.2,13.44,1,0,0
atlantic-baum-liberty,2020-08-24,2020,8,61,rain,76.4,68.1,0.26,0.26,0.0,8.0,9.5,13.4,1,0,0
atlantic-baum-liberty,2020-08-25,2020,8,61,rain,76.7,68.1,0.366,0.366,0.0,11.0,14.7,13.36,1,0,0
atlantic-baum-liberty,2020-08-26,2020,8,51,rain,72.8,62.2,0.012,0.012,0.0,2.0,9.4,13.32,1,0,0
atlantic-baum-liberty,2020-08-27,2020,8,61,rain,78.3,73.0,0.209,0.209,0.0,7.0,13.1,13.27,1,0,0
atlantic-baum-liberty,2020-08-28,2020,8,61,rain,74.9,69.3,0.571,0.571,0.0,20.0,10.5,13.23,1,0,0
atlantic-baum-liberty,2020-08-29,2020,8,55,rain,73.5,66.6,0.185,0.185,0.0,9.0,14.6,13.19,1,0,0
atlantic-baum-liberty,2020-08-30,2020,8,3,cloud,69.0,61.1,0.0,0.0,0.0,0.0,8.4,13.15,0,0,0
atlantic-baum-liberty,2020-08-31,2020,8,51,rain,68.2,59.6,0.008,0.008,0.0,1.0,11.0,13.1,0,0,0
atlantic-baum-liberty,2020-09-01,2020,9,55,rain,72.5,65.7,0.232,0.232,0.0,19.0,7.7,13.06,1,0,0
atlantic-baum-liberty,2020-09-02,2020,9,61,rain,74.0,70.1,0.339,0.339,0.0,20.0,12.0,13.02,1,0,0
atlantic-baum-liberty,2020-09-03,2020,9,63,rain,70.3,66.3,0.429,0.429,0.0,11.0,7.1,12.97,1,0,0
atlantic-baum-liberty,2020-09-04,2020,9,3,cloud,70.5,61.3,0.0,0.0,0.0,0.0,9.7,12.93,0,0,0
atlantic-baum-liberty,2020-09-05,2020,9,2,cloud,66.9,54.7,0.0,0.0,0.0,0.0,10.6,12.89,0,0,0
atlantic-baum-liberty,2020-09-06,2020,9,3,cloud,69.5,60.1,0.0,0.0,0.0,0.0,8.9,12.84,0,0,0
atlantic-baum-liberty,2020-09-07,2020,9,53,rain,73.0,62.9,0.043,0.043,0.0,3.0,13.2,12.8,1,0,0
atlantic-baum-liberty,2020-09-08,2020,9,3,cloud,74.6,64.0,0.0,0.0,0.0,0.0,7.2,12.76,0,0,0
atlantic-baum-liberty,2020-09-09,2020,9,0,clear,75.2,63.2,0.0,0.0,0.0,0.0,6.2,12.71,0,0,0
atlantic-baum-liberty,2020-09-10,2020,9,3,cloud,75.6,65.0,0.0,0.0,0.0,0.0,9.5,12.67,0,0,0
atlantic-baum-liberty,2020-09-11,2020,9,3,cloud,70.1,63.7,0.0,0.0,0.0,0.0,7.7,12.63,0,0,0
atlantic-baum-liberty,2020-09-12,2020,9,51,rain,71.3,62.5,0.012,0.012,0.0,3.0,11.1,12.58,1,0,0
atlantic-baum-liberty,2020-09-13,2020,9,53,rain,70.6,66.6,0.118,0.118,0.0,9.0,9.9,12.54,1,0,0
atlantic-baum-liberty,2020-09-14,2020,9,3,cloud,64.9,56.2,0.0,0.0,0.0,0.0,10.2,12.5,0,0,0
atlantic-baum-liberty,2020-09-15,2020,9,0,clear,58.5,48.0,0.0,0.0,0.0,0.0,6.3,12.45,0,0,0
atlantic-baum-liberty,2020-09-16,2020,9,3,cloud,63.1,51.0,0.0,0.0,0.0,0.0,7.1,12.41,0,0,0
atlantic-baum-liberty,2020-09-17,2020,9,51,rain,65.1,56.6,0.004,0.004,0.0,1.0,8.3,12.36,0,0,0
atlantic-baum-liberty,2020-09-18,2020,9,3,cloud,59.8,51.2,0.0,0.0,0.0,0.0,11.3,12.32,0,0,0
atlantic-baum-liberty,2020-09-19,2020,9,0,clear,52.5,43.0,0.0,0.0,0.0,0.0,7.6,12.27,0,0,0
atlantic-baum-liberty,2020-09-20,2020,9,1,clear,54.3,42.5,0.0,0.0,0.0,0.0,6.3,12.23,0,0,0
atlantic-baum-liberty,2020-09-21,2020,9,2,cloud,55.0,44.7,0.0,0.0,0.0,0.0,6.5,12.19,0,0,0
atlantic-baum-liberty,2020-09-22,2020,9,2,cloud,55.9,44.0,0.0,0.0,0.0,0.0,7.3,12.14,0,0,0
atlantic-baum-liberty,2020-09-23,2020,9,3,cloud,62.6,50.0,0.0,0.0,0.0,0.0,7.6,12.1,0,0,0
atlantic-baum-liberty,2020-09-24,2020,9,3,cloud,65.6,56.0,0.0,0.0,0.0,0.0,5.9,12.05,0,0,0
atlantic-baum-liberty,2020-09-25,2020,9,0,clear,66.5,53.3,0.0,0.0,0.0,0.0,7.3,12.01,0,0,0
atlantic-baum-liberty,2020-09-26,2020,9,3,cloud,66.4,56.1,0.0,0.0,0.0,0.0,6.5,11.96,0,0,0
atlantic-baum-liberty,2020-09-27,2020,9,3,cloud,68.4,58.3,0.0,0.0,0.0,0.0,10.2,11.92,0,0,0
atlantic-baum-liberty,2020-09-28,2020,9,51,rain,70.4,61.3,0.02,0.02,0.0,3.0,13.0,11.88,1,0,0
atlantic-baum-liberty,2020-09-29,2020,9,61,rain,58.4,55.0,0.484,0.484,0.0,19.0,10.6,11.83,1,0,0
atlantic-baum-liberty,2020-09-30,2020,9,53,rain,57.7,49.2,0.091,0.091,0.0,7.0,20.3,11.79,1,0,0
atlantic-baum-liberty,2020-10-01,2020,10,51,rain,56.1,47.2,0.004,0.004,0.0,1.0,12.8,11.74,0,0,0
atlantic-baum-liberty,2020-10-02,2020,10,51,rain,50.8,43.5,0.028,0.028,0.0,5.0,10.1,11.7,1,0,0
atlantic-baum-liberty,2020-10-03,2020,10,3,cloud,51.5,42.4,0.0,0.0,0.0,0.0,6.2,11.66,0,0,0
atlantic-baum-liberty,2020-10-04,2020,10,61,rain,54.4,46.6,0.193,0.193,0.0,4.0,10.7,11.61,1,0,0
atlantic-baum-liberty,2020-10-05,2020,10,51,rain,52.1,46.9,0.008,0.008,0.0,1.0,8.4,11.57,0,0,0
atlantic-baum-liberty,2020-10-06,2020,10,3,cloud,54.2,40.4,0.0,0.0,0.0,0.0,10.1,11.52,0,0,0
atlantic-baum-liberty,2020-10-07,2020,10,3,cloud,62.4,53.5,0.0,0.0,0.0,0.0,19.7,11.48,0,0,0
atlantic-baum-liberty,2020-10-08,2020,10,3,cloud,54.9,46.9,0.0,0.0,0.0,0.0,9.9,11.44,0,0,0
atlantic-baum-liberty,2020-10-09,2020,10,3,cloud,59.0,46.7,0.0,0.0,0.0,0.0,8.1,11.39,0,0,0
atlantic-baum-liberty,2020-10-10,2020,10,51,rain,66.2,59.2,0.008,0.008,0.0,2.0,13.2,11.35,0,0,0
atlantic-baum-liberty,2020-10-11,2020,10,51,rain,64.1,58.8,0.039,0.039,0.0,9.0,8.2,11.3,1,0,0
atlantic-baum-liberty,2020-10-12,2020,10,51,rain,61.7,57.2,0.024,0.024,0.0,4.0,12.9,11.26,1,0,0
atlantic-baum-liberty,2020-10-13,2020,10,53,rain,58.0,51.3,0.051,0.051,0.0,4.0,13.9,11.22,1,0,0
atlantic-baum-liberty,2020-10-14,2020,10,3,cloud,57.0,47.8,0.0,0.0,0.0,0.0,8.8,11.17,0,0,0
atlantic-baum-liberty,2020-10-15,2020,10,61,rain,60.4,50.6,0.205,0.205,0.0,9.0,18.0,11.13,1,0,0
atlantic-baum-liberty,2020-10-16,2020,10,53,rain,49.3,43.3,0.217,0.217,0.0,9.0,9.0,11.09,1,0,0
atlantic-baum-liberty,2020-10-17,2020,10,1,clear,47.3,36.8,0.0,0.0,0.0,0.0,9.3,11.04,0,0,0
atlantic-baum-liberty,2020-10-18,2020,10,51,rain,51.8,41.9,0.012,0.012,0.0,2.0,10.7,11.0,1,0,0
atlantic-baum-liberty,2020-10-19,2020,10,61,rain,54.0,52.0,0.35,0.35,0.0,15.0,7.3,10.96,1,0,0
atlantic-baum-liberty,2020-10-20,2020,10,53,rain,58.8,56.2,0.142,0.142,0.0,17.0,8.4,10.92,1,0,0
atlantic-baum-liberty,2020-10-21,2020,10,51,rain,64.1,57.4,0.043,0.043,0.0,5.0,13.6,10.88,1,0,0
atlantic-baum-liberty,2020-10-22,2020,10,3,cloud,66.0,57.0,0.0,0.0,0.0,0.0,6.0,10.84,0,0,0
atlantic-baum-liberty,2020-10-23,2020,10,3,cloud,66.4,58.4,0.0,0.0,0.0,0.0,12.0,10.79,0,0,0
atlantic-baum-liberty,2020-10-24,2020,10,61,rain,52.5,43.1,0.177,0.177,0.0,7.0,11.8,10.75,1,0,0
atlantic-baum-liberty,2020-10-25,2020,10,51,rain,44.8,39.7,0.051,0.051,0.0,5.0,8.8,10.71,1,0,0
atlantic-baum-liberty,2020-10-26,2020,10,53,rain,51.9,47.1,0.102,0.102,0.0,14.0,7.9,10.67,1,0,0
atlantic-baum-liberty,2020-10-27,2020,10,51,rain,48.6,45.1,0.035,0.035,0.0,6.0,5.7,10.63,1,0,0
atlantic-baum-liberty,2020-10-28,2020,10,53,rain,50.7,48.1,0.248,0.248,0.0,14.0,6.8,10.59,1,0,0
atlantic-baum-liberty,2020-10-29,2020,10,61,rain,48.9,46.4,0.878,0.878,0.0,24.0,10.8,10.55,1,0,0
atlantic-baum-liberty,2020-10-30,2020,10,61,rain,43.3,39.0,0.272,0.272,0.0,10.0,12.3,10.51,1,0,0
atlantic-baum-liberty,2020-10-31,2020,10,2,cloud,41.2,34.0,0.0,0.0,0.0,0.0,8.5,10.47,0,0,0
atlantic-baum-liberty,2020-11-01,2020,11,71,snow,44.5,32.5,0.13,0.126,0.028,8.0,19.1,10.43,1,0,0
atlantic-baum-liberty,2020-11-02,2020,11,71,snow,36.3,31.6,0.016,0.0,0.11,4.0,14.6,10.39,0,1,1
atlantic-baum-liberty,2020-11-03,2020,11,2,cloud,43.7,35.2,0.0,0.0,0.0,0.0,13.1,10.35,0,0,0
atlantic-baum-liberty,2020-11-04,2020,11,0,clear,50.4,39.1,0.0,0.0,0.0,0.0,9.0,10.31,0,0,0
atlantic-baum-liberty,2020-11-05,2020,11,3,cloud,54.5,45.4,0.0,0.0,0.0,0.0,8.9,10.27,0,0,0
atlantic-baum-liberty,2020-11-06,2020,11,3,cloud,54.8,44.7,0.0,0.0,0.0,0.0,7.6,10.24,0,0,0
atlantic-baum-liberty,2020-11-07,2020,11,1,clear,54.9,40.8,0.0,0.0,0.0,0.0,4.3,10.2,0,0,0
atlantic-baum-liberty,2020-11-08,2020,11,0,clear,54.4,40.7,0.0,0.0,0.0,0.0,5.8,10.16,0,0,0
atlantic-baum-liberty,2020-11-09,2020,11,0,clear,57.0,45.1,0.0,0.0,0.0,0.0,6.2,10.13,0,0,0
atlantic-baum-liberty,2020-11-10,2020,11,1,clear,63.0,53.7,0.0,0.0,0.0,0.0,10.8,10.09,0,0,0
atlantic-baum-liberty,2020-11-11,2020,11,63,rain,62.1,50.3,0.693,0.693,0.0,18.0,11.0,10.06,1,0,0
atlantic-baum-liberty,2020-11-12,2020,11,3,cloud,46.4,41.3,0.0,0.0,0.0,0.0,8.4,10.03,0,0,0
atlantic-baum-liberty,2020-11-13,2020,11,2,cloud,43.8,36.7,0.0,0.0,0.0,0.0,11.7,9.99,0,0,0
atlantic-baum-liberty,2020-11-14,2020,11,3,cloud,39.7,30.1,0.0,0.0,0.0,0.0,7.1,9.96,0,0,1
atlantic-baum-liberty,2020-11-15,2020,11,61,rain,51.0,42.1,0.146,0.146,0.0,8.0,24.5,9.92,1,0,0
atlantic-baum-liberty,2020-11-16,2020,11,51,rain,42.4,40.0,0.012,0.012,0.0,3.0,16.0,9.89,1,0,0
atlantic-baum-liberty,2020-11-17,2020,11,73,snow,37.0,32.0,0.067,0.035,0.22,8.0,17.6,9.86,1,1,1
atlantic-baum-liberty,2020-11-18,2020,11,3,cloud,34.7,31.6,0.0,0.0,0.0,0.0,8.3,9.83,0,0,1
atlantic-baum-liberty,2020-11-19,2020,11,3,cloud,45.8,31.4,0.0,0.0,0.0,0.0,13.4,9.8,0,0,1
atlantic-baum-liberty,2020-11-20,2020,11,3,cloud,54.5,47.7,0.0,0.0,0.0,0.0,13.8,9.77,0,0,0
atlantic-baum-liberty,2020-11-21,2020,11,51,rain,47.3,40.2,0.035,0.035,0.0,6.0,6.8,9.74,1,0,0
atlantic-baum-liberty,2020-11-22,2020,11,63,rain,48.0,38.4,0.598,0.598,0.0,11.0,14.6,9.71,1,0,0
atlantic-baum-liberty,2020-11-23,2020,11,53,rain,40.7,37.4,0.035,0.035,0.0,2.0,12.4,9.68,1,0,0
atlantic-baum-liberty,2020-11-24,2020,11,3,cloud,37.9,31.4,0.0,0.0,0.0,0.0,6.8,9.65,0,0,1
atlantic-baum-liberty,2020-11-25,2020,11,61,rain,46.1,39.6,0.189,0.189,0.0,12.0,8.9,9.63,1,0,0
atlantic-baum-liberty,2020-11-26,2020,11,61,rain,52.0,48.7,0.181,0.181,0.0,6.0,14.5,9.6,1,0,0
atlantic-baum-liberty,2020-11-27,2020,11,3,cloud,48.1,42.8,0.0,0.0,0.0,0.0,7.7,9.58,0,0,0
atlantic-baum-liberty,2020-11-28,2020,11,3,cloud,41.0,36.1,0.0,0.0,0.0,0.0,10.0,9.55,0,0,0
atlantic-baum-liberty,2020-11-29,2020,11,3,cloud,39.8,30.8,0.0,0.0,0.0,0.0,5.6,9.53,0,0,1
atlantic-baum-liberty,2020-11-30,2020,11,61,rain,42.0,36.7,0.516,0.516,0.0,19.0,10.8,9.51,1,0,0
atlantic-baum-liberty,2020-12-01,2020,12,75,snow,31.4,29.4,0.535,0.079,3.197,24.0,16.3,9.49,1,1,1
atlantic-baum-liberty,2020-12-02,2020,12,71,snow,32.1,27.7,0.02,0.0,0.138,3.0,14.8,9.47,0,1,1
atlantic-baum-liberty,2020-12-03,2020,12,3,cloud,32.0,23.5,0.0,0.0,0.0,0.0,9.9,9.45,0,0,1
atlantic-baum-liberty,2020-12-04,2020,12,73,snow,38.9,33.1,0.035,0.0,0.248,2.0,12.5,9.43,0,1,0
atlantic-baum-liberty,2020-12-05,2020,12,71,snow,36.5,33.1,0.008,0.004,0.028,2.0,11.6,9.42,0,0,0
atlantic-baum-liberty,2020-12-06,2020,12,3,cloud,31.7,30.1,0.0,0.0,0.0,0.0,8.2,9.4,0,0,1
atlantic-baum-liberty,2020-12-07,2020,12,71,snow,30.0,28.1,0.004,0.0,0.028,1.0,9.4,9.38,0,0,1
atlantic-baum-liberty,2020-12-08,2020,12,3,cloud,32.3,29.4,0.0,0.0,0.0,0.0,11.1,9.37,0,0,1
atlantic-baum-liberty,2020-12-09,2020,12,73,snow,33.8,27.5,0.028,0.0,0.193,1.0,11.9,9.36,0,1,1
atlantic-baum-liberty,2020-12-10,2020,12,3,cloud,37.1,27.9,0.0,0.0,0.0,0.0,6.2,9.34,0,0,1
atlantic-baum-liberty,2020-12-11,2020,12,3,cloud,44.4,34.2,0.0,0.0,0.0,0.0,8.8,9.33,0,0,0
atlantic-baum-liberty,2020-12-12,2020,12,55,rain,48.5,40.6,0.106,0.106,0.0,4.0,12.1,9.32,1,0,0
atlantic-baum-liberty,2020-12-13,2020,12,53,rain,42.9,38.2,0.031,0.031,0.0,3.0,12.6,9.31,1,0,0
atlantic-baum-liberty,2020-12-14,2020,12,73,snow,35.3,30.5,0.11,0.055,0.386,7.0,12.9,9.3,1,1,1
atlantic-baum-liberty,2020-12-15,2020,12,3,cloud,29.9,26.4,0.0,0.0,0.0,0.0,7.2,9.3,0,0,1
atlantic-baum-liberty,2020-12-16,2020,12,75,snow,29.2,27.2,0.63,0.0,4.409,14.0,9.8,9.29,0,1,1
atlantic-baum-liberty,2020-12-17,2020,12,75,snow,29.3,27.1,0.276,0.0,1.957,17.0,6.6,9.29,0,1,1
atlantic-baum-liberty,2020-12-18,2020,12,71,snow,30.4,28.4,0.031,0.0,0.22,8.0,6.5,9.28,0,1,1
atlantic-baum-liberty,2020-12-19,2020,12,3,cloud,29.9,21.1,0.0,0.0,0.0,0.0,6.5,9.28,0,0,1
atlantic-baum-liberty,2020-12-20,2020,12,73,snow,34.5,32.3,0.213,0.024,1.323,9.0,8.3,9.28,1,1,0
atlantic-baum-liberty,2020-12-21,2020,12,53,rain,35.4,29.3,0.063,0.063,0.0,3.0,12.0,9.28,1,0,1
atlantic-baum-liberty,2020-12-22,2020,12,71,snow,36.2,31.9,0.071,0.063,0.055,11.0,14.7,9.28,1,0,1
atlantic-baum-liberty,2020-12-23,2020,12,51,rain,38.5,27.1,0.004,0.004,0.0,1.0,11.6,9.28,0,0,1
atlantic-baum-liberty,2020-12-24,2020,12,75,snow,44.6,28.1,1.154,1.071,0.579,21.0,15.5,9.28,1,1,1
atlantic-baum-liberty,2020-12-25,2020,12,75,snow,19.6,15.0,0.382,0.0,2.673,23.0,14.4,9.29,0,1,1
atlantic-baum-liberty,2020-12-26,2020,12,71,snow,16.2,11.5,0.035,0.0,0.276,9.0,12.2,9.29,0,1,1
atlantic-baum-liberty,2020-12-27,2020,12,3,cloud,24.4,6.4,0.0,0.0,0.0,0.0,9.8,9.3,0,0,1
atlantic-baum-liberty,2020-12-28,2020,12,51,rain,39.8,32.5,0.012,0.012,0.0,2.0,14.3,9.31,1,0,0
atlantic-baum-liberty,2020-12-29,2020,12,51,rain,28.3,23.0,0.004,0.004,0.0,1.0,8.9,9.32,0,0,1
atlantic-baum-liberty,2020-12-30,2020,12,61,rain,40.1,28.5,0.213,0.213,0.0,6.0,15.3,9.33,1,0,1
atlantic-baum-liberty,2020-12-31,2020,12,73,snow,34.9,28.9,0.327,0.248,0.551,9.0,12.2,9.34,1,1,1
atlantic-baum-liberty,2021-01-01,2021,1,63,rain,32.2,24.8,0.535,0.535,0.0,10.0,9.6,9.35,1,0,1
atlantic-baum-liberty,2021-01-02,2021,1,55,rain,41.9,36.3,0.075,0.075,0.0,3.0,14.0,9.36,1,0,0
atlantic-baum-liberty,2021-01-03,2021,1,61,rain,37.6,34.7,0.358,0.358,0.0,13.0,8.8,9.38,1,0,0
atlantic-baum-liberty,2021-01-04,2021,1,3,cloud,35.0,32.2,0.0,0.0,0.0,0.0,6.1,9.39,0,0,0
atlantic-baum-liberty,2021-01-05,2021,1,71,snow,34.3,32.3,0.012,0.0,0.083,3.0,6.3,9.41,0,0,0
atlantic-baum-liberty,2021-01-06,2021,1,3,cloud,33.7,30.0,0.0,0.0,0.0,0.0,10.0,9.42,0,0,1
atlantic-baum-liberty,2021-01-07,2021,1,3,cloud,32.7,28.9,0.0,0.0,0.0,0.0,7.8,9.44,0,0,1
atlantic-baum-liberty,2021-01-08,2021,1,3,cloud,29.2,25.0,0.0,0.0,0.0,0.0,7.8,9.46,0,0,1
atlantic-baum-liberty,2021-01-09,2021,1,3,cloud,28.5,21.8,0.0,0.0,0.0,0.0,7.3,9.48,0,0,1
atlantic-baum-liberty,2021-01-10,2021,1,3,cloud,30.4,25.6,0.0,0.0,0.0,0.0,6.1,9.5,0,0,1
atlantic-baum-liberty,2021-01-11,2021,1,3,cloud,31.8,26.3,0.0,0.0,0.0,0.0,8.6,9.52,0,0,1
atlantic-baum-liberty,2021-01-12,2021,1,3,cloud,28.3,23.1,0.0,0.0,0.0,0.0,9.5,9.54,0,0,1
atlantic-baum-liberty,2021-01-13,2021,1,3,cloud,32.6,25.2,0.0,0.0,0.0,0.0,10.1,9.57,0,0,1
atlantic-baum-liberty,2021-01-14,2021,1,73,snow,36.7,30.3,0.047,0.0,0.331,4.0,7.2,9.59,0,1,1
atlantic-baum-liberty,2021-01-15,2021,1,55,rain,37.4,30.3,0.154,0.154,0.0,7.0,14.1,9.62,1,0,1
atlantic-baum-liberty,2021-01-16,2021,1,73,snow,30.3,27.0,0.13,0.004,0.882,10.0,10.1,9.64,0,1,1
atlantic-baum-liberty,2021-01-17,2021,1,71,snow,33.6,28.8,0.059,0.008,0.358,12.0,12.5,9.67,0,1,1
atlantic-baum-liberty,2021-01-18,2021,1,73,snow,31.8,29.3,0.051,0.004,0.331,8.0,12.8,9.7,0,1,1
atlantic-baum-liberty,2021-01-19,2021,1,3,cloud,32.5,28.9,0.0,0.0,0.0,0.0,12.6,9.73,0,0,1
atlantic-baum-liberty,2021-01-20,2021,1,73,snow,28.0,22.0,0.039,0.0,0.276,6.0,13.2,9.76,0,1,1
atlantic-baum-liberty,2021-01-21,2021,1,3,cloud,33.9,22.6,0.0,0.0,0.0,0.0,14.6,9.79,0,0,1
atlantic-baum-liberty,2021-01-22,2021,1,3,cloud,32.1,26.8,0.0,0.0,0.0,0.0,14.1,9.82,0,0,1
atlantic-baum-liberty,2021-01-23,2021,1,3,cloud,23.6,19.0,0.0,0.0,0.0,0.0,11.8,9.85,0,0,1
atlantic-baum-liberty,2021-01-24,2021,1,3,cloud,23.4,17.1,0.0,0.0,0.0,0.0,5.1,9.88,0,0,1
atlantic-baum-liberty,2021-01-25,2021,1,73,snow,30.6,26.3,0.043,0.0,0.303,6.0,8.7,9.91,0,1,1
atlantic-baum-liberty,2021-01-26,2021,1,61,rain,36.9,31.6,0.181,0.181,0.0,14.0,15.1,9.95,1,0,1
atlantic-baum-liberty,2021-01-27,2021,1,51,rain,30.5,25.7,0.004,0.004,0.0,1.0,9.4,9.98,0,0,1
atlantic-baum-liberty,2021-01-28,2021,1,3,cloud,23.8,19.9,0.0,0.0,0.0,0.0,14.0,10.01,0,0,1
atlantic-baum-liberty,2021-01-29,2021,1,3,cloud,22.1,18.2,0.0,0.0,0.0,0.0,11.2,10.05,0,0,1
atlantic-baum-liberty,2021-01-30,2021,1,3,cloud,23.4,15.2,0.0,0.0,0.0,0.0,7.8,10.08,0,0,1
atlantic-baum-liberty,2021-01-31,2021,1,73,snow,29.6,27.3,0.441,0.0,3.087,21.0,11.1,10.12,0,1,1
atlantic-baum-liberty,2021-02-01,2021,2,73,snow,29.4,26.8,0.24,0.0,1.681,20.0,9.7,10.15,0,1,1
atlantic-baum-liberty,2021-02-02,2021,2,73,snow,27.3,23.9,0.094,0.004,0.634,11.0,12.7,10.19,0,1,1
atlantic-baum-liberty,2021-02-03,2021,2,71,snow,26.7,18.9,0.004,0.0,0.028,1.0,12.7,10.23,0,0,1
atlantic-baum-liberty,2021-02-04,2021,2,73,snow,21.7,3.7,0.028,0.0,0.193,2.0,10.0,10.27,0,1,1
atlantic-baum-liberty,2021-02-05,2021,2,73,snow,32.4,27.6,0.11,0.067,0.303,7.0,15.6,10.3,1,1,1
atlantic-baum-liberty,2021-02-06,2021,2,73,snow,25.1,14.9,0.024,0.0,0.165,3.0,11.1,10.34,0,1,1
atlantic-baum-liberty,2021-02-07,2021,2,71,snow,20.1,6.5,0.02,0.0,0.138,5.0,9.8,10.38,0,1,1
atlantic-baum-liberty,2021-02-08,2021,2,71,snow,17.7,4.4,0.008,0.0,0.055,1.0,6.6,10.42,0,0,1
atlantic-baum-liberty,2021-02-09,2021,2,73,snow,25.5,15.0,0.331,0.0,2.315,16.0,6.3,10.46,0,1,1
atlantic-baum-liberty,2021-02-10,2021,2,73,snow,20.7,12.7,0.157,0.0,1.102,9.0,7.6,10.5,0,1,1
atlantic-baum-liberty,2021-02-11,2021,2,73,snow,23.5,19.2,0.055,0.0,0.386,9.0,8.6,10.54,0,1,1
atlantic-baum-liberty,2021-02-12,2021,2,3,cloud,22.8,16.1,0.0,0.0,0.0,0.0,9.4,10.58,0,0,1
atlantic-baum-liberty,2021-02-13,2021,2,3,cloud,25.9,21.5,0.0,0.0,0.0,0.0,8.7,10.62,0,0,1
atlantic-baum-liberty,2021-02-14,2021,2,3,cloud,26.0,22.9,0.0,0.0,0.0,0.0,6.8,10.67,0,0,1
atlantic-baum-liberty,2021-02-15,2021,2,73,snow,26.6,21.9,0.425,0.327,0.689,12.0,10.3,10.71,1,1,1
atlantic-baum-liberty,2021-02-16,2021,2,71,snow,29.0,18.0,0.197,0.177,0.138,11.0,14.3,10.75,1,1,1
atlantic-baum-liberty,2021-02-17,2021,2,71,snow,17.9,2.9,0.004,0.0,0.028,1.0,9.2,10.79,0,0,1
atlantic-baum-liberty,2021-02-18,2021,2,73,snow,25.3,22.2,0.181,0.004,1.268,18.0,8.4,10.83,0,1,1
atlantic-baum-liberty,2021-02-19,2021,2,71,snow,27.3,22.8,0.047,0.0,0.386,8.0,9.2,10.87,0,1,1
atlantic-baum-liberty,2021-02-20,2021,2,71,snow,18.8,12.0,0.012,0.0,0.083,3.0,11.7,10.91,0,0,1
atlantic-baum-liberty,2021-02-21,2021,2,3,cloud,20.2,3.6,0.0,0.0,0.0,0.0,8.4,10.96,0,0,1
atlantic-baum-liberty,2021-02-22,2021,2,73,snow,35.2,28.2,0.217,0.13,0.606,11.0,17.5,11.0,1,1,1
atlantic-baum-liberty,2021-02-23,2021,2,71,snow,37.6,30.2,0.012,0.0,0.083,3.0,18.1,11.04,0,0,1
atlantic-baum-liberty,2021-02-24,2021,2,51,rain,43.0,27.6,0.02,0.02,0.0,3.0,16.1,11.09,1,0,1
atlantic-baum-liberty,2021-02-25,2021,2,3,cloud,35.8,28.1,0.0,0.0,0.0,0.0,11.1,11.13,0,0,1
atlantic-baum-liberty,2021-02-26,2021,2,3,cloud,35.3,25.5,0.0,0.0,0.0,0.0,10.4,11.18,0,0,1
atlantic-baum-liberty,2021-02-27,2021,2,53,rain,44.1,37.0,0.051,0.051,0.0,4.0,9.9,11.22,1,0,0
atlantic-baum-liberty,2021-02-28,2021,2,63,rain,45.0,37.2,0.819,0.819,0.0,17.0,9.9,11.26,1,0,0
atlantic-baum-liberty,2021-03-01,2021,3,61,rain,42.1,28.0,0.272,0.272,0.0,9.0,18.7,11.31,1,0,1
atlantic-baum-liberty,2021-03-02,2021,3,0,clear,28.4,19.0,0.0,0.0,0.0,0.0,10.4,11.35,0,0,1
atlantic-baum-liberty,2021-03-03,2021,3,2,cloud,38.9,26.2,0.0,0.0,0.0,0.0,11.9,11.4,0,0,1
atlantic-baum-liberty,2021-03-04,2021,3,3,cloud,32.8,24.7,0.0,0.0,0.0,0.0,13.8,11.44,0,0,1
atlantic-baum-liberty,2021-03-05,2021,3,2,cloud,27.1,19.3,0.0,0.0,0.0,0.0,15.3,11.49,0,0,1
atlantic-baum-liberty,2021-03-06,2021,3,3,cloud,29.4,24.3,0.0,0.0,0.0,0.0,11.7,11.53,0,0,1
atlantic-baum-liberty,2021-03-07,2021,3,1,clear,29.8,21.2,0.0,0.0,0.0,0.0,8.1,11.58,0,0,1
atlantic-baum-liberty,2021-03-08,2021,3,3,cloud,36.0,21.4,0.0,0.0,0.0,0.0,9.2,11.62,0,0,1
atlantic-baum-liberty,2021-03-09,2021,3,3,cloud,50.5,42.2,0.0,0.0,0.0,0.0,8.7,11.66,0,0,0
atlantic-baum-liberty,2021-03-10,2021,3,3,cloud,51.4,36.4,0.0,0.0,0.0,0.0,12.5,11.71,0,0,0
atlantic-baum-liberty,2021-03-11,2021,3,55,rain,57.4,52.3,0.157,0.157,0.0,6.0,14.6,11.75,1,0,0
atlantic-baum-liberty,2021-03-12,2021,3,63,rain,50.7,40.1,0.307,0.307,0.0,5.0,13.3,11.8,1,0,0
atlantic-baum-liberty,2021-03-13,2021,3,3,cloud,37.3,26.5,0.0,0.0,0.0,0.0,10.6,11.84,0,0,1
atlantic-baum-liberty,2021-03-14,2021,3,3,cloud,39.5,29.4,0.0,0.0,0.0,0.0,15.6,11.89,0,0,1
atlantic-baum-liberty,2021-03-15,2021,3,3,cloud,32.3,21.2,0.0,0.0,0.0,0.0,9.6,11.93,0,0,1
atlantic-baum-liberty,2021-03-16,2021,3,51,rain,46.3,37.2,0.059,0.059,0.0,7.0,9.9,11.98,1,0,0
atlantic-baum-liberty,2021-03-17,2021,3,3,cloud,49.5,35.8,0.0,0.0,0.0,0.0,7.9,12.02,0,0,0
atlantic-baum-liberty,2021-03-18,2021,3,63,rain,45.9,39.5,1.445,1.445,0.0,22.0,16.1,12.07,1,0,0
atlantic-baum-liberty,2021-03-19,2021,3,51,rain,37.0,28.6,0.004,0.004,0.0,1.0,15.0,12.11,0,0,1
atlantic-baum-liberty,2021-03-20,2021,3,0,clear,39.9,25.2,0.0,0.0,0.0,0.0,6.9,12.16,0,0,1
atlantic-baum-liberty,2021-03-21,2021,3,0,clear,45.9,30.7,0.0,0.0,0.0,0.0,7.3,12.2,0,0,1
atlantic-baum-liberty,2021-03-22,2021,3,3,cloud,49.1,33.3,0.0,0.0,0.0,0.0,8.4,12.25,0,0,0
atlantic-baum-liberty,2021-03-23,2021,3,3,cloud,51.2,36.8,0.0,0.0,0.0,0.0,12.0,12.29,0,0,0
atlantic-baum-liberty,2021-03-24,2021,3,61,rain,59.3,50.4,0.126,0.126,0.0,9.0,10.8,12.34,1,0,0
atlantic-baum-liberty,2021-03-25,2021,3,51,rain,59.8,48.7,0.031,0.031,0.0,4.0,9.9,12.38,1,0,0
atlantic-baum-liberty,2021-03-26,2021,3,61,rain,56.3,47.2,0.248,0.248,0.0,5.0,23.4,12.43,1,0,0
atlantic-baum-liberty,2021-03-27,2021,3,3,cloud,54.8,43.0,0.0,0.0,0.0,0.0,7.9,12.47,0,0,0
atlantic-baum-liberty,2021-03-28,2021,3,63,rain,52.0,38.8,0.591,0.591,0.0,17.0,19.5,12.52,1,0,0
atlantic-baum-liberty,2021-03-29,2021,3,71,snow,42.0,35.4,0.008,0.0,0.055,2.0,16.9,12.56,0,0,0
atlantic-baum-liberty,2021-03-30,2021,3,3,cloud,53.0,36.2,0.0,0.0,0.0,0.0,13.3,12.6,0,0,0
atlantic-baum-liberty,2021-03-31,2021,3,63,rain,53.2,41.5,0.555,0.555,0.0,12.0,11.2,12.65,1,0,0
atlantic-baum-liberty,2021-04-01,2021,4,73,snow,34.1,25.8,0.106,0.028,0.551,11.0,16.6,12.69,1,1,1
atlantic-baum-liberty,2021-04-02,2021,4,3,cloud,31.1,23.5,0.0,0.0,0.0,0.0,14.5,12.74,0,0,1
atlantic-baum-liberty,2021-04-03,2021,4,3,cloud,38.5,24.6,0.0,0.0,0.0,0.0,9.1,12.78,0,0,1
atlantic-baum-liberty,2021-04-04,2021,4,2,cloud,52.1,40.6,0.0,0.0,0.0,0.0,10.6,12.83,0,0,0
atlantic-baum-liberty,2021-04-05,2021,4,51,rain,52.0,37.9,0.004,0.004,0.0,1.0,5.9,12.87,0,0,0
atlantic-baum-liberty,2021-04-06,2021,4,3,cloud,59.4,43.7,0.0,0.0,0.0,0.0,6.6,12.91,0,0,0
atlantic-baum-liberty,2021-04-07,2021,4,51,rain,63.5,49.9,0.02,0.02,0.0,2.0,7.0,12.96,1,0,0
atlantic-baum-liberty,2021-04-08,2021,4,55,rain,65.2,52.9,0.063,0.063,0.0,3.0,14.0,13.0,1,0,0
atlantic-baum-liberty,2021-04-09,2021,4,53,rain,62.1,54.1,0.047,0.047,0.0,3.0,11.1,13.05,1,0,0
atlantic-baum-liberty,2021-04-10,2021,4,63,rain,63.7,51.8,0.236,0.236,0.0,3.0,13.8,13.09,1,0,0
atlantic-baum-liberty,2021-04-11,2021,4,63,rain,59.9,54.1,0.89,0.89,0.0,7.0,13.1,13.13,1,0,0
atlantic-baum-liberty,2021-04-12,2021,4,63,rain,51.8,48.0,0.39,0.39,0.0,10.0,11.3,13.18,1,0,0
atlantic-baum-liberty,2021-04-13,2021,4,51,rain,55.1,43.0,0.008,0.008,0.0,1.0,6.7,13.22,0,0,0
atlantic-baum-liberty,2021-04-14,2021,4,51,rain,53.7,46.5,0.012,0.012,0.0,1.0,10.4,13.26,1,0,0
atlantic-baum-liberty,2021-04-15,2021,4,51,rain,44.9,39.1,0.075,0.075,0.0,10.0,12.8,13.31,1,0,0
atlantic-baum-liberty,2021-04-16,2021,4,53,rain,43.5,38.2,0.102,0.102,0.0,12.0,12.8,13.35,1,0,0
atlantic-baum-liberty,2021-04-17,2021,4,3,cloud,44.9,37.7,0.0,0.0,0.0,0.0,8.2,13.39,0,0,0
atlantic-baum-liberty,2021-04-18,2021,4,51,rain,47.5,35.2,0.016,0.016,0.0,2.0,5.9,13.43,1,0,0
atlantic-baum-liberty,2021-04-19,2021,4,3,cloud,51.5,38.2,0.0,0.0,0.0,0.0,11.4,13.47,0,0,0
atlantic-baum-liberty,2021-04-20,2021,4,53,rain,51.8,41.5,0.043,0.043,0.0,4.0,11.7,13.51,1,0,0
atlantic-baum-liberty,2021-04-21,2021,4,73,snow,37.4,32.2,0.106,0.016,0.634,9.0,16.0,13.55,1,1,0
atlantic-baum-liberty,2021-04-22,2021,4,73,snow,37.8,29.8,0.055,0.008,0.331,7.0,15.1,13.59,0,1,1
atlantic-baum-liberty,2021-04-23,2021,4,3,cloud,46.1,31.8,0.0,0.0,0.0,0.0,12.3,13.64,0,0,1
atlantic-baum-liberty,2021-04-24,2021,4,53,rain,49.3,36.1,0.154,0.154,0.0,7.0,8.2,13.68,1,0,0
atlantic-baum-liberty,2021-04-25,2021,4,51,rain,50.6,40.7,0.063,0.063,0.0,6.0,14.8,13.72,1,0,0
atlantic-baum-liberty,2021-04-26,2021,4,2,cloud,46.8,32.7,0.0,0.0,0.0,0.0,6.8,13.76,0,0,0
atlantic-baum-liberty,2021-04-27,2021,4,51,rain,63.3,43.7,0.02,0.02,0.0,2.0,11.9,13.8,1,0,0
atlantic-baum-liberty,2021-04-28,2021,4,51,rain,69.0,58.8,0.039,0.039,0.0,6.0,13.3,13.84,1,0,0
atlantic-baum-liberty,2021-04-29,2021,4,63,rain,62.8,51.6,1.335,1.335,0.0,22.0,16.9,13.88,1,0,0
atlantic-baum-liberty,2021-04-30,2021,4,55,rain,50.5,42.1,0.154,0.154,0.0,9.0,20.5,13.91,1,0,0
atlantic-baum-liberty,2021-05-01,2021,5,3,cloud,49.1,35.2,0.0,0.0,0.0,0.0,12.2,13.95,0,0,0
atlantic-baum-liberty,2021-05-02,2021,5,3,cloud,65.3,53.7,0.0,0.0,0.0,0.0,12.8,13.99,0,0,0
atlantic-baum-liberty,2021-05-03,2021,5,63,rain,61.8,55.7,0.839,0.839,0.0,18.0,7.6,14.03,1,0,0
atlantic-baum-liberty,2021-05-04,2021,5,63,rain,65.4,60.2,0.488,0.488,0.0,9.0,14.5,14.07,1,0,0
atlantic-baum-liberty,2021-05-05,2021,5,61,rain,52.6,46.3,0.276,0.276,0.0,10.0,12.7,14.1,1,0,0
atlantic-baum-liberty,2021-05-06,2021,5,3,cloud,48.8,38.6,0.0,0.0,0.0,0.0,7.9,14.14,0,0,0
atlantic-baum-liberty,2021-05-07,2021,5,55,rain,46.8,42.5,0.189,0.189,0.0,8.0,12.0,14.17,1,0,0
atlantic-baum-liberty,2021-05-08,2021,5,53,rain,46.0,41.2,0.091,0.091,0.0,9.0,14.1,14.21,1,0,0
atlantic-baum-liberty,2021-05-09,2021,5,63,rain,43.7,41.1,0.965,0.965,0.0,16.0,12.1,14.24,1,0,0
atlantic-baum-liberty,2021-05-10,2021,5,3,cloud,47.2,37.8,0.0,0.0,0.0,0.0,12.3,14.28,0,0,0
atlantic-baum-liberty,2021-05-11,2021,5,51,rain,47.6,39.9,0.016,0.016,0.0,2.0,13.3,14.31,1,0,0
atlantic-baum-liberty,2021-05-12,2021,5,51,rain,48.1,35.6,0.012,0.012,0.0,3.0,9.6,14.34,1,0,0
atlantic-baum-liberty,2021-05-13,2021,5,3,cloud,51.2,37.9,0.0,0.0,0.0,0.0,7.0,14.38,0,0,0
atlantic-baum-liberty,2021-05-14,2021,5,3,cloud,53.5,40.4,0.0,0.0,0.0,0.0,4.3,14.41,0,0,0
atlantic-baum-liberty,2021-05-15,2021,5,3,cloud,56.3,43.6,0.0,0.0,0.0,0.0,4.6,14.44,0,0,0
atlantic-baum-liberty,2021-05-16,2021,5,3,cloud,57.8,48.2,0.0,0.0,0.0,0.0,5.3,14.47,0,0,0
atlantic-baum-liberty,2021-05-17,2021,5,3,cloud,59.4,47.3,0.0,0.0,0.0,0.0,4.2,14.5,0,0,0
atlantic-baum-liberty,2021-05-18,2021,5,3,cloud,63.4,48.3,0.0,0.0,0.0,0.0,4.8,14.53,0,0,0
atlantic-baum-liberty,2021-05-19,2021,5,3,cloud,67.2,51.2,0.0,0.0,0.0,0.0,4.4,14.56,0,0,0
atlantic-baum-liberty,2021-05-20,2021,5,3,cloud,70.9,57.2,0.0,0.0,0.0,0.0,6.4,14.59,0,0,0
atlantic-baum-liberty,2021-05-21,2021,5,3,cloud,73.5,59.6,0.0,0.0,0.0,0.0,7.6,14.62,0,0,0
atlantic-baum-liberty,2021-05-22,2021,5,3,cloud,72.3,60.0,0.0,0.0,0.0,0.0,9.7,14.65,0,0,0
atlantic-baum-liberty,2021-05-23,2021,5,51,rain,75.7,65.7,0.028,0.028,0.0,3.0,11.9,14.67,1,0,0
atlantic-baum-liberty,2021-05-24,2021,5,63,rain,70.1,65.9,0.409,0.409,0.0,15.0,5.4,14.7,1,0,0
atlantic-baum-liberty,2021-05-25,2021,5,51,rain,74.2,63.5,0.008,0.008,0.0,2.0,10.5,14.72,0,0,0
atlantic-baum-liberty,2021-05-26,2021,5,53,rain,73.2,65.1,0.063,0.063,0.0,7.0,14.8,14.75,1,0,0
atlantic-baum-liberty,2021-05-27,2021,5,51,rain,67.0,59.8,0.016,0.016,0.0,2.0,8.0,14.77,1,0,0
atlantic-baum-liberty,2021-05-28,2021,5,63,rain,62.0,55.5,0.697,0.697,0.0,13.0,10.0,14.79,1,0,0
atlantic-baum-liberty,2021-05-29,2021,5,55,rain,51.2,48.9,0.169,0.169,0.0,16.0,11.8,14.81,1,0,0
atlantic-baum-liberty,2021-05-30,2021,5,51,rain,51.3,47.5,0.004,0.004,0.0,1.0,7.7,14.84,0,0,0
atlantic-baum-liberty,2021-05-31,2021,5,3,cloud,57.7,42.5,0.0,0.0,0.0,0.0,5.6,14.86,0,0,0
atlantic-baum-liberty,2021-06-01,2021,6,3,cloud,63.1,51.2,0.0,0.0,0.0,0.0,4.6,14.87,0,0,0
atlantic-baum-liberty,2021-06-02,2021,6,53,rain,64.6,56.8,0.059,0.059,0.0,6.0,6.5,14.89,1,0,0
atlantic-baum-liberty,2021-06-03,2021,6,61,rain,66.0,61.2,0.441,0.441,0.0,17.0,13.5,14.91,1,0,0
atlantic-baum-liberty,2021-06-04,2021,6,53,rain,69.1,60.0,0.067,0.067,0.0,5.0,11.1,14.93,1,0,0
atlantic-baum-liberty,2021-06-05,2021,6,2,cloud,74.6,63.7,0.0,0.0,0.0,0.0,9.1,14.94,0,0,0
atlantic-baum-liberty,2021-06-06,2021,6,3,cloud,75.2,61.6,0.0,0.0,0.0,0.0,7.8,14.96,0,0,0
atlantic-baum-liberty,2021-06-07,2021,6,53,rain,77.8,70.0,0.059,0.059,0.0,3.0,6.3,14.97,1,0,0
atlantic-baum-liberty,2021-06-08,2021,6,53,rain,76.1,70.2,0.142,0.142,0.0,15.0,7.9,14.99,1,0,0
atlantic-baum-liberty,2021-06-09,2021,6,53,rain,73.7,69.4,0.083,0.083,0.0,8.0,7.0,15.0,1,0,0
atlantic-baum-liberty,2021-06-10,2021,6,63,rain,73.3,67.8,0.268,0.268,0.0,12.0,8.5,15.01,1,0,0
atlantic-baum-liberty,2021-06-11,2021,6,63,rain,71.0,66.3,0.803,0.803,0.0,20.0,8.8,15.02,1,0,0
atlantic-baum-liberty,2021-06-12,2021,6,51,rain,70.7,59.6,0.016,0.016,0.0,2.0,5.4,15.03,1,0,0
atlantic-baum-liberty,2021-06-13,2021,6,63,rain,72.6,66.9,0.669,0.669,0.0,10.0,5.7,15.04,1,0,0
atlantic-baum-liberty,2021-06-14,2021,6,63,rain,67.4,57.9,0.65,0.65,0.0,5.0,7.7,15.04,1,0,0
atlantic-baum-liberty,2021-06-15,2021,6,51,rain,64.6,56.5,0.02,0.02,0.0,3.0,10.6,15.05,1,0,0
atlantic-baum-liberty,2021-06-16,2021,6,3,cloud,61.4,50.6,0.0,0.0,0.0,0.0,8.9,15.05,0,0,0
atlantic-baum-liberty,2021-06-17,2021,6,2,cloud,63.7,50.5,0.0,0.0,0.0,0.0,5.0,15.06,0,0,0
atlantic-baum-liberty,2021-06-18,2021,6,61,rain,70.4,57.3,0.138,0.138,0.0,3.0,14.4,15.06,1,0,0
atlantic-baum-liberty,2021-06-19,2021,6,63,rain,71.4,67.9,0.409,0.409,0.0,18.0,11.5,15.06,1,0,0
atlantic-baum-liberty,2021-06-20,2021,6,55,rain,74.6,66.0,0.142,0.142,0.0,10.0,8.9,15.06,1,0,0
atlantic-baum-liberty,2021-06-21,2021,6,63,rain,73.4,66.3,0.335,0.335,0.0,11.0,16.0,15.06,1,0,0
atlantic-baum-liberty,2021-06-22,2021,6,53,rain,61.2,54.7,0.083,0.083,0.0,8.0,10.0,15.06,1,0,0
atlantic-baum-liberty,2021-06-23,2021,6,3,cloud,62.1,48.8,0.0,0.0,0.0,0.0,7.3,15.06,0,0,0
atlantic-baum-liberty,2021-06-24,2021,6,3,cloud,68.4,55.2,0.0,0.0,0.0,0.0,11.0,15.06,0,0,0
atlantic-baum-liberty,2021-06-25,2021,6,3,cloud,71.9,60.5,0.0,0.0,0.0,0.0,11.9,15.05,0,0,0
atlantic-baum-liberty,2021-06-26,2021,6,51,rain,75.7,66.3,0.008,0.008,0.0,1.0,12.9,15.05,0,0,0
atlantic-baum-liberty,2021-06-27,2021,6,53,rain,78.0,68.3,0.047,0.047,0.0,5.0,12.8,15.04,1,0,0
atlantic-baum-liberty,2021-06-28,2021,6,51,rain,80.2,69.7,0.012,0.012,0.0,3.0,6.4,15.03,1,0,0
atlantic-baum-liberty,2021-06-29,2021,6,55,rain,81.8,72.4,0.039,0.039,0.0,1.0,8.0,15.03,1,0,0
atlantic-baum-liberty,2021-06-30,2021,6,63,rain,76.0,71.2,0.398,0.398,0.0,9.0,8.1,15.02,1,0,0
atlantic-baum-liberty,2021-07-01,2021,7,63,rain,69.9,66.4,0.949,0.949,0.0,17.0,8.7,15.01,1,0,0
atlantic-baum-liberty,2021-07-02,2021,7,53,rain,64.0,56.8,0.043,0.043,0.0,5.0,11.2,15.0,1,0,0
atlantic-baum-liberty,2021-07-03,2021,7,51,rain,66.6,58.2,0.004,0.004,0.0,1.0,10.6,14.99,0,0,0
atlantic-baum-liberty,2021-07-04,2021,7,53,rain,69.5,61.5,0.094,0.094,0.0,10.0,6.1,14.97,1,0,0
atlantic-baum-liberty,2021-07-05,2021,7,51,rain,74.7,62.1,0.016,0.016,0.0,3.0,8.1,14.96,1,0,0
atlantic-baum-liberty,2021-07-06,2021,7,51,rain,80.4,70.9,0.008,0.008,0.0,2.0,9.9,14.94,0,0,0
atlantic-baum-liberty,2021-07-07,2021,7,55,rain,78.7,72.3,0.122,0.122,0.0,7.0,9.8,14.93,1,0,0
atlantic-baum-liberty,2021-07-08,2021,7,65,rain,71.4,68.8,1.063,1.063,0.0,18.0,9.2,14.91,1,0,0
atlantic-baum-liberty,2021-07-09,2021,7,53,rain,71.2,63.4,0.193,0.193,0.0,15.0,11.0,14.9,1,0,0
atlantic-baum-liberty,2021-07-10,2021,7,3,cloud,66.9,56.5,0.0,0.0,0.0,0.0,5.3,14.88,0,0,0
atlantic-baum-liberty,2021-07-11,2021,7,61,rain,72.2,63.5,0.311,0.311,0.0,12.0,11.2,14.86,1,0,0
atlantic-baum-liberty,2021-07-12,2021,7,63,rain,75.4,69.9,0.374,0.374,0.0,15.0,10.6,14.84,1,0,0
atlantic-baum-liberty,2021-07-13,2021,7,55,rain,76.1,70.0,0.122,0.122,0.0,7.0,12.1,14.82,1,0,0
atlantic-baum-liberty,2021-07-14,2021,7,63,rain,74.9,69.7,0.173,0.173,0.0,7.0,9.2,14.79,1,0,0
atlantic-baum-liberty,2021-07-15,2021,7,51,rain,76.4,67.6,0.035,0.035,0.0,5.0,10.8,14.77,1,0,0
atlantic-baum-liberty,2021-07-16,2021,7,51,rain,76.8,68.8,0.043,0.043,0.0,5.0,13.5,14.75,1,0,0
atlantic-baum-liberty,2021-07-17,2021,7,63,rain,72.1,63.6,0.323,0.323,0.0,9.0,12.0,14.72,1,0,0
atlantic-baum-liberty,2021-07-18,2021,7,53,rain,70.2,60.2,0.067,0.067,0.0,7.0,10.4,14.7,1,0,0
atlantic-baum-liberty,2021-07-19,2021,7,51,rain,72.8,60.8,0.004,0.004,0.0,1.0,6.2,14.67,0,0,0
atlantic-baum-liberty,2021-07-20,2021,7,51,rain,74.4,64.4,0.02,0.02,0.0,4.0,6.2,14.65,1,0,0
atlantic-baum-liberty,2021-07-21,2021,7,61,rain,70.7,63.3,0.197,0.197,0.0,11.0,11.3,14.62,1,0,0
atlantic-baum-liberty,2021-07-22,2021,7,3,cloud,68.2,57.0,0.0,0.0,0.0,0.0,5.7,14.59,0,0,0
atlantic-baum-liberty,2021-07-23,2021,7,3,cloud,70.2,60.6,0.0,0.0,0.0,0.0,5.8,14.56,0,0,0
atlantic-baum-liberty,2021-07-24,2021,7,3,cloud,74.2,65.8,0.0,0.0,0.0,0.0,5.8,14.54,0,0,0
atlantic-baum-liberty,2021-07-25,2021,7,61,rain,76.0,67.8,0.197,0.197,0.0,8.0,7.8,14.51,1,0,0
atlantic-baum-liberty,2021-07-26,2021,7,3,cloud,77.3,68.5,0.0,0.0,0.0,0.0,11.2,14.48,0,0,0
atlantic-baum-liberty,2021-07-27,2021,7,3,cloud,76.1,62.2,0.0,0.0,0.0,0.0,7.7,14.45,0,0,0
atlantic-baum-liberty,2021-07-28,2021,7,51,rain,75.7,66.3,0.039,0.039,0.0,5.0,7.1,14.42,1,0,0
atlantic-baum-liberty,2021-07-29,2021,7,65,rain,72.8,65.9,0.567,0.567,0.0,9.0,14.5,14.38,1,0,0
atlantic-baum-liberty,2021-07-30,2021,7,51,rain,71.6,64.1,0.004,0.004,0.0,1.0,10.5,14.35,0,0,0
atlantic-baum-liberty,2021-07-31,2021,7,3,cloud,67.9,57.2,0.0,0.0,0.0,0.0,4.7,14.32,0,0,0
atlantic-baum-liberty,2021-08-01,2021,8,61,rain,68.9,62.0,0.118,0.118,0.0,6.0,11.7,14.29,1,0,0
atlantic-baum-liberty,2021-08-02,2021,8,3,cloud,66.5,56.7,0.0,0.0,0.0,0.0,7.0,14.25,0,0,0
atlantic-baum-liberty,2021-08-03,2021,8,3,cloud,69.1,58.3,0.0,0.0,0.0,0.0,6.8,14.22,0,0,0
atlantic-baum-liberty,2021-08-04,2021,8,51,rain,70.3,62.5,0.016,0.016,0.0,2.0,4.6,14.18,1,0,0
atlantic-baum-liberty,2021-08-05,2021,8,51,rain,72.4,63.1,0.004,0.004,0.0,1.0,6.3,14.15,0,0,0
atlantic-baum-liberty,2021-08-06,2021,8,3,cloud,76.3,65.4,0.0,0.0,0.0,0.0,9.5,14.11,0,0,0
atlantic-baum-liberty,2021-08-07,2021,8,51,rain,75.9,66.8,0.02,0.02,0.0,2.0,7.9,14.07,1,0,0
atlantic-baum-liberty,2021-08-08,2021,8,51,rain,76.1,66.6,0.016,0.016,0.0,2.0,6.4,14.04,1,0,0
atlantic-baum-liberty,2021-08-09,2021,8,51,rain,79.0,67.8,0.02,0.02,0.0,3.0,8.7,14.0,1,0,0
atlantic-baum-liberty,2021-08-10,2021,8,61,rain,79.7,70.8,0.252,0.252,0.0,12.0,14.7,13.96,1,0,0
atlantic-baum-liberty,2021-08-11,2021,8,53,rain,80.8,73.7,0.083,0.083,0.0,9.0,11.7,13.92,1,0,0
atlantic-baum-liberty,2021-08-12,2021,8,65,rain,79.2,72.7,0.972,0.972,0.0,6.0,11.3,13.89,1,0,0
atlantic-baum-liberty,2021-08-13,2021,8,63,rain,77.8,71.5,0.406,0.406,0.0,6.0,8.9,13.85,1,0,0
atlantic-baum-liberty,2021-08-14,2021,8,61,rain,74.3,67.0,0.343,0.343,0.0,13.0,7.8,13.81,1,0,0
atlantic-baum-liberty,2021-08-15,2021,8,3,cloud,69.9,61.7,0.0,0.0,0.0,0.0,7.3,13.77,0,0,0
atlantic-baum-liberty,2021-08-16,2021,8,63,rain,70.8,67.6,0.953,0.953,0.0,22.0,7.7,13.73,1,0,0
atlantic-baum-liberty,2021-08-17,2021,8,51,rain,73.7,69.1,0.079,0.079,0.0,11.0,6.9,13.69,1,0,0
atlantic-baum-liberty,2021-08-18,2021,8,63,rain,72.7,70.3,0.744,0.744,0.0,20.0,14.4,13.65,1,0,0
atlantic-baum-liberty,2021-08-19,2021,8,53,rain,72.1,66.7,0.118,0.118,0.0,10.0,6.3,13.61,1,0,0
atlantic-baum-liberty,2021-08-20,2021,8,61,rain,73.9,67.2,0.102,0.102,0.0,5.0,5.6,13.57,1,0,0
atlantic-baum-liberty,2021-08-21,2021,8,3,cloud,74.6,64.5,0.0,0.0,0.0,0.0,4.7,13.53,0,0,0
atlantic-baum-liberty,2021-08-22,2021,8,51,rain,74.7,66.5,0.004,0.004,0.0,1.0,5.2,13.49,0,0,0
atlantic-baum-liberty,2021-08-23,2021,8,55,rain,77.0,69.8,0.059,0.059,0.0,3.0,10.1,13.45,1,0,0
atlantic-baum-liberty,2021-08-24,2021,8,3,cloud,77.5,66.6,0.0,0.0,0.0,0.0,6.1,13.41,0,0,0
atlantic-baum-liberty,2021-08-25,2021,8,51,rain,77.6,69.6,0.012,0.012,0.0,3.0,4.3,13.37,1,0,0
atlantic-baum-liberty,2021-08-26,2021,8,51,rain,77.5,70.5,0.016,0.016,0.0,3.0,5.1,13.32,1,0,0
atlantic-baum-liberty,2021-08-27,2021,8,61,rain,77.4,71.0,0.134,0.134,0.0,5.0,4.0,13.28,1,0,0
atlantic-baum-liberty,2021-08-28,2021,8,63,rain,78.1,71.4,0.543,0.543,0.0,8.0,5.7,13.24,1,0,0
atlantic-baum-liberty,2021-08-29,2021,8,53,rain,77.4,70.7,0.118,0.118,0.0,9.0,7.1,13.2,1,0,0
atlantic-baum-liberty,2021-08-30,2021,8,61,rain,74.9,71.1,0.366,0.366,0.0,13.0,8.5,13.15,1,0,0
atlantic-baum-liberty,2021-08-31,2021,8,63,rain,70.6,68.6,1.346,1.346,0.0,16.0,4.8,13.11,1,0,0
atlantic-baum-liberty,2021-09-01,2021,9,65,rain,66.9,63.4,1.614,1.614,0.0,17.0,15.0,13.07,1,0,0
atlantic-baum-liberty,2021-09-02,2021,9,0,clear,63.6,55.0,0.0,0.0,0.0,0.0,9.0,13.03,0,0,0
atlantic-baum-liberty,2021-09-03,2021,9,3,cloud,61.9,52.0,0.0,0.0,0.0,0.0,7.7,12.98,0,0,0
atlantic-baum-liberty,2021-09-04,2021,9,3,cloud,66.3,56.2,0.0,0.0,0.0,0.0,5.1,12.94,0,0,0
atlantic-baum-liberty,2021-09-05,2021,9,63,rain,68.2,62.2,0.72,0.72,0.0,20.0,10.4,12.9,1,0,0
atlantic-baum-liberty,2021-09-06,2021,9,51,rain,66.6,57.0,0.008,0.008,0.0,1.0,13.2,12.86,0,0,0
atlantic-baum-liberty,2021-09-07,2021,9,51,rain,68.1,57.7,0.012,0.012,0.0,3.0,9.9,12.81,1,0,0
atlantic-baum-liberty,2021-09-08,2021,9,53,rain,67.7,63.0,0.094,0.094,0.0,6.0,11.7,12.77,1,0,0
atlantic-baum-liberty,2021-09-09,2021,9,63,rain,62.8,55.2,0.13,0.13,0.0,4.0,11.9,12.73,1,0,0
atlantic-baum-liberty,2021-09-10,2021,9,51,rain,61.7,53.4,0.008,0.008,0.0,2.0,8.1,12.68,0,0,0
atlantic-baum-liberty,2021-09-11,2021,9,3,cloud,64.5,53.4,0.0,0.0,0.0,0.0,10.5,12.64,0,0,0
atlantic-baum-liberty,2021-09-12,2021,9,2,cloud,72.8,64.3,0.0,0.0,0.0,0.0,12.9,12.59,0,0,0
atlantic-baum-liberty,2021-09-13,2021,9,55,rain,73.2,66.9,0.043,0.043,0.0,1.0,9.7,12.55,1,0,0
atlantic-baum-liberty,2021-09-14,2021,9,51,rain,74.2,65.3,0.012,0.012,0.0,2.0,10.8,12.51,1,0,0
atlantic-baum-liberty,2021-09-15,2021,9,63,rain,69.4,63.3,1.067,1.067,0.0,14.0,11.0,12.46,1,0,0
atlantic-baum-liberty,2021-09-16,2021,9,51,rain,67.8,58.8,0.035,0.035,0.0,5.0,7.1,12.42,1,0,0
atlantic-baum-liberty,2021-09-17,2021,9,51,rain,71.8,63.7,0.008,0.008,0.0,2.0,6.0,12.37,0,0,0
atlantic-baum-liberty,2021-09-18,2021,9,51,rain,72.3,65.1,0.024,0.024,0.0,4.0,7.6,12.33,1,0,0
atlantic-baum-liberty,2021-09-19,2021,9,3,cloud,69.5,62.0,0.0,0.0,0.0,0.0,5.7,12.28,0,0,0
atlantic-baum-liberty,2021-09-20,2021,9,51,rain,71.3,62.6,0.016,0.016,0.0,2.0,10.0,12.24,1,0,0
atlantic-baum-liberty,2021-09-21,2021,9,63,rain,69.0,64.5,0.232,0.232,0.0,4.0,9.7,12.2,1,0,0
atlantic-baum-liberty,2021-09-22,2021,9,63,rain,69.7,60.4,0.756,0.756,0.0,16.0,14.3,12.15,1,0,0
atlantic-baum-liberty,2021-09-23,2021,9,51,rain,57.2,54.1,0.039,0.039,0.0,5.0,14.7,12.11,1,0,0
atlantic-baum-liberty,2021-09-24,2021,9,1,clear,59.8,52.2,0.0,0.0,0.0,0.0,11.1,12.06,0,0,0
atlantic-baum-liberty,2021-09-25,2021,9,51,rain,58.9,50.2,0.008,0.008,0.0,2.0,11.6,12.02,0,0,0
atlantic-baum-liberty,2021-09-26,2021,9,2,cloud,59.7,48.7,0.0,0.0,0.0,0.0,12.4,11.98,0,0,0
atlantic-baum-liberty,2021-09-27,2021,9,3,cloud,65.9,54.6,0.0,0.0,0.0,0.0,13.3,11.93,0,0,0
atlantic-baum-liberty,2021-09-28,2021,9,65,rain,65.9,55.9,0.937,0.937,0.0,12.0,12.2,11.89,1,0,0
atlantic-baum-liberty,2021-09-29,2021,9,2,cloud,59.0,51.0,0.0,0.0,0.0,0.0,6.7,11.84,0,0,0
atlantic-baum-liberty,2021-09-30,2021,9,2,cloud,57.8,48.5,0.0,0.0,0.0,0.0,7.4,11.8,0,0,0
atlantic-baum-liberty,2021-10-01,2021,10,1,clear,57.2,47.2,0.0,0.0,0.0,0.0,4.0,11.75,0,0,0
atlantic-baum-liberty,2021-10-02,2021,10,3,cloud,60.0,47.7,0.0,0.0,0.0,0.0,5.4,11.71,0,0,0
atlantic-baum-liberty,2021-10-03,2021,10,61,rain,65.7,60.7,0.213,0.213,0.0,11.0,9.8,11.67,1,0,0
atlantic-baum-liberty,2021-10-04,2021,10,65,rain,66.2,63.0,1.201,1.201,0.0,15.0,7.0,11.62,1,0,0
atlantic-baum-liberty,2021-10-05,2021,10,51,rain,66.0,58.5,0.004,0.004,0.0,1.0,5.5,11.58,0,0,0
atlantic-baum-liberty,2021-10-06,2021,10,61,rain,68.3,60.4,0.075,0.075,0.0,4.0,6.3,11.53,1,0,0
atlantic-baum-liberty,2021-10-07,2021,10,53,rain,68.5,62.1,0.098,0.098,0.0,7.0,4.9,11.49,1,0,0
atlantic-baum-liberty,2021-10-08,2021,10,63,rain,68.0,61.7,0.512,0.512,0.0,13.0,4.7,11.44,1,0,0
atlantic-baum-liberty,2021-10-09,2021,10,65,rain,65.7,62.1,0.638,0.638,0.0,20.0,11.3,11.4,1,0,0
atlantic-baum-liberty,2021-10-10,2021,10,51,rain,66.1,59.3,0.008,0.008,0.0,2.0,8.1,11.36,0,0,0
atlantic-baum-liberty,2021-10-11,2021,10,3,cloud,66.2,57.4,0.0,0.0,0.0,0.0,9.8,11.31,0,0,0
atlantic-baum-liberty,2021-10-12,2021,10,51,rain,66.4,57.4,0.008,0.008,0.0,2.0,9.0,11.27,0,0,0
atlantic-baum-liberty,2021-10-13,2021,10,51,rain,65.0,58.3,0.004,0.004,0.0,1.0,7.5,11.23,0,0,0
atlantic-baum-liberty,2021-10-14,2021,10,3,cloud,66.4,54.6,0.0,0.0,0.0,0.0,5.9,11.18,0,0,0
atlantic-baum-liberty,2021-10-15,2021,10,63,rain,70.6,64.0,0.382,0.382,0.0,8.0,11.1,11.14,1,0,0
atlantic-baum-liberty,2021-10-16,2021,10,63,rain,60.4,52.5,0.488,0.488,0.0,15.0,14.4,11.1,1,0,0
atlantic-baum-liberty,2021-10-17,2021,10,3,cloud,51.9,48.2,0.0,0.0,0.0,0.0,17.0,11.06,0,0,0
atlantic-baum-liberty,2021-10-18,2021,10,3,cloud,52.5,45.3,0.0,0.0,0.0,0.0,12.9,11.01,0,0,0
atlantic-baum-liberty,2021-10-19,2021,10,0,clear,55.0,43.2,0.0,0.0,0.0,0.0,10.1,10.97,0,0,0
atlantic-baum-liberty,2021-10-20,2021,10,3,cloud,58.5,48.9,0.0,0.0,0.0,0.0,9.3,10.93,0,0,0
atlantic-baum-liberty,2021-10-21,2021,10,63,rain,59.5,51.9,0.268,0.268,0.0,7.0,16.0,10.89,1,0,0
atlantic-baum-liberty,2021-10-22,2021,10,53,rain,52.8,50.8,0.071,0.071,0.0,8.0,8.6,10.85,1,0,0
atlantic-baum-liberty,2021-10-23,2021,10,61,rain,48.6,45.8,0.185,0.185,0.0,9.0,7.2,10.8,1,0,0
atlantic-baum-liberty,2021-10-24,2021,10,63,rain,53.4,46.9,0.276,0.276,0.0,10.0,9.0,10.76,1,0,0
atlantic-baum-liberty,2021-10-25,2021,10,61,rain,59.5,53.5,0.118,0.118,0.0,5.0,10.3,10.72,1,0,0
atlantic-baum-liberty,2021-10-26,2021,10,53,rain,49.3,46.1,0.083,0.083,0.0,8.0,17.3,10.68,1,0,0
atlantic-baum-liberty,2021-10-27,2021,10,3,cloud,50.5,46.3,0.0,0.0,0.0,0.0,10.9,10.64,0,0,0
atlantic-baum-liberty,2021-10-28,2021,10,53,rain,54.0,43.8,0.043,0.043,0.0,2.0,10.8,10.6,1,0,0
atlantic-baum-liberty,2021-10-29,2021,10,63,rain,52.8,48.2,1.071,1.071,0.0,19.0,13.1,10.56,1,0,0
atlantic-baum-liberty,2021-10-30,2021,10,61,rain,51.5,45.9,0.339,0.339,0.0,14.0,6.1,10.52,1,0,0
atlantic-baum-liberty,2021-10-31,2021,10,61,rain,53.6,51.0,0.138,0.138,0.0,12.0,14.0,10.48,1,0,0
atlantic-baum-liberty,2021-11-01,2021,11,3,cloud,47.8,41.9,0.0,0.0,0.0,0.0,12.0,10.44,0,0,0
atlantic-baum-liberty,2021-11-02,2021,11,3,cloud,44.0,38.1,0.0,0.0,0.0,0.0,11.0,10.4,0,0,0
atlantic-baum-liberty,2021-11-03,2021,11,3,cloud,39.7,33.3,0.0,0.0,0.0,0.0,8.6,10.36,0,0,0
atlantic-baum-liberty,2021-11-04,2021,11,3,cloud,38.9,29.7,0.0,0.0,0.0,0.0,6.5,10.32,0,0,1
atlantic-baum-liberty,2021-11-05,2021,11,3,cloud,37.3,30.1,0.0,0.0,0.0,0.0,5.7,10.29,0,0,1
atlantic-baum-liberty,2021-11-06,2021,11,0,clear,39.2,29.3,0.0,0.0,0.0,0.0,5.2,10.25,0,0,1
atlantic-baum-liberty,2021-11-07,2021,11,0,clear,40.9,28.3,0.0,0.0,0.0,0.0,5.1,10.21,0,0,1
atlantic-baum-liberty,2021-11-08,2021,11,2,cloud,47.2,35.4,0.0,0.0,0.0,0.0,8.2,10.18,0,0,0
atlantic-baum-liberty,2021-11-09,2021,11,3,cloud,52.7,43.6,0.0,0.0,0.0,0.0,7.0,10.14,0,0,0
atlantic-baum-liberty,2021-11-10,2021,11,3,cloud,51.1,45.6,0.0,0.0,0.0,0.0,7.9,10.1,0,0,0
atlantic-baum-liberty,2021-11-11,2021,11,53,rain,56.6,46.5,0.039,0.039,0.0,2.0,15.8,10.07,1,0,0
atlantic-baum-liberty,2021-11-12,2021,11,63,rain,51.3,43.3,0.303,0.303,0.0,7.0,16.0,10.03,1,0,0
atlantic-baum-liberty,2021-11-13,2021,11,51,rain,40.2,35.5,0.055,0.055,0.0,6.0,16.6,10.0,1,0,0
atlantic-baum-liberty,2021-11-14,2021,11,73,snow,35.9,33.4,0.146,0.079,0.469,10.0,12.5,9.96,1,1,0
atlantic-baum-liberty,2021-11-15,2021,11,71,snow,36.5,33.1,0.059,0.035,0.165,12.0,15.5,9.93,1,1,0
atlantic-baum-liberty,2021-11-16,2021,11,3,cloud,37.9,29.8,0.0,0.0,0.0,0.0,5.5,9.9,0,0,1
atlantic-baum-liberty,2021-11-17,2021,11,51,rain,52.1,35.6,0.016,0.016,0.0,3.0,15.7,9.86,1,0,0
atlantic-baum-liberty,2021-11-18,2021,11,63,rain,49.5,37.9,0.28,0.28,0.0,8.0,12.0,9.83,1,0,0
atlantic-baum-liberty,2021-11-19,2021,11,3,cloud,34.1,28.8,0.0,0.0,0.0,0.0,12.3,9.8,0,0,1
atlantic-baum-liberty,2021-11-20,2021,11,3,cloud,36.3,26.4,0.0,0.0,0.0,0.0,8.3,9.77,0,0,1
atlantic-baum-liberty,2021-11-21,2021,11,53,rain,40.7,34.8,0.161,0.161,0.0,10.0,8.5,9.74,1,0,0
atlantic-baum-liberty,2021-11-22,2021,11,51,rain,37.2,32.0,0.004,0.004,0.0,1.0,12.0,9.72,0,0,1
atlantic-baum-liberty,2021-11-23,2021,11,3,cloud,30.9,24.9,0.0,0.0,0.0,0.0,9.0,9.69,0,0,1
atlantic-baum-liberty,2021-11-24,2021,11,3,cloud,33.8,25.6,0.0,0.0,0.0,0.0,7.0,9.66,0,0,1
atlantic-baum-liberty,2021-11-25,2021,11,53,rain,43.0,37.3,0.079,0.079,0.0,8.0,10.7,9.64,1,0,0
atlantic-baum-liberty,2021-11-26,2021,11,55,rain,33.0,28.0,0.102,0.102,0.0,5.0,17.5,9.61,1,0,1
atlantic-baum-liberty,2021-11-27,2021,11,73,snow,31.3,27.3,0.043,0.0,0.331,6.0,10.7,9.59,0,1,1
atlantic-baum-liberty,2021-11-28,2021,11,73,snow,36.3,30.6,0.087,0.024,0.469,9.0,13.0,9.56,1,1,1
atlantic-baum-liberty,2021-11-29,2021,11,71,snow,33.5,28.4,0.004,0.0,0.028,1.0,10.8,9.54,0,0,1
atlantic-baum-liberty,2021-11-30,2021,11,73,snow,38.3,31.6,0.031,0.0,0.22,3.0,13.2,9.52,0,1,1
atlantic-baum-liberty,2021-12-01,2021,12,53,rain,40.8,34.3,0.075,0.075,0.0,5.0,8.8,9.5,1,0,0
atlantic-baum-liberty,2021-12-02,2021,12,55,rain,49.9,43.3,0.106,0.106,0.0,5.0,20.3,9.48,1,0,0
atlantic-baum-liberty,2021-12-03,2021,12,51,rain,39.0,34.5,0.012,0.012,0.0,2.0,9.3,9.46,1,0,0
atlantic-baum-liberty,2021-12-04,2021,12,3,cloud,39.7,31.4,0.0,0.0,0.0,0.0,9.7,9.44,0,0,1
atlantic-baum-liberty,2021-12-05,2021,12,3,cloud,40.7,30.7,0.0,0.0,0.0,0.0,12.7,9.42,0,0,1
atlantic-baum-liberty,2021-12-06,2021,12,63,rain,46.6,30.2,0.543,0.543,0.0,9.0,17.5,9.4,1,0,1
atlantic-baum-liberty,2021-12-07,2021,12,3,cloud,28.2,23.5,0.0,0.0,0.0,0.0,10.3,9.39,0,0,1
atlantic-baum-liberty,2021-12-08,2021,12,71,snow,29.5,26.1,0.02,0.0,0.138,5.0,10.5,9.37,0,1,1
atlantic-baum-liberty,2021-12-09,2021,12,3,cloud,31.6,25.1,0.0,0.0,0.0,0.0,9.4,9.36,0,0,1
atlantic-baum-liberty,2021-12-10,2021,12,55,rain,48.4,38.7,0.075,0.075,0.0,4.0,7.8,9.34,1,0,0
atlantic-baum-liberty,2021-12-11,2021,12,63,rain,53.6,37.5,0.728,0.728,0.0,18.0,23.4,9.33,1,0,0
atlantic-baum-liberty,2021-12-12,2021,12,0,clear,36.2,29.9,0.0,0.0,0.0,0.0,12.1,9.32,0,0,1
atlantic-baum-liberty,2021-12-13,2021,12,3,cloud,37.5,29.3,0.0,0.0,0.0,0.0,9.8,9.31,0,0,1
atlantic-baum-liberty,2021-12-14,2021,12,3,cloud,38.4,28.9,0.0,0.0,0.0,0.0,7.7,9.31,0,0,1
atlantic-baum-liberty,2021-12-15,2021,12,51,rain,46.0,38.3,0.012,0.012,0.0,2.0,9.4,9.3,1,0,0
atlantic-baum-liberty,2021-12-16,2021,12,51,rain,56.4,50.8,0.012,0.012,0.0,2.0,13.7,9.29,1,0,0
atlantic-baum-liberty,2021-12-17,2021,12,51,rain,42.4,34.6,0.004,0.004,0.0,1.0,11.2,9.29,0,0,0
atlantic-baum-liberty,2021-12-18,2021,12,63,rain,44.9,38.6,0.587,0.587,0.0,22.0,12.7,9.28,1,0,0
atlantic-baum-liberty,2021-12-19,2021,12,3,cloud,33.7,29.9,0.0,0.0,0.0,0.0,12.1,9.28,0,0,1
atlantic-baum-liberty,2021-12-20,2021,12,3,cloud,31.6,25.7,0.0,0.0,0.0,0.0,6.5,9.28,0,0,1
atlantic-baum-liberty,2021-12-21,2021,12,3,cloud,32.2,26.0,0.0,0.0,0.0,0.0,7.9,9.28,0,0,1
atlantic-baum-liberty,2021-12-22,2021,12,3,cloud,30.7,23.6,0.0,0.0,0.0,0.0,14.9,9.28,0,0,1
atlantic-baum-liberty,2021-12-23,2021,12,3,cloud,29.2,21.8,0.0,0.0,0.0,0.0,12.0,9.28,0,0,1
atlantic-baum-liberty,2021-12-24,2021,12,51,rain,48.6,43.3,0.004,0.004,0.0,1.0,11.8,9.28,0,0,0
atlantic-baum-liberty,2021-12-25,2021,12,63,rain,54.1,45.7,0.492,0.492,0.0,18.0,14.3,9.29,1,0,0
atlantic-baum-liberty,2021-12-26,2021,12,3,cloud,40.8,34.0,0.0,0.0,0.0,0.0,7.5,9.29,0,0,0
atlantic-baum-liberty,2021-12-27,2021,12,71,snow,40.6,30.3,0.689,0.685,0.028,15.0,13.5,9.3,1,0,1
atlantic-baum-liberty,2021-12-28,2021,12,63,rain,41.8,37.0,0.535,0.535,0.0,7.0,11.8,9.31,1,0,0
atlantic-baum-liberty,2021-12-29,2021,12,63,rain,45.6,39.8,0.283,0.283,0.0,4.0,11.5,9.31,1,0,0
atlantic-baum-liberty,2021-12-30,2021,12,51,rain,46.4,41.5,0.047,0.047,0.0,6.0,7.8,9.32,1,0,0
atlantic-baum-liberty,2021-12-31,2021,12,51,rain,47.6,40.4,0.016,0.016,0.0,3.0,7.7,9.33,1,0,0
atlantic-baum-liberty,2022-01-01,2022,1,63,rain,53.1,51.0,1.283,1.283,0.0,23.0,10.7,9.35,1,0,0
atlantic-baum-liberty,2022-01-02,2022,1,53,rain,39.4,29.0,0.035,0.035,0.0,4.0,11.1,9.36,1,0,1
atlantic-baum-liberty,2022-01-03,2022,1,3,cloud,26.1,22.6,0.0,0.0,0.0,0.0,11.2,9.37,0,0,1
atlantic-baum-liberty,2022-01-04,2022,1,3,cloud,28.8,21.9,0.0,0.0,0.0,0.0,10.3,9.39,0,0,1
atlantic-baum-liberty,2022-01-05,2022,1,3,cloud,40.5,33.9,0.0,0.0,0.0,0.0,22.8,9.4,0,0,0
atlantic-baum-liberty,2022-01-06,2022,1,73,snow,23.8,18.1,0.15,0.0,1.075,7.0,12.5,9.42,0,1,1
atlantic-baum-liberty,2022-01-07,2022,1,73,snow,20.7,18.1,0.055,0.0,0.386,5.0,14.4,9.44,0,1,1
atlantic-baum-liberty,2022-01-08,2022,1,3,cloud,23.4,12.4,0.0,0.0,0.0,0.0,7.9,9.45,0,0,1
atlantic-baum-liberty,2022-01-09,2022,1,63,rain,37.1,27.8,0.535,0.535,0.0,15.0,12.8,9.47,1,0,1
atlantic-baum-liberty,2022-01-10,2022,1,3,cloud,21.5,17.3,0.0,0.0,0.0,0.0,14.1,9.5,0,0,1
atlantic-baum-liberty,2022-01-11,2022,1,71,snow,19.2,13.6,0.004,0.0,0.028,1.0,13.1,9.52,0,0,1
atlantic-baum-liberty,2022-01-12,2022,1,3,cloud,33.4,23.6,0.0,0.0,0.0,0.0,12.8,9.54,0,0,1
atlantic-baum-liberty,2022-01-13,2022,1,71,snow,34.8,29.0,0.169,0.157,0.083,12.0,6.2,9.56,1,0,1
atlantic-baum-liberty,2022-01-14,2022,1,3,cloud,32.2,26.3,0.0,0.0,0.0,0.0,9.6,9.59,0,0,1
atlantic-baum-liberty,2022-01-15,2022,1,3,cloud,19.1,14.2,0.0,0.0,0.0,0.0,7.9,9.61,0,0,1
atlantic-baum-liberty,2022-01-16,2022,1,75,snow,21.5,15.4,0.335,0.008,2.287,8.0,12.6,9.64,0,1,1
atlantic-baum-liberty,2022-01-17,2022,1,75,snow,26.5,22.1,0.476,0.0,3.335,16.0,20.5,9.67,0,1,1
atlantic-baum-liberty,2022-01-18,2022,1,71,snow,26.1,19.4,0.012,0.0,0.083,2.0,11.6,9.69,0,0,1
atlantic-baum-liberty,2022-01-19,2022,1,51,rain,35.3,19.2,0.004,0.004,0.0,1.0,11.7,9.72,0,0,1
atlantic-baum-liberty,2022-01-20,2022,1,71,snow,21.7,9.9,0.024,0.0,0.165,6.0,10.4,9.75,0,1,1
atlantic-baum-liberty,2022-01-21,2022,1,3,cloud,8.5,-1.4,0.0,0.0,0.0,0.0,7.3,9.78,0,0,1
atlantic-baum-liberty,2022-01-22,2022,1,3,cloud,16.1,2.2,0.0,0.0,0.0,0.0,9.1,9.81,0,0,1
atlantic-baum-liberty,2022-01-23,2022,1,73,snow,23.6,19.0,0.165,0.0,1.157,12.0,10.6,9.84,0,1,1
atlantic-baum-liberty,2022-01-24,2022,1,73,snow,21.7,14.5,0.138,0.0,0.965,9.0,8.6,9.87,0,1,1
atlantic-baum-liberty,2022-01-25,2022,1,71,snow,23.7,9.5,0.031,0.0,0.22,6.0,9.3,9.9,0,1,1
atlantic-baum-liberty,2022-01-26,2022,1,3,cloud,10.6,1.0,0.0,0.0,0.0,0.0,7.4,9.93,0,0,1
atlantic-baum-liberty,2022-01-27,2022,1,71,snow,12.3,-9.4,0.016,0.0,0.11,3.0,7.1,9.97,0,1,1
atlantic-baum-liberty,2022-01-28,2022,1,73,snow,25.6,14.8,0.11,0.0,0.772,15.0,9.5,10.0,0,1,1
atlantic-baum-liberty,2022-01-29,2022,1,3,cloud,8.7,-0.3,0.0,0.0,0.0,0.0,9.6,10.04,0,0,1
atlantic-baum-liberty,2022-01-30,2022,1,71,snow,8.8,-7.1,0.004,0.0,0.028,1.0,6.5,10.07,0,0,1
atlantic-baum-liberty,2022-01-31,2022,1,3,cloud,16.7,-0.0,0.0,0.0,0.0,0.0,6.4,10.11,0,0,1
atlantic-baum-liberty,2022-02-01,2022,2,3,cloud,27.7,13.7,0.0,0.0,0.0,0.0,9.1,10.15,0,0,1
atlantic-baum-liberty,2022-02-02,2022,2,55,rain,33.7,22.3,0.098,0.098,0.0,4.0,8.7,10.18,1,0,1
atlantic-baum-liberty,2022-02-03,2022,2,63,rain,36.5,31.9,1.291,1.291,0.0,24.0,11.0,10.22,1,0,1
atlantic-baum-liberty,2022-02-04,2022,2,75,snow,24.5,21.4,0.76,0.437,2.26,24.0,9.6,10.26,1,1,1
atlantic-baum-liberty,2022-02-05,2022,2,71,snow,17.9,13.4,0.024,0.0,0.165,5.0,9.2,10.3,0,1,1
atlantic-baum-liberty,2022-02-06,2022,2,3,cloud,22.1,7.3,0.0,0.0,0.0,0.0,6.5,10.34,0,0,1
atlantic-baum-liberty,2022-02-07,2022,2,3,cloud,28.2,16.3,0.0,0.0,0.0,0.0,7.1,10.37,0,0,1
atlantic-baum-liberty,2022-02-08,2022,2,71,snow,25.3,20.7,0.004,0.0,0.028,1.0,9.1,10.41,0,0,1
atlantic-baum-liberty,2022-02-09,2022,2,53,rain,37.7,21.9,0.031,0.031,0.0,1.0,13.8,10.45,1,0,1
atlantic-baum-liberty,2022-02-10,2022,2,71,snow,36.6,28.3,0.008,0.004,0.028,2.0,16.7,10.49,0,0,1
atlantic-baum-liberty,2022-02-11,2022,2,3,cloud,41.1,25.8,0.0,0.0,0.0,0.0,18.5,10.53,0,0,1
atlantic-baum-liberty,2022-02-12,2022,2,51,rain,36.4,25.6,0.031,0.031,0.0,5.0,13.4,10.57,1,0,1
atlantic-baum-liberty,2022-02-13,2022,2,71,snow,23.6,18.9,0.016,0.0,0.11,4.0,9.6,10.61,0,1,1
atlantic-baum-liberty,2022-02-14,2022,2,71,snow,19.0,14.7,0.004,0.0,0.028,1.0,10.4,10.65,0,0,1
atlantic-baum-liberty,2022-02-15,2022,2,3,cloud,25.2,16.6,0.0,0.0,0.0,0.0,7.4,10.69,0,0,1
atlantic-baum-liberty,2022-02-16,2022,2,3,cloud,44.1,27.5,0.0,0.0,0.0,0.0,16.6,10.74,0,0,1
atlantic-baum-liberty,2022-02-17,2022,2,63,rain,53.1,50.6,1.394,1.394,0.0,15.0,17.8,10.78,1,0,0
atlantic-baum-liberty,2022-02-18,2022,2,71,snow,30.2,22.2,0.181,0.169,0.083,6.0,24.3,10.82,1,0,1
atlantic-baum-liberty,2022-02-19,2022,2,73,snow,24.1,17.7,0.028,0.0,0.193,3.0,21.2,10.86,0,1,1
atlantic-baum-liberty,2022-02-20,2022,2,3,cloud,31.0,17.2,0.0,0.0,0.0,0.0,12.0,10.91,0,0,1
atlantic-baum-liberty,2022-02-21,2022,2,3,cloud,46.0,33.6,0.0,0.0,0.0,0.0,10.0,10.95,0,0,0
atlantic-baum-liberty,2022-02-22,2022,2,63,rain,52.2,44.8,0.72,0.72,0.0,14.0,18.1,10.99,1,0,0
atlantic-baum-liberty,2022-02-23,2022,2,53,rain,43.0,28.8,0.051,0.051,0.0,6.0,15.2,11.04,1,0,1
atlantic-baum-liberty,2022-02-24,2022,2,63,rain,30.3,25.1,0.209,0.209,0.0,5.0,9.9,11.08,1,0,1
atlantic-baum-liberty,2022-02-25,2022,2,71,snow,33.9,25.3,0.799,0.795,0.028,11.0,16.5,11.12,1,0,1
atlantic-baum-liberty,2022-02-26,2022,2,3,cloud,28.6,23.9,0.0,0.0,0.0,0.0,9.5,11.17,0,0,1
atlantic-baum-liberty,2022-02-27,2022,2,3,cloud,33.0,23.9,0.0,0.0,0.0,0.0,16.6,11.21,0,0,1
atlantic-baum-liberty,2022-02-28,2022,2,3,cloud,32.4,24.0,0.0,0.0,0.0,0.0,7.8,11.25,0,0,1
atlantic-baum-liberty,2022-03-01,2022,3,53,rain,42.3,30.9,0.067,0.067,0.0,4.0,12.2,11.3,1,0,1
atlantic-baum-liberty,2022-03-02,2022,3,61,rain,41.8,29.1,0.106,0.106,0.0,5.0,9.6,11.34,1,0,1
atlantic-baum-liberty,2022-03-03,2022,3,71,snow,32.4,22.2,0.138,0.13,0.055,6.0,12.9,11.39,1,0,1
atlantic-baum-liberty,2022-03-04,2022,3,3,cloud,29.7,20.0,0.0,0.0,0.0,0.0,5.9,11.43,0,0,1
atlantic-baum-liberty,2022-03-05,2022,3,3,cloud,45.7,30.0,0.0,0.0,0.0,0.0,10.5,11.47,0,0,1
atlantic-baum-liberty,2022-03-06,2022,3,61,rain,60.9,56.3,0.15,0.15,0.0,10.0,20.4,11.52,1,0,0
atlantic-baum-liberty,2022-03-07,2022,3,63,rain,54.4,37.7,0.634,0.634,0.0,19.0,20.8,11.56,1,0,0
atlantic-baum-liberty,2022-03-08,2022,3,71,snow,36.6,33.2,0.043,0.016,0.193,6.0,11.5,11.61,1,1,0
atlantic-baum-liberty,2022-03-09,2022,3,75,snow,35.3,31.7,0.272,0.094,1.24,13.0,8.8,11.65,1,1,1
atlantic-baum-liberty,2022-03-10,2022,3,3,cloud,36.9,25.6,0.0,0.0,0.0,0.0,5.6,11.7,0,0,1
atlantic-baum-liberty,2022-03-11,2022,3,73,snow,41.5,29.8,0.031,0.012,0.138,1.0,14.0,11.74,1,1,1
atlantic-baum-liberty,2022-03-12,2022,3,75,snow,23.3,15.7,0.591,0.008,4.079,14.0,19.4,11.79,0,1,1
atlantic-baum-liberty,2022-03-13,2022,3,71,snow,21.0,6.8,0.008,0.0,0.055,2.0,14.1,11.83,0,0,1
atlantic-baum-liberty,2022-03-14,2022,3,3,cloud,39.2,26.2,0.0,0.0,0.0,0.0,10.0,11.88,0,0,1
atlantic-baum-liberty,2022-03-15,2022,3,3,cloud,47.9,36.3,0.0,0.0,0.0,0.0,11.2,11.92,0,0,0
atlantic-baum-liberty,2022-03-16,2022,3,3,cloud,52.4,36.8,0.0,0.0,0.0,0.0,6.9,11.97,0,0,0
atlantic-baum-liberty,2022-03-17,2022,3,51,rain,55.1,43.9,0.004,0.004,0.0,1.0,7.0,12.01,0,0,0
atlantic-baum-liberty,2022-03-18,2022,3,63,rain,57.3,44.4,0.374,0.374,0.0,3.0,10.2,12.06,1,0,0
atlantic-baum-liberty,2022-03-19,2022,3,61,rain,54.6,46.2,0.091,0.091,0.0,5.0,20.1,12.1,1,0,0
atlantic-baum-liberty,2022-03-20,2022,3,51,rain,43.6,39.0,0.087,0.087,0.0,11.0,15.5,12.15,1,0,0
atlantic-baum-liberty,2022-03-21,2022,3,3,cloud,48.3,35.6,0.0,0.0,0.0,0.0,8.9,12.19,0,0,0
atlantic-baum-liberty,2022-03-22,2022,3,53,rain,46.5,39.3,0.031,0.031,0.0,3.0,10.3,12.24,1,0,0
atlantic-baum-liberty,2022-03-23,2022,3,63,rain,50.6,44.0,0.382,0.382,0.0,11.0,15.8,12.28,1,0,0
atlantic-baum-liberty,2022-03-24,2022,3,55,rain,53.5,44.2,0.122,0.122,0.0,6.0,12.5,12.33,1,0,0
atlantic-baum-liberty,2022-03-25,2022,3,51,rain,41.9,36.8,0.079,0.079,0.0,8.0,14.5,12.37,1,0,0
atlantic-baum-liberty,2022-03-26,2022,3,75,snow,37.4,33.3,0.189,0.043,1.02,15.0,18.4,12.41,1,1,0
atlantic-baum-liberty,2022-03-27,2022,3,71,snow,28.8,24.2,0.055,0.0,0.386,11.0,16.6,12.46,0,1,1
atlantic-baum-liberty,2022-03-28,2022,3,71,snow,23.9,20.2,0.059,0.0,0.413,11.0,19.7,12.5,0,1,1
atlantic-baum-liberty,2022-03-29,2022,3,3,cloud,29.1,18.6,0.0,0.0,0.0,0.0,7.4,12.55,0,0,1
atlantic-baum-liberty,2022-03-30,2022,3,55,rain,49.1,29.6,0.075,0.075,0.0,2.0,14.0,12.59,1,0,1
atlantic-baum-liberty,2022-03-31,2022,3,63,rain,60.3,45.7,0.335,0.335,0.0,12.0,19.4,12.64,1,0,0
atlantic-baum-liberty,2022-04-01,2022,4,71,snow,39.8,35.7,0.075,0.067,0.055,12.0,18.3,12.68,1,0,0
atlantic-baum-liberty,2022-04-02,2022,4,3,cloud,40.6,30.0,0.0,0.0,0.0,0.0,7.7,12.73,0,0,1
atlantic-baum-liberty,2022-04-03,2022,4,55,rain,41.0,35.3,0.126,0.126,0.0,9.0,16.5,12.77,1,0,0
atlantic-baum-liberty,2022-04-04,2022,4,51,rain,37.7,27.8,0.028,0.028,0.0,2.0,6.3,12.82,1,0,1
atlantic-baum-liberty,2022-04-05,2022,4,63,rain,47.2,33.3,0.346,0.346,0.0,7.0,8.3,12.86,1,0,0
atlantic-baum-liberty,2022-04-06,2022,4,63,rain,54.5,46.9,0.776,0.776,0.0,14.0,13.5,12.91,1,0,0
atlantic-baum-liberty,2022-04-07,2022,4,63,rain,49.9,43.2,0.819,0.819,0.0,19.0,13.3,12.95,1,0,0
atlantic-baum-liberty,2022-04-08,2022,4,73,snow,41.8,33.9,0.071,0.055,0.11,6.0,11.9,12.99,1,1,0
atlantic-baum-liberty,2022-04-09,2022,4,73,snow,39.4,34.4,0.189,0.142,0.331,15.0,10.0,13.04,1,1,0
atlantic-baum-liberty,2022-04-10,2022,4,71,snow,40.1,33.4,0.035,0.028,0.055,7.0,14.5,13.08,1,0,0
atlantic-baum-liberty,2022-04-11,2022,4,63,rain,48.3,33.7,0.378,0.378,0.0,9.0,12.3,13.12,1,0,0
atlantic-baum-liberty,2022-04-12,2022,4,53,rain,57.3,48.5,0.102,0.102,0.0,6.0,10.1,13.17,1,0,0
atlantic-baum-liberty,2022-04-13,2022,4,53,rain,64.3,52.1,0.039,0.039,0.0,3.0,14.3,13.21,1,0,0
atlantic-baum-liberty,2022-04-14,2022,4,53,rain,56.8,48.7,0.079,0.079,0.0,6.0,18.8,13.25,1,0,0
atlantic-baum-liberty,2022-04-15,2022,4,3,cloud,54.8,40.2,0.0,0.0,0.0,0.0,18.2,13.29,0,0,0
atlantic-baum-liberty,2022-04-16,2022,4,61,rain,51.3,42.1,0.382,0.382,0.0,15.0,14.0,13.33,1,0,0
atlantic-baum-liberty,2022-04-17,2022,4,71,snow,39.5,34.4,0.008,0.0,0.055,2.0,11.1,13.38,0,0,0
atlantic-baum-liberty,2022-04-18,2022,4,73,snow,37.7,34.7,0.622,0.579,0.303,12.0,13.3,13.42,1,1,0
atlantic-baum-liberty,2022-04-19,2022,4,73,snow,37.7,33.2,0.075,0.028,0.331,11.0,17.3,13.46,1,1,0
atlantic-baum-liberty,2022-04-20,2022,4,3,cloud,42.5,28.7,0.0,0.0,0.0,0.0,7.8,13.5,0,0,1
atlantic-baum-liberty,2022-04-21,2022,4,63,rain,53.0,45.1,0.201,0.201,0.0,8.0,13.2,13.54,1,0,0
atlantic-baum-liberty,2022-04-22,2022,4,3,cloud,54.5,41.4,0.0,0.0,0.0,0.0,7.3,13.59,0,0,0
atlantic-baum-liberty,2022-04-23,2022,4,53,rain,63.0,47.8,0.02,0.02,0.0,1.0,9.4,13.63,1,0,0
atlantic-baum-liberty,2022-04-24,2022,4,3,cloud,68.4,56.4,0.0,0.0,0.0,0.0,10.0,13.67,0,0,0
atlantic-baum-liberty,2022-04-25,2022,4,61,rain,68.4,56.6,0.181,0.181,0.0,4.0,13.4,13.71,1,0,0
atlantic-baum-liberty,2022-04-26,2022,4,61,rain,52.5,44.8,0.114,0.114,0.0,8.0,12.4,13.75,1,0,0
atlantic-baum-liberty,2022-04-27,2022,4,3,cloud,40.4,32.5,0.0,0.0,0.0,0.0,14.2,13.79,0,0,0
atlantic-baum-liberty,2022-04-28,2022,4,3,cloud,39.9,28.3,0.0,0.0,0.0,0.0,8.8,13.83,0,0,1
atlantic-baum-liberty,2022-04-29,2022,4,3,cloud,45.7,30.4,0.0,0.0,0.0,0.0,5.7,13.87,0,0,1
atlantic-baum-liberty,2022-04-30,2022,4,53,rain,52.5,38.4,0.035,0.035,0.0,1.0,7.8,13.91,1,0,0
atlantic-baum-liberty,2022-05-01,2022,5,63,rain,58.0,49.4,1.134,1.134,0.0,14.0,11.4,13.94,1,0,0
atlantic-baum-liberty,2022-05-02,2022,5,3,cloud,55.8,49.7,0.0,0.0,0.0,0.0,10.5,13.98,0,0,0
atlantic-baum-liberty,2022-05-03,2022,5,63,rain,59.7,47.8,0.551,0.551,0.0,8.0,9.1,14.02,1,0,0
atlantic-baum-liberty,2022-05-04,2022,5,61,rain,60.0,55.0,0.13,0.13,0.0,9.0,11.4,14.06,1,0,0
atlantic-baum-liberty,2022-05-05,2022,5,51,rain,57.7,46.6,0.004,0.004,0.0,1.0,6.5,14.09,0,0,0
atlantic-baum-liberty,2022-05-06,2022,5,65,rain,55.7,51.4,2.11,2.11,0.0,24.0,13.9,14.13,1,0,0
atlantic-baum-liberty,2022-05-07,2022,5,63,rain,49.7,47.3,0.843,0.843,0.0,20.0,15.1,14.16,1,0,0
atlantic-baum-liberty,2022-05-08,2022,5,3,cloud,51.3,38.7,0.0,0.0,0.0,0.0,8.0,14.2,0,0,0
atlantic-baum-liberty,2022-05-09,2022,5,3,cloud,55.3,41.8,0.0,0.0,0.0,0.0,8.1,14.23,0,0,0
atlantic-baum-liberty,2022-05-10,2022,5,3,cloud,59.7,46.9,0.0,0.0,0.0,0.0,7.7,14.27,0,0,0
atlantic-baum-liberty,2022-05-11,2022,5,3,cloud,62.3,46.9,0.0,0.0,0.0,0.0,7.4,14.3,0,0,0
atlantic-baum-liberty,2022-05-12,2022,5,3,cloud,65.2,49.4,0.0,0.0,0.0,0.0,11.5,14.34,0,0,0
atlantic-baum-liberty,2022-05-13,2022,5,55,rain,67.1,58.1,0.083,0.083,0.0,8.0,11.1,14.37,1,0,0
atlantic-baum-liberty,2022-05-14,2022,5,61,rain,66.8,55.7,0.138,0.138,0.0,4.0,6.2,14.4,1,0,0
atlantic-baum-liberty,2022-05-15,2022,5,51,rain,67.4,58.1,0.035,0.035,0.0,7.0,5.9,14.43,1,0,0
atlantic-baum-liberty,2022-05-16,2022,5,63,rain,61.3,53.8,0.429,0.429,0.0,9.0,13.2,14.47,1,0,0
atlantic-baum-liberty,2022-05-17,2022,5,3,cloud,59.3,50.5,0.0,0.0,0.0,0.0,14.3,14.5,0,0,0
atlantic-baum-liberty,2022-05-18,2022,5,61,rain,55.9,46.7,0.28,0.28,0.0,8.0,7.5,14.53,1,0,0
atlantic-baum-liberty,2022-05-19,2022,5,53,rain,65.0,56.5,0.067,0.067,0.0,8.0,14.5,14.56,1,0,0
atlantic-baum-liberty,2022-05-20,2022,5,63,rain,69.9,60.6,0.469,0.469,0.0,3.0,13.7,14.59,1,0,0
atlantic-baum-liberty,2022-05-21,2022,5,3,cloud,75.9,66.3,0.0,0.0,0.0,0.0,12.1,14.61,0,0,0
atlantic-baum-liberty,2022-05-22,2022,5,63,rain,66.6,54.7,0.232,0.232,0.0,6.0,13.7,14.64,1,0,0
atlantic-baum-liberty,2022-05-23,2022,5,3,cloud,57.1,51.3,0.0,0.0,0.0,0.0,7.2,14.67,0,0,0
atlantic-baum-liberty,2022-05-24,2022,5,3,cloud,61.2,51.2,0.0,0.0,0.0,0.0,7.9,14.69,0,0,0
atlantic-baum-liberty,2022-05-25,2022,5,3,cloud,63.7,54.0,0.0,0.0,0.0,0.0,12.4,14.72,0,0,0
atlantic-baum-liberty,2022-05-26,2022,5,63,rain,66.6,58.6,0.35,0.35,0.0,9.0,9.4,14.74,1,0,0
atlantic-baum-liberty,2022-05-27,2022,5,65,rain,65.7,60.2,0.906,0.906,0.0,15.0,9.9,14.76,1,0,0
atlantic-baum-liberty,2022-05-28,2022,5,61,rain,62.6,57.1,0.138,0.138,0.0,9.0,10.1,14.79,1,0,0
atlantic-baum-liberty,2022-05-29,2022,5,3,cloud,66.7,53.9,0.0,0.0,0.0,0.0,5.3,14.81,0,0,0
atlantic-baum-liberty,2022-05-30,2022,5,3,cloud,72.9,60.6,0.0,0.0,0.0,0.0,7.7,14.83,0,0,0
atlantic-baum-liberty,2022-05-31,2022,5,51,rain,74.6,62.6,0.016,0.016,0.0,2.0,10.3,14.85,1,0,0
atlantic-baum-liberty,2022-06-01,2022,6,65,rain,75.7,67.5,0.433,0.433,0.0,5.0,11.3,14.87,1,0,0
atlantic-baum-liberty,2022-06-02,2022,6,63,rain,67.2,57.7,0.85,0.85,0.0,17.0,8.2,14.89,1,0,0
atlantic-baum-liberty,2022-06-03,2022,6,51,rain,63.4,51.0,0.004,0.004,0.0,1.0,7.3,14.91,0,0,0
atlantic-baum-liberty,2022-06-04,2022,6,3,cloud,63.4,53.3,0.0,0.0,0.0,0.0,6.9,14.92,0,0,0
atlantic-baum-liberty,2022-06-05,2022,6,3,cloud,64.1,51.2,0.0,0.0,0.0,0.0,5.4,14.94,0,0,0
atlantic-baum-liberty,2022-06-06,2022,6,3,cloud,69.6,57.3,0.0,0.0,0.0,0.0,11.7,14.96,0,0,0
atlantic-baum-liberty,2022-06-07,2022,6,65,rain,67.8,63.5,1.083,1.083,0.0,13.0,12.7,14.97,1,0,0
atlantic-baum-liberty,2022-06-08,2022,6,63,rain,66.2,55.5,0.157,0.157,0.0,2.0,13.2,14.98,1,0,0
atlantic-baum-liberty,2022-06-09,2022,6,53,rain,64.1,59.0,0.059,0.059,0.0,7.0,13.7,15.0,1,0,0
atlantic-baum-liberty,2022-06-10,2022,6,3,cloud,64.4,54.7,0.0,0.0,0.0,0.0,6.8,15.01,0,0,0
atlantic-baum-liberty,2022-06-11,2022,6,51,rain,64.4,57.2,0.055,0.055,0.0,9.0,7.0,15.02,1,0,0
atlantic-baum-liberty,2022-06-12,2022,6,53,rain,68.3,59.5,0.087,0.087,0.0,10.0,8.1,15.03,1,0,0
atlantic-baum-liberty,2022-06-13,2022,6,63,rain,73.7,65.2,0.276,0.276,0.0,9.0,9.0,15.03,1,0,0
atlantic-baum-liberty,2022-06-14,2022,6,65,rain,74.0,68.5,1.157,1.157,0.0,9.0,8.6,15.04,1,0,0
atlantic-baum-liberty,2022-06-15,2022,6,65,rain,75.7,67.0,0.673,0.673,0.0,3.0,9.3,15.05,1,0,0
atlantic-baum-liberty,2022-06-16,2022,6,63,rain,80.1,69.4,0.283,0.283,0.0,5.0,13.4,15.05,1,0,0
atlantic-baum-liberty,2022-06-17,2022,6,61,rain,76.6,69.5,0.063,0.063,0.0,1.0,15.2,15.06,1,0,0
atlantic-baum-liberty,2022-06-18,2022,6,3,cloud,62.2,54.2,0.0,0.0,0.0,0.0,15.0,15.06,0,0,0
atlantic-baum-liberty,2022-06-19,2022,6,3,cloud,61.0,49.5,0.0,0.0,0.0,0.0,12.3,15.06,0,0,0
atlantic-baum-liberty,2022-06-20,2022,6,3,cloud,64.1,57.9,0.0,0.0,0.0,0.0,5.9,15.06,0,0,0
atlantic-baum-liberty,2022-06-21,2022,6,51,rain,73.7,59.1,0.008,0.008,0.0,2.0,10.6,15.06,0,0,0
atlantic-baum-liberty,2022-06-22,2022,6,65,rain,75.7,68.8,1.13,1.13,0.0,8.0,8.6,15.06,1,0,0
atlantic-baum-liberty,2022-06-23,2022,6,3,cloud,73.0,63.5,0.0,0.0,0.0,0.0,8.5,15.06,0,0,0
atlantic-baum-liberty,2022-06-24,2022,6,3,cloud,72.6,58.6,0.0,0.0,0.0,0.0,5.9,15.06,0,0,0
atlantic-baum-liberty,2022-06-25,2022,6,3,cloud,76.4,60.4,0.0,0.0,0.0,0.0,6.8,15.05,0,0,0
atlantic-baum-liberty,2022-06-26,2022,6,63,rain,73.9,69.1,0.634,0.634,0.0,9.0,10.1,15.05,1,0,0
atlantic-baum-liberty,2022-06-27,2022,6,63,rain,69.4,62.3,0.134,0.134,0.0,3.0,10.5,15.04,1,0,0
atlantic-baum-liberty,2022-06-28,2022,6,3,cloud,66.1,54.9,0.0,0.0,0.0,0.0,6.1,15.04,0,0,0
atlantic-baum-liberty,2022-06-29,2022,6,3,cloud,70.2,56.9,0.0,0.0,0.0,0.0,6.6,15.03,0,0,0
atlantic-baum-liberty,2022-06-30,2022,6,0,clear,73.6,59.2,0.0,0.0,0.0,0.0,6.6,15.02,0,0,0
atlantic-baum-liberty,2022-07-01,2022,7,61,rain,75.3,64.7,0.157,0.157,0.0,3.0,12.3,15.01,1,0,0
atlantic-baum-liberty,2022-07-02,2022,7,61,rain,74.9,68.3,0.161,0.161,0.0,7.0,8.8,15.0,1,0,0
atlantic-baum-liberty,2022-07-03,2022,7,3,cloud,74.5,65.6,0.0,0.0,0.0,0.0,8.2,14.99,0,0,0
atlantic-baum-liberty,2022-07-04,2022,7,3,cloud,74.2,60.4,0.0,0.0,0.0,0.0,6.3,14.98,0,0,0
atlantic-baum-liberty,2022-07-05,2022,7,63,rain,75.4,67.5,0.382,0.382,0.0,8.0,14.0,14.96,1,0,0
atlantic-baum-liberty,2022-07-06,2022,7,63,rain,75.7,71.4,0.283,0.283,0.0,10.0,11.4,14.95,1,0,0
atlantic-baum-liberty,2022-07-07,2022,7,51,rain,75.7,66.1,0.008,0.008,0.0,2.0,8.3,14.93,0,0,0
atlantic-baum-liberty,2022-07-08,2022,7,51,rain,71.3,64.5,0.004,0.004,0.0,1.0,5.2,14.92,0,0,0
atlantic-baum-liberty,2022-07-09,2022,7,51,rain,74.8,64.6,0.016,0.016,0.0,4.0,6.7,14.9,1,0,0
atlantic-baum-liberty,2022-07-10,2022,7,51,rain,74.3,62.9,0.004,0.004,0.0,1.0,7.5,14.88,0,0,0
atlantic-baum-liberty,2022-07-11,2022,7,51,rain,76.4,64.8,0.004,0.004,0.0,1.0,10.8,14.86,0,0,0
atlantic-baum-liberty,2022-07-12,2022,7,55,rain,78.1,69.9,0.11,0.11,0.0,9.0,13.7,14.84,1,0,0
atlantic-baum-liberty,2022-07-13,2022,7,63,rain,74.2,65.6,0.453,0.453,0.0,3.0,8.8,14.82,1,0,0
atlantic-baum-liberty,2022-07-14,2022,7,51,rain,71.7,63.3,0.004,0.004,0.0,1.0,6.8,14.8,0,0,0
atlantic-baum-liberty,2022-07-15,2022,7,3,cloud,72.4,60.0,0.0,0.0,0.0,0.0,4.9,14.78,0,0,0
atlantic-baum-liberty,2022-07-16,2022,7,53,rain,71.3,66.0,0.075,0.075,0.0,8.0,7.9,14.75,1,0,0
atlantic-baum-liberty,2022-07-17,2022,7,63,rain,73.1,67.0,0.858,0.858,0.0,16.0,9.2,14.73,1,0,0
atlantic-baum-liberty,2022-07-18,2022,7,61,rain,71.8,69.3,0.713,0.713,0.0,15.0,14.0,14.7,1,0,0
atlantic-baum-liberty,2022-07-19,2022,7,51,rain,75.3,66.4,0.008,0.008,0.0,1.0,7.4,14.68,0,0,0
atlantic-baum-liberty,2022-07-20,2022,7,51,rain,78.8,68.1,0.004,0.004,0.0,1.0,12.4,14.65,0,0,0
atlantic-baum-liberty,2022-07-21,2022,7,53,rain,78.4,71.4,0.067,0.067,0.0,8.0,13.7,14.63,1,0,0
atlantic-baum-liberty,2022-07-22,2022,7,51,rain,77.4,67.5,0.012,0.012,0.0,2.0,12.0,14.6,1,0,0
atlantic-baum-liberty,2022-07-23,2022,7,51,rain,76.8,66.3,0.016,0.016,0.0,2.0,13.3,14.57,1,0,0
atlantic-baum-liberty,2022-07-24,2022,7,51,rain,77.4,69.8,0.004,0.004,0.0,1.0,13.5,14.54,0,0,0
atlantic-baum-liberty,2022-07-25,2022,7,63,rain,77.1,67.9,0.445,0.445,0.0,6.0,12.8,14.52,1,0,0
atlantic-baum-liberty,2022-07-26,2022,7,3,cloud,71.8,63.5,0.0,0.0,0.0,0.0,7.0,14.49,0,0,0
atlantic-baum-liberty,2022-07-27,2022,7,65,rain,72.6,68.1,0.583,0.583,0.0,15.0,11.1,14.45,1,0,0
atlantic-baum-liberty,2022-07-28,2022,7,51,rain,74.6,68.3,0.035,0.035,0.0,6.0,11.1,14.42,1,0,0
atlantic-baum-liberty,2022-07-29,2022,7,51,rain,73.1,67.8,0.004,0.004,0.0,1.0,7.9,14.39,0,0,0
atlantic-baum-liberty,2022-07-30,2022,7,51,rain,71.4,61.6,0.008,0.008,0.0,2.0,6.1,14.36,0,0,0
atlantic-baum-liberty,2022-07-31,2022,7,53,rain,69.5,62.5,0.028,0.028,0.0,2.0,6.5,14.33,1,0,0
atlantic-baum-liberty,2022-08-01,2022,8,53,rain,69.9,60.2,0.075,0.075,0.0,6.0,12.9,14.29,1,0,0
atlantic-baum-liberty,2022-08-02,2022,8,53,rain,73.9,67.0,0.051,0.051,0.0,5.0,8.9,14.26,1,0,0
atlantic-baum-liberty,2022-08-03,2022,8,3,cloud,76.5,63.2,0.0,0.0,0.0,0.0,8.5,14.22,0,0,0
atlantic-baum-liberty,2022-08-04,2022,8,63,rain,75.9,70.0,0.516,0.516,0.0,6.0,10.7,14.19,1,0,0
atlantic-baum-liberty,2022-08-05,2022,8,63,rain,74.8,69.9,0.961,0.961,0.0,12.0,8.7,14.15,1,0,0
atlantic-baum-liberty,2022-08-06,2022,8,61,rain,74.4,69.6,0.189,0.189,0.0,7.0,8.1,14.12,1,0,0
atlantic-baum-liberty,2022-08-07,2022,8,51,rain,76.8,69.6,0.043,0.043,0.0,7.0,7.3,14.08,1,0,0
atlantic-baum-liberty,2022-08-08,2022,8,51,rain,77.5,70.4,0.008,0.008,0.0,2.0,10.2,14.04,0,0,0
atlantic-baum-liberty,2022-08-09,2022,8,63,rain,75.4,70.5,0.839,0.839,0.0,12.0,8.1,14.01,1,0,0
atlantic-baum-liberty,2022-08-10,2022,8,3,cloud,72.4,67.8,0.0,0.0,0.0,0.0,5.7,13.97,0,0,0
atlantic-baum-liberty,2022-08-11,2022,8,51,rain,69.7,58.6,0.024,0.024,0.0,3.0,9.9,13.93,1,0,0
atlantic-baum-liberty,2022-08-12,2022,8,0,clear,67.5,57.8,0.0,0.0,0.0,0.0,7.9,13.9,0,0,0
atlantic-baum-liberty,2022-08-13,2022,8,3,cloud,66.5,55.4,0.0,0.0,0.0,0.0,5.6,13.86,0,0,0
atlantic-baum-liberty,2022-08-14,2022,8,3,cloud,66.9,60.3,0.0,0.0,0.0,0.0,10.2,13.82,0,0,0
atlantic-baum-liberty,2022-08-15,2022,8,53,rain,66.0,57.8,0.075,0.075,0.0,6.0,8.3,13.78,1,0,0
atlantic-baum-liberty,2022-08-16,2022,8,51,rain,68.7,60.4,0.008,0.008,0.0,2.0,9.1,13.74,0,0,0
atlantic-baum-liberty,2022-08-17,2022,8,51,rain,68.0,60.8,0.02,0.02,0.0,2.0,6.5,13.7,1,0,0
atlantic-baum-liberty,2022-08-18,2022,8,3,cloud,69.6,58.7,0.0,0.0,0.0,0.0,4.1,13.66,0,0,0
atlantic-baum-liberty,2022-08-19,2022,8,3,cloud,72.4,60.8,0.0,0.0,0.0,0.0,5.2,13.62,0,0,0
atlantic-baum-liberty,2022-08-20,2022,8,63,rain,73.5,64.2,0.173,0.173,0.0,2.0,7.7,13.58,1,0,0
atlantic-baum-liberty,2022-08-21,2022,8,65,rain,71.9,65.6,0.85,0.85,0.0,12.0,8.8,13.54,1,0,0
atlantic-baum-liberty,2022-08-22,2022,8,63,rain,69.4,65.3,0.752,0.752,0.0,19.0,7.9,13.5,1,0,0
atlantic-baum-liberty,2022-08-23,2022,8,51,rain,70.8,64.0,0.012,0.012,0.0,3.0,8.8,13.46,1,0,0
atlantic-baum-liberty,2022-08-24,2022,8,51,rain,71.7,62.6,0.004,0.004,0.0,1.0,3.8,13.42,0,0,0
atlantic-baum-liberty,2022-08-25,2022,8,1,clear,73.0,61.6,0.0,0.0,0.0,0.0,5.4,13.37,0,0,0
atlantic-baum-liberty,2022-08-26,2022,8,53,rain,73.9,65.3,0.063,0.063,0.0,8.0,9.2,13.33,1,0,0
atlantic-baum-liberty,2022-08-27,2022,8,51,rain,71.0,62.2,0.004,0.004,0.0,1.0,4.4,13.29,0,0,0
atlantic-baum-liberty,2022-08-28,2022,8,2,cloud,75.1,62.2,0.0,0.0,0.0,0.0,6.2,13.25,0,0,0
atlantic-baum-liberty,2022-08-29,2022,8,61,rain,77.0,69.1,0.154,0.154,0.0,7.0,10.9,13.21,1,0,0
atlantic-baum-liberty,2022-08-30,2022,8,63,rain,70.1,65.9,0.858,0.858,0.0,11.0,11.4,13.17,1,0,0
atlantic-baum-liberty,2022-08-31,2022,8,3,cloud,69.4,62.3,0.0,0.0,0.0,0.0,9.8,13.12,0,0,0
atlantic-baum-liberty,2022-09-01,2022,9,3,cloud,70.4,60.0,0.0,0.0,0.0,0.0,7.2,13.08,0,0,0
atlantic-baum-liberty,2022-09-02,2022,9,3,cloud,71.4,59.3,0.0,0.0,0.0,0.0,7.4,13.04,0,0,0
atlantic-baum-liberty,2022-09-03,2022,9,51,rain,71.8,65.0,0.02,0.02,0.0,5.0,8.7,13.0,1,0,0
atlantic-baum-liberty,2022-09-04,2022,9,63,rain,71.1,66.0,0.394,0.394,0.0,8.0,5.8,12.95,1,0,0
atlantic-baum-liberty,2022-09-05,2022,9,63,rain,68.7,66.6,1.264,1.264,0.0,24.0,7.2,12.91,1,0,0
atlantic-baum-liberty,2022-09-06,2022,9,63,rain,69.8,65.2,0.272,0.272,0.0,19.0,9.4,12.87,1,0,0
atlantic-baum-liberty,2022-09-07,2022,9,53,rain,68.3,64.0,0.102,0.102,0.0,11.0,7.7,12.82,1,0,0
atlantic-baum-liberty,2022-09-08,2022,9,51,rain,67.7,61.1,0.031,0.031,0.0,4.0,6.6,12.78,1,0,0
atlantic-baum-liberty,2022-09-09,2022,9,3,cloud,69.5,59.4,0.0,0.0,0.0,0.0,6.9,12.73,0,0,0
atlantic-baum-liberty,2022-09-10,2022,9,51,rain,68.0,61.0,0.004,0.004,0.0,1.0,8.5,12.69,0,0,0
atlantic-baum-liberty,2022-09-11,2022,9,61,rain,69.3,64.2,0.287,0.287,0.0,22.0,9.4,12.65,1,0,0
atlantic-baum-liberty,2022-09-12,2022,9,55,rain,69.3,62.2,0.083,0.083,0.0,8.0,10.5,12.6,1,0,0
atlantic-baum-liberty,2022-09-13,2022,9,51,rain,61.5,54.6,0.004,0.004,0.0,1.0,13.2,12.56,0,0,0
atlantic-baum-liberty,2022-09-14,2022,9,3,cloud,64.4,54.1,0.0,0.0,0.0,0.0,7.6,12.51,0,0,0
atlantic-baum-liberty,2022-09-15,2022,9,3,cloud,66.2,60.3,0.0,0.0,0.0,0.0,6.7,12.47,0,0,0
atlantic-baum-liberty,2022-09-16,2022,9,3,cloud,67.0,57.2,0.0,0.0,0.0,0.0,5.2,12.43,0,0,0
atlantic-baum-liberty,2022-09-17,2022,9,3,cloud,69.2,57.7,0.0,0.0,0.0,0.0,7.4,12.38,0,0,0
atlantic-baum-liberty,2022-09-18,2022,9,3,cloud,70.7,62.0,0.0,0.0,0.0,0.0,10.8,12.34,0,0,0
atlantic-baum-liberty,2022-09-19,2022,9,61,rain,68.0,63.3,0.232,0.232,0.0,11.0,11.6,12.3,1,0,0
atlantic-baum-liberty,2022-09-20,2022,9,51,rain,68.3,59.2,0.012,0.012,0.0,1.0,7.9,12.25,1,0,0
atlantic-baum-liberty,2022-09-21,2022,9,3,cloud,71.3,59.2,0.0,0.0,0.0,0.0,10.2,12.21,0,0,0
atlantic-baum-liberty,2022-09-22,2022,9,63,rain,62.1,52.2,0.252,0.252,0.0,8.0,16.3,12.16,1,0,0
atlantic-baum-liberty,2022-09-23,2022,9,3,cloud,53.3,46.4,0.0,0.0,0.0,0.0,9.6,12.12,0,0,0
atlantic-baum-liberty,2022-09-24,2022,9,51,rain,57.3,48.7,0.004,0.004,0.0,1.0,6.0,12.08,0,0,0
atlantic-baum-liberty,2022-09-25,2022,9,61,rain,61.3,56.6,0.193,0.193,0.0,12.0,16.2,12.03,1,0,0
atlantic-baum-liberty,2022-09-26,2022,9,53,rain,58.5,53.7,0.055,0.055,0.0,7.0,15.4,11.99,1,0,0
atlantic-baum-liberty,2022-09-27,2022,9,61,rain,52.0,47.8,0.157,0.157,0.0,5.0,12.4,11.94,1,0,0
atlantic-baum-liberty,2022-09-28,2022,9,51,rain,51.7,44.0,0.031,0.031,0.0,5.0,9.2,11.9,1,0,0
atlantic-baum-liberty,2022-09-29,2022,9,3,cloud,52.9,44.7,0.0,0.0,0.0,0.0,9.4,11.85,0,0,0
atlantic-baum-liberty,2022-09-30,2022,9,3,cloud,51.9,43.0,0.0,0.0,0.0,0.0,8.6,11.81,0,0,0
atlantic-baum-liberty,2022-10-01,2022,10,63,rain,53.1,49.9,0.882,0.882,0.0,20.0,11.7,11.76,1,0,0
atlantic-baum-liberty,2022-10-02,2022,10,51,rain,55.8,52.2,0.071,0.071,0.0,6.0,11.9,11.72,1,0,0
atlantic-baum-liberty,2022-10-03,2022,10,3,cloud,51.5,41.4,0.0,0.0,0.0,0.0,8.4,11.67,0,0,0
atlantic-baum-liberty,2022-10-04,2022,10,51,rain,51.9,44.2,0.004,0.004,0.0,1.0,7.7,11.63,0,0,0
atlantic-baum-liberty,2022-10-05,2022,10,3,cloud,55.6,43.9,0.0,0.0,0.0,0.0,5.5,11.59,0,0,0
atlantic-baum-liberty,2022-10-06,2022,10,3,cloud,56.7,46.7,0.0,0.0,0.0,0.0,7.0,11.54,0,0,0
atlantic-baum-liberty,2022-10-07,2022,10,51,rain,53.9,46.7,0.028,0.028,0.0,5.0,9.2,11.5,1,0,0
atlantic-baum-liberty,2022-10-08,2022,10,51,rain,46.5,40.3,0.012,0.012,0.0,2.0,8.9,11.46,1,0,0
atlantic-baum-liberty,2022-10-09,2022,10,3,cloud,48.1,38.5,0.0,0.0,0.0,0.0,11.0,11.41,0,0,0
atlantic-baum-liberty,2022-10-10,2022,10,3,cloud,52.7,41.8,0.0,0.0,0.0,0.0,9.6,11.37,0,0,0
atlantic-baum-liberty,2022-10-11,2022,10,2,cloud,55.6,44.6,0.0,0.0,0.0,0.0,6.5,11.33,0,0,0
atlantic-baum-liberty,2022-10-12,2022,10,61,rain,58.8,48.8,0.091,0.091,0.0,5.0,13.3,11.28,1,0,0
atlantic-baum-liberty,2022-10-13,2022,10,65,rain,56.9,46.5,1.189,1.189,0.0,12.0,15.0,11.24,1,0,0
atlantic-baum-liberty,2022-10-14,2022,10,3,cloud,49.8,39.5,0.0,0.0,0.0,0.0,13.6,11.2,0,0,0
atlantic-baum-liberty,2022-10-15,2022,10,51,rain,54.0,45.3,0.012,0.012,0.0,1.0,15.3,11.15,1,0,0
atlantic-baum-liberty,2022-10-16,2022,10,3,cloud,51.8,40.8,0.0,0.0,0.0,0.0,10.0,11.11,0,0,0
atlantic-baum-liberty,2022-10-17,2022,10,3,cloud,47.7,40.2,0.0,0.0,0.0,0.0,16.8,11.07,0,0,0
atlantic-baum-liberty,2022-10-18,2022,10,51,rain,40.5,36.9,0.031,0.031,0.0,5.0,14.4,11.02,1,0,0
atlantic-baum-liberty,2022-10-19,2022,10,53,rain,38.9,35.7,0.189,0.189,0.0,17.0,13.6,10.98,1,0,0
atlantic-baum-liberty,2022-10-20,2022,10,3,cloud,42.1,34.1,0.0,0.0,0.0,0.0,13.1,10.94,0,0,0
atlantic-baum-liberty,2022-10-21,2022,10,3,cloud,47.6,36.1,0.0,0.0,0.0,0.0,9.9,10.9,0,0,0
atlantic-baum-liberty,2022-10-22,2022,10,0,clear,53.6,42.7,0.0,0.0,0.0,0.0,6.9,10.85,0,0,0
atlantic-baum-liberty,2022-10-23,2022,10,2,cloud,54.4,40.8,0.0,0.0,0.0,0.0,7.4,10.81,0,0,0
atlantic-baum-liberty,2022-10-24,2022,10,3,cloud,55.1,42.8,0.0,0.0,0.0,0.0,5.2,10.77,0,0,0
atlantic-baum-liberty,2022-10-25,2022,10,3,cloud,58.8,46.0,0.0,0.0,0.0,0.0,9.5,10.73,0,0,0
atlantic-baum-liberty,2022-10-26,2022,10,63,rain,55.8,49.6,0.295,0.295,0.0,11.0,12.2,10.69,1,0,0
atlantic-baum-liberty,2022-10-27,2022,10,3,cloud,48.4,43.7,0.0,0.0,0.0,0.0,9.8,10.65,0,0,0
atlantic-baum-liberty,2022-10-28,2022,10,3,cloud,46.4,37.6,0.0,0.0,0.0,0.0,7.9,10.61,0,0,0
atlantic-baum-liberty,2022-10-29,2022,10,0,clear,49.1,38.7,0.0,0.0,0.0,0.0,7.0,10.57,0,0,0
atlantic-baum-liberty,2022-10-30,2022,10,3,cloud,50.6,39.3,0.0,0.0,0.0,0.0,6.2,10.53,0,0,0
atlantic-baum-liberty,2022-10-31,2022,10,55,rain,56.4,47.9,0.091,0.091,0.0,7.0,10.5,10.49,1,0,0
atlantic-baum-liberty,2022-11-01,2022,11,51,rain,58.9,54.7,0.039,0.039,0.0,8.0,9.8,10.45,1,0,0
atlantic-baum-liberty,2022-11-02,2022,11,3,cloud,54.3,47.5,0.0,0.0,0.0,0.0,5.0,10.41,0,0,0
atlantic-baum-liberty,2022-11-03,2022,11,3,cloud,54.3,43.2,0.0,0.0,0.0,0.0,6.9,10.37,0,0,0
atlantic-baum-liberty,2022-11-04,2022,11,3,cloud,58.8,48.7,0.0,0.0,0.0,0.0,9.7,10.33,0,0,0
atlantic-baum-liberty,2022-11-05,2022,11,51,rain,65.8,56.1,0.024,0.024,0.0,4.0,18.1,10.3,1,0,0
atlantic-baum-liberty,2022-11-06,2022,11,53,rain,66.4,62.6,0.091,0.091,0.0,9.0,13.2,10.26,1,0,0
atlantic-baum-liberty,2022-11-07,2022,11,3,cloud,56.2,46.6,0.0,0.0,0.0,0.0,9.0,10.22,0,0,0
atlantic-baum-liberty,2022-11-08,2022,11,3,cloud,45.7,39.1,0.0,0.0,0.0,0.0,7.6,10.18,0,0,0
atlantic-baum-liberty,2022-11-09,2022,11,3,cloud,48.9,38.9,0.0,0.0,0.0,0.0,8.1,10.15,0,0,0
atlantic-baum-liberty,2022-11-10,2022,11,3,cloud,53.2,41.6,0.0,0.0,0.0,0.0,9.2,10.11,0,0,0
atlantic-baum-liberty,2022-11-11,2022,11,65,rain,58.2,52.3,1.929,1.929,0.0,17.0,11.4,10.07,1,0,0
atlantic-baum-liberty,2022-11-12,2022,11,61,rain,46.8,36.0,0.264,0.264,0.0,8.0,13.2,10.04,1,0,0
atlantic-baum-liberty,2022-11-13,2022,11,51,rain,37.2,35.2,0.004,0.004,0.0,1.0,13.2,10.0,0,0,0
atlantic-baum-liberty,2022-11-14,2022,11,3,cloud,35.6,30.1,0.0,0.0,0.0,0.0,8.0,9.97,0,0,1
atlantic-baum-liberty,2022-11-15,2022,11,75,snow,34.1,29.5,0.244,0.094,1.047,9.0,8.2,9.94,1,1,1
atlantic-baum-liberty,2022-11-16,2022,11,51,rain,37.1,32.2,0.047,0.047,0.0,6.0,13.2,9.9,1,0,0
atlantic-baum-liberty,2022-11-17,2022,11,71,snow,32.3,28.1,0.008,0.0,0.055,1.0,15.5,9.87,0,0,1
atlantic-baum-liberty,2022-11-18,2022,11,71,snow,29.7,25.6,0.016,0.004,0.083,3.0,18.3,9.84,0,0,1
atlantic-baum-liberty,2022-11-19,2022,11,3,cloud,27.3,22.1,0.0,0.0,0.0,0.0,14.8,9.81,0,0,1
atlantic-baum-liberty,2022-11-20,2022,11,3,cloud,24.3,19.9,0.0,0.0,0.0,0.0,15.3,9.78,0,0,1
atlantic-baum-liberty,2022-11-21,2022,11,3,cloud,31.3,22.0,0.0,0.0,0.0,0.0,12.8,9.75,0,0,1
atlantic-baum-liberty,2022-11-22,2022,11,1,clear,36.4,26.2,0.0,0.0,0.0,0.0,9.7,9.72,0,0,1
atlantic-baum-liberty,2022-11-23,2022,11,0,clear,39.7,29.8,0.0,0.0,0.0,0.0,7.4,9.7,0,0,1
atlantic-baum-liberty,2022-11-24,2022,11,3,cloud,39.5,28.2,0.0,0.0,0.0,0.0,6.8,9.67,0,0,1
atlantic-baum-liberty,2022-11-25,2022,11,61,rain,45.2,36.0,0.248,0.248,0.0,8.0,12.6,9.64,1,0,0
atlantic-baum-liberty,2022-11-26,2022,11,3,cloud,39.9,31.9,0.0,0.0,0.0,0.0,8.4,9.62,0,0,1
atlantic-baum-liberty,2022-11-27,2022,11,61,rain,48.4,40.0,0.402,0.402,0.0,13.0,17.0,9.59,1,0,0
atlantic-baum-liberty,2022-11-28,2022,11,51,rain,43.3,40.3,0.031,0.031,0.0,5.0,12.9,9.57,1,0,0
atlantic-baum-liberty,2022-11-29,2022,11,3,cloud,45.4,39.8,0.0,0.0,0.0,0.0,10.2,9.54,0,0,0
atlantic-baum-liberty,2022-11-30,2022,11,61,rain,43.4,31.7,0.488,0.488,0.0,9.0,20.0,9.52,1,0,1
atlantic-baum-liberty,2022-12-01,2022,12,3,cloud,28.7,23.4,0.0,0.0,0.0,0.0,17.5,9.5,0,0,1
atlantic-baum-liberty,2022-12-02,2022,12,3,cloud,36.0,24.7,0.0,0.0,0.0,0.0,10.1,9.48,0,0,1
atlantic-baum-liberty,2022-12-03,2022,12,63,rain,46.8,34.9,0.402,0.402,0.0,12.0,19.3,9.46,1,0,0
atlantic-baum-liberty,2022-12-04,2022,12,0,clear,30.2,24.1,0.0,0.0,0.0,0.0,7.8,9.44,0,0,1
atlantic-baum-liberty,2022-12-05,2022,12,3,cloud,34.1,24.8,0.0,0.0,0.0,0.0,7.4,9.42,0,0,1
atlantic-baum-liberty,2022-12-06,2022,12,61,rain,43.9,38.5,0.331,0.331,0.0,19.0,6.5,9.4,1,0,0
atlantic-baum-liberty,2022-12-07,2022,12,61,rain,53.8,49.0,0.154,0.154,0.0,11.0,11.1,9.39,1,0,0
atlantic-baum-liberty,2022-12-08,2022,12,3,cloud,44.9,37.9,0.0,0.0,0.0,0.0,6.7,9.37,0,0,0
atlantic-baum-liberty,2022-12-09,2022,12,2,cloud,37.3,32.2,0.0,0.0,0.0,0.0,9.1,9.36,0,0,0
atlantic-baum-liberty,2022-12-10,2022,12,53,rain,38.7,34.5,0.091,0.091,0.0,8.0,8.6,9.35,1,0,0
atlantic-baum-liberty,2022-12-11,2022,12,51,rain,40.2,33.0,0.031,0.031,0.0,6.0,9.4,9.34,1,0,0
atlantic-baum-liberty,2022-12-12,2022,12,51,rain,35.9,32.2,0.008,0.008,0.0,2.0,8.6,9.33,0,0,0
atlantic-baum-liberty,2022-12-13,2022,12,3,cloud,30.3,24.4,0.0,0.0,0.0,0.0,6.6,9.32,0,0,1
atlantic-baum-liberty,2022-12-14,2022,12,3,cloud,32.3,25.6,0.0,0.0,0.0,0.0,10.3,9.31,0,0,1
atlantic-baum-liberty,2022-12-15,2022,12,61,rain,36.2,33.8,0.535,0.535,0.0,20.0,13.2,9.3,1,0,0
atlantic-baum-liberty,2022-12-16,2022,12,51,rain,38.1,33.1,0.02,0.02,0.0,5.0,9.4,9.3,1,0,0
atlantic-baum-liberty,2022-12-17,2022,12,3,cloud,30.7,26.6,0.0,0.0,0.0,0.0,13.0,9.29,0,0,1
atlantic-baum-liberty,2022-12-18,2022,12,71,snow,27.3,25.2,0.02,0.0,0.138,5.0,13.0,9.29,0,1,1
atlantic-baum-liberty,2022-12-19,2022,12,3,cloud,25.8,22.8,0.0,0.0,0.0,0.0,9.0,9.28,0,0,1
atlantic-baum-liberty,2022-12-20,2022,12,3,cloud,27.2,22.1,0.0,0.0,0.0,0.0,4.3,9.28,0,0,1
atlantic-baum-liberty,2022-12-21,2022,12,3,cloud,30.2,23.1,0.0,0.0,0.0,0.0,6.7,9.28,0,0,1
atlantic-baum-liberty,2022-12-22,2022,12,55,rain,35.8,31.8,0.169,0.169,0.0,11.0,10.3,9.28,1,0,1
atlantic-baum-liberty,2022-12-23,2022,12,73,snow,13.5,-3.4,0.22,0.142,0.551,12.0,22.9,9.28,1,1,1
atlantic-baum-liberty,2022-12-24,2022,12,71,snow,3.9,-2.8,0.012,0.0,0.083,3.0,22.1,9.28,0,0,1
atlantic-baum-liberty,2022-12-25,2022,12,71,snow,14.2,10.8,0.004,0.0,0.028,1.0,17.1,9.29,0,0,1
atlantic-baum-liberty,2022-12-26,2022,12,71,snow,17.2,11.1,0.02,0.0,0.138,5.0,9.9,9.29,0,1,1
atlantic-baum-liberty,2022-12-27,2022,12,71,snow,26.7,20.8,0.004,0.0,0.028,1.0,9.3,9.3,0,0,1
atlantic-baum-liberty,2022-12-28,2022,12,3,cloud,33.4,25.3,0.0,0.0,0.0,0.0,10.2,9.3,0,0,1
atlantic-baum-liberty,2022-12-29,2022,12,3,cloud,42.5,31.9,0.0,0.0,0.0,0.0,9.5,9.31,0,0,1
atlantic-baum-liberty,2022-12-30,2022,12,51,rain,50.7,44.5,0.004,0.004,0.0,1.0,7.8,9.32,0,0,0
atlantic-baum-liberty,2022-12-31,2022,12,61,rain,49.1,45.5,0.323,0.323,0.0,13.0,9.0,9.33,1,0,0
atlantic-baum-liberty,2023-01-01,2023,1,51,rain,45.0,39.9,0.004,0.004,0.0,1.0,10.0,9.34,0,0,0
atlantic-baum-liberty,2023-01-02,2023,1,53,rain,48.3,45.7,0.106,0.106,0.0,12.0,5.8,9.35,1,0,0
atlantic-baum-liberty,2023-01-03,2023,1,63,rain,55.5,48.7,1.189,1.189,0.0,20.0,15.1,9.37,1,0,0
atlantic-baum-liberty,2023-01-04,2023,1,61,rain,56.0,50.5,0.276,0.276,0.0,15.0,11.4,9.38,1,0,0
atlantic-baum-liberty,2023-01-05,2023,1,3,cloud,43.1,38.7,0.0,0.0,0.0,0.0,8.7,9.4,0,0,0
atlantic-baum-liberty,2023-01-06,2023,1,51,rain,36.6,33.7,0.012,0.012,0.0,3.0,12.8,9.42,1,0,0
atlantic-baum-liberty,2023-01-07,2023,1,71,snow,34.3,30.1,0.012,0.004,0.055,3.0,7.9,9.43,0,0,1
atlantic-baum-liberty,2023-01-08,2023,1,73,snow,32.9,25.9,0.016,0.0,0.11,2.0,5.8,9.45,0,1,1
atlantic-baum-liberty,2023-01-09,2023,1,73,snow,31.4,25.7,0.031,0.0,0.22,2.0,9.4,9.47,0,1,1
atlantic-baum-liberty,2023-01-10,2023,1,3,cloud,31.7,25.3,0.0,0.0,0.0,0.0,6.3,9.49,0,0,1
atlantic-baum-liberty,2023-01-11,2023,1,3,cloud,36.1,25.4,0.0,0.0,0.0,0.0,9.5,9.51,0,0,1
atlantic-baum-liberty,2023-01-12,2023,1,63,rain,47.8,41.1,0.689,0.689,0.0,15.0,11.7,9.54,1,0,0
atlantic-baum-liberty,2023-01-13,2023,1,71,snow,33.8,28.6,0.067,0.055,0.083,13.0,14.1,9.56,1,0,1
atlantic-baum-liberty,2023-01-14,2023,1,3,cloud,26.4,20.6,0.0,0.0,0.0,0.0,12.2,9.58,0,0,1
atlantic-baum-liberty,2023-01-15,2023,1,3,cloud,26.4,20.0,0.0,0.0,0.0,0.0,5.9,9.61,0,0,1
atlantic-baum-liberty,2023-01-16,2023,1,3,cloud,32.3,22.3,0.0,0.0,0.0,0.0,5.2,9.63,0,0,1
atlantic-baum-liberty,2023-01-17,2023,1,61,rain,43.7,36.0,0.299,0.299,0.0,15.0,13.7,9.66,1,0,0
atlantic-baum-liberty,2023-01-18,2023,1,3,cloud,39.9,35.1,0.0,0.0,0.0,0.0,11.6,9.68,0,0,0
atlantic-baum-liberty,2023-01-19,2023,1,61,rain,45.1,35.4,0.626,0.626,0.0,16.0,15.8,9.71,1,0,0
atlantic-baum-liberty,2023-01-20,2023,1,71,snow,36.6,33.6,0.008,0.0,0.055,2.0,15.9,9.74,0,0,0
atlantic-baum-liberty,2023-01-21,2023,1,71,snow,33.6,29.1,0.008,0.0,0.055,2.0,9.0,9.77,0,0,1
atlantic-baum-liberty,2023-01-22,2023,1,73,snow,31.7,25.6,0.213,0.134,0.551,8.0,8.0,9.8,1,1,1
atlantic-baum-liberty,2023-01-23,2023,1,73,snow,33.0,30.6,0.047,0.004,0.303,7.0,13.8,9.83,0,1,1
atlantic-baum-liberty,2023-01-24,2023,1,3,cloud,31.6,26.3,0.0,0.0,0.0,0.0,14.7,9.86,0,0,1
atlantic-baum-liberty,2023-01-25,2023,1,75,snow,36.8,29.5,0.433,0.197,1.654,15.0,15.2,9.89,1,1,1
atlantic-baum-liberty,2023-01-26,2023,1,75,snow,34.4,30.7,0.11,0.02,0.661,13.0,15.5,9.93,1,1,1
atlantic-baum-liberty,2023-01-27,2023,1,73,snow,30.5,26.8,0.031,0.0,0.22,2.0,14.3,9.96,0,1,1
atlantic-baum-liberty,2023-01-28,2023,1,3,cloud,41.0,36.3,0.0,0.0,0.0,0.0,13.9,10.0,0,0,0
atlantic-baum-liberty,2023-01-29,2023,1,61,rain,41.4,36.9,0.177,0.177,0.0,8.0,11.7,10.03,1,0,0
atlantic-baum-liberty,2023-01-30,2023,1,73,snow,37.5,32.2,0.098,0.063,0.248,11.0,9.4,10.07,1,1,0
atlantic-baum-liberty,2023-01-31,2023,1,73,snow,27.4,23.1,0.118,0.0,0.827,8.0,8.4,10.1,0,1,1
atlantic-baum-liberty,2023-02-01,2023,2,3,cloud,23.0,16.0,0.0,0.0,0.0,0.0,7.3,10.14,0,0,1
atlantic-baum-liberty,2023-02-02,2023,2,3,cloud,28.4,20.9,0.0,0.0,0.0,0.0,11.9,10.18,0,0,1
atlantic-baum-liberty,2023-02-03,2023,2,71,snow,18.2,11.1,0.008,0.0,0.055,1.0,16.0,10.21,0,0,1
atlantic-baum-liberty,2023-02-04,2023,2,3,cloud,21.5,11.0,0.0,0.0,0.0,0.0,9.4,10.25,0,0,1
atlantic-baum-liberty,2023-02-05,2023,2,55,rain,42.3,36.4,0.039,0.039,0.0,1.0,15.2,10.29,1,0,0
atlantic-baum-liberty,2023-02-06,2023,2,3,cloud,36.9,30.8,0.0,0.0,0.0,0.0,11.7,10.32,0,0,1
atlantic-baum-liberty,2023-02-07,2023,2,63,rain,39.8,26.8,0.213,0.213,0.0,7.0,14.6,10.36,1,0,1
atlantic-baum-liberty,2023-02-08,2023,2,3,cloud,40.4,32.6,0.0,0.0,0.0,0.0,7.9,10.4,0,0,0
atlantic-baum-liberty,2023-02-09,2023,2,55,rain,54.7,39.7,0.122,0.122,0.0,5.0,17.1,10.44,1,0,0
atlantic-baum-liberty,2023-02-10,2023,2,3,cloud,41.9,35.2,0.0,0.0,0.0,0.0,15.5,10.48,0,0,0
atlantic-baum-liberty,2023-02-11,2023,2,3,cloud,33.8,25.2,0.0,0.0,0.0,0.0,9.7,10.52,0,0,1
atlantic-baum-liberty,2023-02-12,2023,2,3,cloud,36.9,27.1,0.0,0.0,0.0,0.0,6.6,10.56,0,0,1
atlantic-baum-liberty,2023-02-13,2023,2,3,cloud,39.1,28.1,0.0,0.0,0.0,0.0,14.9,10.6,0,0,1
atlantic-baum-liberty,2023-02-14,2023,2,3,cloud,40.7,27.8,0.0,0.0,0.0,0.0,7.8,10.64,0,0,1
atlantic-baum-liberty,2023-02-15,2023,2,51,rain,57.0,48.6,0.004,0.004,0.0,1.0,23.1,10.68,0,0,0
atlantic-baum-liberty,2023-02-16,2023,2,61,rain,50.5,40.2,0.248,0.248,0.0,8.0,13.3,10.73,1,0,0
atlantic-baum-liberty,2023-02-17,2023,2,63,rain,39.4,23.5,0.256,0.256,0.0,7.0,18.7,10.77,1,0,1
atlantic-baum-liberty,2023-02-18,2023,2,3,cloud,30.4,21.7,0.0,0.0,0.0,0.0,12.5,10.81,0,0,1
atlantic-baum-liberty,2023-02-19,2023,2,3,cloud,41.8,31.1,0.0,0.0,0.0,0.0,14.6,10.85,0,0,1
atlantic-baum-liberty,2023-02-20,2023,2,61,rain,46.0,41.2,0.146,0.146,0.0,4.0,10.7,10.9,1,0,0
atlantic-baum-liberty,2023-02-21,2023,2,61,rain,43.0,34.8,0.091,0.091,0.0,5.0,22.5,10.94,1,0,0
atlantic-baum-liberty,2023-02-22,2023,2,63,rain,39.4,29.3,0.606,0.606,0.0,11.0,11.0,10.98,1,0,1
atlantic-baum-liberty,2023-02-23,2023,2,53,rain,61.5,54.4,0.055,0.055,0.0,6.0,15.2,11.03,1,0,0
atlantic-baum-liberty,2023-02-24,2023,2,3,cloud,35.6,24.5,0.0,0.0,0.0,0.0,14.9,11.07,0,0,1
atlantic-baum-liberty,2023-02-25,2023,2,3,cloud,32.4,22.1,0.0,0.0,0.0,0.0,7.2,11.11,0,0,1
atlantic-baum-liberty,2023-02-26,2023,2,2,cloud,39.1,30.8,0.0,0.0,0.0,0.0,14.0,11.16,0,0,1
atlantic-baum-liberty,2023-02-27,2023,2,63,rain,40.2,28.4,0.598,0.598,0.0,11.0,15.7,11.2,1,0,1
atlantic-baum-liberty,2023-02-28,2023,2,51,rain,45.3,35.4,0.035,0.035,0.0,5.0,14.3,11.24,1,0,0
atlantic-baum-liberty,2023-03-01,2023,3,3,cloud,49.0,30.8,0.0,0.0,0.0,0.0,15.3,11.29,0,0,1
atlantic-baum-liberty,2023-03-02,2023,3,51,rain,49.6,37.9,0.012,0.012,0.0,2.0,10.0,11.33,1,0,0
atlantic-baum-liberty,2023-03-03,2023,3,63,rain,39.1,32.8,0.492,0.492,0.0,8.0,19.9,11.37,1,0,0
atlantic-baum-liberty,2023-03-04,2023,3,61,rain,42.5,36.5,0.165,0.165,0.0,5.0,20.7,11.42,1,0,0
atlantic-baum-liberty,2023-03-05,2023,3,3,cloud,42.9,35.5,0.0,0.0,0.0,0.0,11.5,11.46,0,0,0
atlantic-baum-liberty,2023-03-06,2023,3,63,rain,42.4,29.3,0.114,0.114,0.0,1.0,12.9,11.51,1,0,1
atlantic-baum-liberty,2023-03-07,2023,3,53,rain,37.0,28.9,0.079,0.079,0.0,4.0,15.2,11.55,1,0,1
atlantic-baum-liberty,2023-03-08,2023,3,3,cloud,33.9,26.2,0.0,0.0,0.0,0.0,10.3,11.6,0,0,1
atlantic-baum-liberty,2023-03-09,2023,3,3,cloud,35.4,24.4,0.0,0.0,0.0,0.0,5.9,11.64,0,0,1
atlantic-baum-liberty,2023-03-10,2023,3,71,snow,38.3,32.2,0.177,0.173,0.028,17.0,16.0,11.69,1,0,0
atlantic-baum-liberty,2023-03-11,2023,3,71,snow,33.0,30.2,0.012,0.0,0.083,3.0,11.9,11.73,0,0,1
atlantic-baum-liberty,2023-03-12,2023,3,71,snow,32.7,27.1,0.039,0.008,0.22,7.0,7.6,11.78,0,1,1
atlantic-baum-liberty,2023-03-13,2023,3,73,snow,34.4,28.6,0.094,0.024,0.496,16.0,11.4,11.82,1,1,1
atlantic-baum-liberty,2023-03-14,2023,3,73,snow,27.3,24.5,0.035,0.0,0.248,5.0,16.5,11.87,0,1,1
atlantic-baum-liberty,2023-03-15,2023,3,3,cloud,32.2,22.7,0.0,0.0,0.0,0.0,11.5,11.91,0,0,1
atlantic-baum-liberty,2023-03-16,2023,3,3,cloud,42.1,28.4,0.0,0.0,0.0,0.0,8.9,11.96,0,0,1
atlantic-baum-liberty,2023-03-17,2023,3,61,rain,46.1,36.1,0.323,0.323,0.0,15.0,14.2,12.0,1,0,0
atlantic-baum-liberty,2023-03-18,2023,3,3,cloud,32.6,22.3,0.0,0.0,0.0,0.0,17.7,12.05,0,0,1
atlantic-baum-liberty,2023-03-19,2023,3,3,cloud,25.5,18.1,0.0,0.0,0.0,0.0,14.5,12.09,0,0,1
atlantic-baum-liberty,2023-03-20,2023,3,3,cloud,33.9,23.0,0.0,0.0,0.0,0.0,10.0,12.13,0,0,1
atlantic-baum-liberty,2023-03-21,2023,3,3,cloud,41.3,26.5,0.0,0.0,0.0,0.0,7.7,12.18,0,0,1
atlantic-baum-liberty,2023-03-22,2023,3,63,rain,46.3,39.0,0.193,0.193,0.0,6.0,11.8,12.22,1,0,0
atlantic-baum-liberty,2023-03-23,2023,3,63,rain,54.1,46.7,1.193,1.193,0.0,20.0,18.8,12.27,1,0,0
atlantic-baum-liberty,2023-03-24,2023,3,61,rain,43.4,37.8,0.386,0.386,0.0,10.0,6.8,12.31,1,0,0
atlantic-baum-liberty,2023-03-25,2023,3,63,rain,52.6,44.0,0.535,0.535,0.0,14.0,25.3,12.36,1,0,0
atlantic-baum-liberty,2023-03-26,2023,3,2,cloud,45.3,33.7,0.0,0.0,0.0,0.0,12.5,12.4,0,0,0
atlantic-baum-liberty,2023-03-27,2023,3,51,rain,46.7,39.5,0.004,0.004,0.0,1.0,9.7,12.45,0,0,0
atlantic-baum-liberty,2023-03-28,2023,3,3,cloud,42.6,37.0,0.0,0.0,0.0,0.0,8.8,12.49,0,0,0
atlantic-baum-liberty,2023-03-29,2023,3,71,snow,39.8,28.9,0.035,0.031,0.028,5.0,16.9,12.54,1,0,1
atlantic-baum-liberty,2023-03-30,2023,3,3,cloud,36.5,23.5,0.0,0.0,0.0,0.0,6.1,12.58,0,0,1
atlantic-baum-liberty,2023-03-31,2023,3,63,rain,45.3,35.5,0.319,0.319,0.0,9.0,13.0,12.63,1,0,0
atlantic-baum-liberty,2023-04-01,2023,4,63,rain,53.8,39.7,0.78,0.78,0.0,12.0,22.6,12.67,1,0,0
atlantic-baum-liberty,2023-04-02,2023,4,3,cloud,39.5,30.2,0.0,0.0,0.0,0.0,13.5,12.72,0,0,1
atlantic-baum-liberty,2023-04-03,2023,4,63,rain,50.8,34.3,0.157,0.157,0.0,1.0,11.9,12.76,1,0,0
atlantic-baum-liberty,2023-04-04,2023,4,3,cloud,58.6,45.6,0.0,0.0,0.0,0.0,9.3,12.81,0,0,0
atlantic-baum-liberty,2023-04-05,2023,4,51,rain,67.6,55.1,0.02,0.02,0.0,2.0,15.3,12.85,1,0,0
atlantic-baum-liberty,2023-04-06,2023,4,53,rain,54.3,44.2,0.071,0.071,0.0,8.0,10.8,12.89,1,0,0
atlantic-baum-liberty,2023-04-07,2023,4,3,cloud,43.9,36.0,0.0,0.0,0.0,0.0,9.3,12.94,0,0,0
atlantic-baum-liberty,2023-04-08,2023,4,3,cloud,40.9,28.8,0.0,0.0,0.0,0.0,6.3,12.98,0,0,1
atlantic-baum-liberty,2023-04-09,2023,4,0,clear,44.7,32.2,0.0,0.0,0.0,0.0,7.4,13.02,0,0,0
atlantic-baum-liberty,2023-04-10,2023,4,3,cloud,49.3,32.7,0.0,0.0,0.0,0.0,5.5,13.07,0,0,0
atlantic-baum-liberty,2023-04-11,2023,4,3,cloud,55.2,36.3,0.0,0.0,0.0,0.0,10.8,13.11,0,0,0
atlantic-baum-liberty,2023-04-12,2023,4,3,cloud,63.5,50.5,0.0,0.0,0.0,0.0,12.1,13.15,0,0,0
atlantic-baum-liberty,2023-04-13,2023,4,1,clear,66.1,51.3,0.0,0.0,0.0,0.0,8.4,13.2,0,0,0
atlantic-baum-liberty,2023-04-14,2023,4,3,cloud,65.5,48.9,0.0,0.0,0.0,0.0,5.8,13.24,0,0,0
atlantic-baum-liberty,2023-04-15,2023,4,51,rain,64.2,56.0,0.039,0.039,0.0,5.0,9.3,13.28,1,0,0
atlantic-baum-liberty,2023-04-16,2023,4,63,rain,63.4,52.6,0.413,0.413,0.0,5.0,17.3,13.33,1,0,0
atlantic-baum-liberty,2023-04-17,2023,4,51,rain,45.2,40.4,0.063,0.063,0.0,8.0,17.1,13.37,1,0,0
atlantic-baum-liberty,2023-04-18,2023,4,51,rain,41.9,35.2,0.004,0.004,0.0,1.0,17.5,13.41,0,0,0
atlantic-baum-liberty,2023-04-19,2023,4,3,cloud,49.1,35.0,0.0,0.0,0.0,0.0,5.7,13.45,0,0,0
atlantic-baum-liberty,2023-04-20,2023,4,3,cloud,63.5,45.2,0.0,0.0,0.0,0.0,9.1,13.49,0,0,0
atlantic-baum-liberty,2023-04-21,2023,4,3,cloud,66.7,55.0,0.0,0.0,0.0,0.0,14.5,13.54,0,0,0
atlantic-baum-liberty,2023-04-22,2023,4,61,rain,52.8,44.6,0.228,0.228,0.0,10.0,11.9,13.58,1,0,0
atlantic-baum-liberty,2023-04-23,2023,4,51,rain,43.4,38.8,0.004,0.004,0.0,1.0,11.5,13.62,0,0,0
atlantic-baum-liberty,2023-04-24,2023,4,51,rain,41.5,34.3,0.051,0.051,0.0,8.0,12.2,13.66,1,0,0
atlantic-baum-liberty,2023-04-25,2023,4,3,cloud,44.5,33.1,0.0,0.0,0.0,0.0,6.2,13.7,0,0,0
atlantic-baum-liberty,2023-04-26,2023,4,53,rain,46.7,36.0,0.071,0.071,0.0,7.0,8.2,13.74,1,0,0
atlantic-baum-liberty,2023-04-27,2023,4,3,cloud,49.9,34.3,0.0,0.0,0.0,0.0,8.7,13.78,0,0,0
atlantic-baum-liberty,2023-04-28,2023,4,61,rain,53.8,50.5,0.555,0.555,0.0,16.0,14.6,13.82,1,0,0
atlantic-baum-liberty,2023-04-29,2023,4,51,rain,54.3,49.3,0.079,0.079,0.0,11.0,12.5,13.86,1,0,0
atlantic-baum-liberty,2023-04-30,2023,4,51,rain,52.7,44.6,0.039,0.039,0.0,5.0,10.4,13.89,1,0,0
atlantic-baum-liberty,2023-05-01,2023,5,53,rain,41.9,38.6,0.24,0.24,0.0,18.0,17.7,13.93,1,0,0
atlantic-baum-liberty,2023-05-02,2023,5,71,snow,39.0,35.6,0.441,0.433,0.055,23.0,14.1,13.97,1,0,0
atlantic-baum-liberty,2023-05-03,2023,5,55,rain,40.6,36.0,0.287,0.287,0.0,20.0,11.7,14.01,1,0,0
atlantic-baum-liberty,2023-05-04,2023,5,51,rain,49.1,43.7,0.051,0.051,0.0,7.0,10.6,14.05,1,0,0
atlantic-baum-liberty,2023-05-05,2023,5,3,cloud,51.8,37.5,0.0,0.0,0.0,0.0,5.8,14.08,0,0,0
atlantic-baum-liberty,2023-05-06,2023,5,3,cloud,57.1,41.1,0.0,0.0,0.0,0.0,6.2,14.12,0,0,0
atlantic-baum-liberty,2023-05-07,2023,5,63,rain,59.5,51.9,0.319,0.319,0.0,10.0,9.5,14.16,1,0,0
atlantic-baum-liberty,2023-05-08,2023,5,63,rain,62.5,55.6,0.197,0.197,0.0,8.0,7.1,14.19,1,0,0
atlantic-baum-liberty,2023-05-09,2023,5,53,rain,60.2,51.7,0.055,0.055,0.0,5.0,10.5,14.23,1,0,0
atlantic-baum-liberty,2023-05-10,2023,5,2,cloud,56.9,44.3,0.0,0.0,0.0,0.0,6.2,14.26,0,0,0
atlantic-baum-liberty,2023-05-11,2023,5,3,cloud,62.8,47.8,0.0,0.0,0.0,0.0,4.0,14.3,0,0,0
atlantic-baum-liberty,2023-05-12,2023,5,3,cloud,66.4,50.4,0.0,0.0,0.0,0.0,5.5,14.33,0,0,0
atlantic-baum-liberty,2023-05-13,2023,5,61,rain,63.0,57.7,0.453,0.453,0.0,13.0,5.2,14.36,1,0,0
atlantic-baum-liberty,2023-05-14,2023,5,3,cloud,64.5,54.8,0.0,0.0,0.0,0.0,7.8,14.4,0,0,0
atlantic-baum-liberty,2023-05-15,2023,5,3,cloud,62.1,50.2,0.0,0.0,0.0,0.0,7.5,14.43,0,0,0
atlantic-baum-liberty,2023-05-16,2023,5,3,cloud,61.0,48.8,0.0,0.0,0.0,0.0,11.0,14.46,0,0,0
atlantic-baum-liberty,2023-05-17,2023,5,3,cloud,56.7,47.8,0.0,0.0,0.0,0.0,9.3,14.49,0,0,0
atlantic-baum-liberty,2023-05-18,2023,5,3,cloud,58.0,41.4,0.0,0.0,0.0,0.0,9.2,14.52,0,0,0
atlantic-baum-liberty,2023-05-19,2023,5,63,rain,62.9,52.4,0.559,0.559,0.0,7.0,9.6,14.55,1,0,0
atlantic-baum-liberty,2023-05-20,2023,5,65,rain,61.5,52.7,0.61,0.61,0.0,7.0,10.0,14.58,1,0,0
atlantic-baum-liberty,2023-05-21,2023,5,1,clear,60.5,47.4,0.0,0.0,0.0,0.0,8.0,14.6,0,0,0
atlantic-baum-liberty,2023-05-22,2023,5,1,clear,63.4,48.7,0.0,0.0,0.0,0.0,5.2,14.63,0,0,0
atlantic-baum-liberty,2023-05-23,2023,5,3,cloud,66.1,54.1,0.0,0.0,0.0,0.0,7.8,14.66,0,0,0
atlantic-baum-liberty,2023-05-24,2023,5,3,cloud,66.0,53.7,0.0,0.0,0.0,0.0,12.6,14.68,0,0,0
atlantic-baum-liberty,2023-05-25,2023,5,3,cloud,56.2,45.0,0.0,0.0,0.0,0.0,9.8,14.71,0,0,0
atlantic-baum-liberty,2023-05-26,2023,5,3,cloud,60.0,46.3,0.0,0.0,0.0,0.0,9.0,14.73,0,0,0
atlantic-baum-liberty,2023-05-27,2023,5,3,cloud,63.6,46.8,0.0,0.0,0.0,0.0,7.9,14.76,0,0,0
atlantic-baum-liberty,2023-05-28,2023,5,3,cloud,66.3,50.6,0.0,0.0,0.0,0.0,8.5,14.78,0,0,0
atlantic-baum-liberty,2023-05-29,2023,5,51,rain,71.5,57.2,0.008,0.008,0.0,2.0,11.4,14.8,0,0,0
atlantic-baum-liberty,2023-05-30,2023,5,1,clear,72.7,60.0,0.0,0.0,0.0,0.0,8.8,14.83,0,0,0
atlantic-baum-liberty,2023-05-31,2023,5,0,clear,71.7,56.8,0.0,0.0,0.0,0.0,8.0,14.85,0,0,0
atlantic-baum-liberty,2023-06-01,2023,6,0,clear,72.8,55.3,0.0,0.0,0.0,0.0,5.8,14.87,0,0,0
atlantic-baum-liberty,2023-06-02,2023,6,3,cloud,76.1,60.7,0.0,0.0,0.0,0.0,9.3,14.89,0,0,0
atlantic-baum-liberty,2023-06-03,2023,6,51,rain,76.9,65.9,0.012,0.012,0.0,2.0,10.5,14.9,1,0,0
atlantic-baum-liberty,2023-06-04,2023,6,3,cloud,71.6,62.7,0.0,0.0,0.0,0.0,11.2,14.92,0,0,0
atlantic-baum-liberty,2023-06-05,2023,6,3,cloud,65.9,53.5,0.0,0.0,0.0,0.0,9.1,14.94,0,0,0
atlantic-baum-liberty,2023-06-06,2023,6,3,cloud,67.8,57.2,0.0,0.0,0.0,0.0,14.3,14.95,0,0,0
atlantic-baum-liberty,2023-06-07,2023,6,2,cloud,63.5,51.6,0.0,0.0,0.0,0.0,9.5,14.97,0,0,0
atlantic-baum-liberty,2023-06-08,2023,6,51,rain,59.9,49.5,0.004,0.004,0.0,1.0,10.6,14.98,0,0,0
atlantic-baum-liberty,2023-06-09,2023,6,51,rain,62.5,51.9,0.008,0.008,0.0,2.0,11.4,14.99,0,0,0
atlantic-baum-liberty,2023-06-10,2023,6,3,cloud,68.1,54.8,0.0,0.0,0.0,0.0,11.2,15.0,0,0,0
atlantic-baum-liberty,2023-06-11,2023,6,61,rain,68.2,56.8,0.15,0.15,0.0,4.0,13.5,15.01,1,0,0
atlantic-baum-liberty,2023-06-12,2023,6,63,rain,63.0,57.6,0.335,0.335,0.0,9.0,13.6,15.02,1,0,0
atlantic-baum-liberty,2023-06-13,2023,6,63,rain,59.6,51.5,0.48,0.48,0.0,8.0,15.7,15.03,1,0,0
atlantic-baum-liberty,2023-06-14,2023,6,63,rain,61.1,56.0,0.831,0.831,0.0,14.0,17.7,15.04,1,0,0
atlantic-baum-liberty,2023-06-15,2023,6,3,cloud,63.1,51.6,0.0,0.0,0.0,0.0,5.9,15.05,0,0,0
atlantic-baum-liberty,2023-06-16,2023,6,63,rain,63.3,58.6,0.575,0.575,0.0,12.0,12.3,15.05,1,0,0
atlantic-baum-liberty,2023-06-17,2023,6,3,cloud,63.6,53.2,0.0,0.0,0.0,0.0,11.0,15.06,0,0,0
atlantic-baum-liberty,2023-06-18,2023,6,3,cloud,65.8,52.2,0.0,0.0,0.0,0.0,5.4,15.06,0,0,0
atlantic-baum-liberty,2023-06-19,2023,6,3,cloud,71.3,56.7,0.0,0.0,0.0,0.0,10.7,15.06,0,0,0
atlantic-baum-liberty,2023-06-20,2023,6,55,rain,70.8,64.8,0.118,0.118,0.0,7.0,10.6,15.06,1,0,0
atlantic-baum-liberty,2023-06-21,2023,6,51,rain,69.9,62.5,0.016,0.016,0.0,3.0,13.2,15.06,1,0,0
atlantic-baum-liberty,2023-06-22,2023,6,61,rain,63.8,57.6,0.331,0.331,0.0,15.0,11.0,15.06,1,0,0
atlantic-baum-liberty,2023-06-23,2023,6,61,rain,67.1,60.2,0.319,0.319,0.0,16.0,7.0,15.06,1,0,0
atlantic-baum-liberty,2023-06-24,2023,6,53,rain,68.4,62.7,0.11,0.11,0.0,10.0,8.6,15.06,1,0,0
atlantic-baum-liberty,2023-06-25,2023,6,51,rain,72.2,60.6,0.063,0.063,0.0,7.0,8.5,15.06,1,0,0
atlantic-baum-liberty,2023-06-26,2023,6,65,rain,69.8,64.9,0.949,0.949,0.0,14.0,11.0,15.05,1,0,0
atlantic-baum-liberty,2023-06-27,2023,6,65,rain,66.0,62.5,0.76,0.76,0.0,15.0,11.5,15.05,1,0,0
atlantic-baum-liberty,2023-06-28,2023,6,51,rain,66.9,59.1,0.024,0.024,0.0,6.0,10.8,15.04,1,0,0
atlantic-baum-liberty,2023-06-29,2023,6,3,cloud,69.0,56.8,0.0,0.0,0.0,0.0,6.4,15.03,0,0,0
atlantic-baum-liberty,2023-06-30,2023,6,51,rain,72.1,63.9,0.024,0.024,0.0,4.0,7.7,15.02,1,0,0
atlantic-baum-liberty,2023-07-01,2023,7,63,rain,72.8,66.3,0.461,0.461,0.0,16.0,8.3,15.01,1,0,0
atlantic-baum-liberty,2023-07-02,2023,7,61,rain,72.0,67.2,0.339,0.339,0.0,11.0,13.3,15.0,1,0,0
atlantic-baum-liberty,2023-07-03,2023,7,65,rain,70.9,67.2,0.657,0.657,0.0,15.0,7.6,14.99,1,0,0
atlantic-baum-liberty,2023-07-04,2023,7,51,rain,73.2,65.4,0.035,0.035,0.0,6.0,5.5,14.98,1,0,0
atlantic-baum-liberty,2023-07-05,2023,7,3,cloud,76.5,67.6,0.0,0.0,0.0,0.0,4.8,14.97,0,0,0
atlantic-baum-liberty,2023-07-06,2023,7,51,rain,76.4,67.7,0.012,0.012,0.0,2.0,10.0,14.95,1,0,0
atlantic-baum-liberty,2023-07-07,2023,7,53,rain,73.5,67.3,0.079,0.079,0.0,7.0,6.8,14.94,1,0,0
atlantic-baum-liberty,2023-07-08,2023,7,3,cloud,72.8,60.6,0.0,0.0,0.0,0.0,5.6,14.92,0,0,0
atlantic-baum-liberty,2023-07-09,2023,7,61,rain,70.6,66.6,0.28,0.28,0.0,15.0,6.2,14.9,1,0,0
atlantic-baum-liberty,2023-07-10,2023,7,51,rain,70.5,61.0,0.024,0.024,0.0,4.0,6.8,14.88,1,0,0
atlantic-baum-liberty,2023-07-11,2023,7,3,cloud,73.0,60.9,0.0,0.0,0.0,0.0,9.0,14.87,0,0,0
atlantic-baum-liberty,2023-07-12,2023,7,51,rain,74.7,64.6,0.02,0.02,0.0,5.0,7.3,14.85,1,0,0
atlantic-baum-liberty,2023-07-13,2023,7,55,rain,76.9,67.9,0.043,0.043,0.0,2.0,13.5,14.83,1,0,0
atlantic-baum-liberty,2023-07-14,2023,7,53,rain,74.0,67.8,0.059,0.059,0.0,6.0,6.5,14.8,1,0,0
atlantic-baum-liberty,2023-07-15,2023,7,61,rain,74.5,66.7,0.154,0.154,0.0,7.0,7.2,14.78,1,0,0
atlantic-baum-liberty,2023-07-16,2023,7,51,rain,73.4,67.1,0.028,0.028,0.0,3.0,7.4,14.76,1,0,0
atlantic-baum-liberty,2023-07-17,2023,7,63,rain,71.8,66.1,0.5,0.5,0.0,5.0,10.3,14.74,1,0,0
atlantic-baum-liberty,2023-07-18,2023,7,55,rain,71.1,65.9,0.11,0.11,0.0,8.0,8.0,14.71,1,0,0
atlantic-baum-liberty,2023-07-19,2023,7,53,rain,71.8,64.6,0.063,0.063,0.0,7.0,4.8,14.69,1,0,0
atlantic-baum-liberty,2023-07-20,2023,7,63,rain,73.0,64.5,0.492,0.492,0.0,6.0,7.9,14.66,1,0,0
atlantic-baum-liberty,2023-07-21,2023,7,53,rain,70.1,64.5,0.067,0.067,0.0,7.0,12.4,14.64,1,0,0
atlantic-baum-liberty,2023-07-22,2023,7,51,rain,69.0,58.3,0.008,0.008,0.0,2.0,5.1,14.61,0,0,0
atlantic-baum-liberty,2023-07-23,2023,7,1,clear,72.3,63.1,0.0,0.0,0.0,0.0,4.5,14.58,0,0,0
atlantic-baum-liberty,2023-07-24,2023,7,51,rain,73.9,63.4,0.004,0.004,0.0,1.0,7.4,14.55,0,0,0
atlantic-baum-liberty,2023-07-25,2023,7,63,rain,71.9,64.1,0.185,0.185,0.0,9.0,6.1,14.52,1,0,0
atlantic-baum-liberty,2023-07-26,2023,7,63,rain,76.3,64.7,0.209,0.209,0.0,1.0,10.0,14.49,1,0,0
atlantic-baum-liberty,2023-07-27,2023,7,55,rain,78.8,71.7,0.106,0.106,0.0,6.0,15.0,14.46,1,0,0
atlantic-baum-liberty,2023-07-28,2023,7,63,rain,77.1,70.3,0.335,0.335,0.0,12.0,12.0,14.43,1,0,0
atlantic-baum-liberty,2023-07-29,2023,7,65,rain,73.6,67.8,0.457,0.457,0.0,10.0,16.0,14.4,1,0,0
atlantic-baum-liberty,2023-07-30,2023,7,53,rain,69.4,61.2,0.028,0.028,0.0,3.0,5.0,14.36,1,0,0
atlantic-baum-liberty,2023-07-31,2023,7,3,cloud,68.1,59.2,0.0,0.0,0.0,0.0,8.6,14.33,0,0,0
atlantic-baum-liberty,2023-08-01,2023,8,51,rain,67.8,58.6,0.008,0.008,0.0,2.0,7.3,14.3,0,0,0
atlantic-baum-liberty,2023-08-02,2023,8,51,rain,69.2,58.8,0.008,0.008,0.0,2.0,5.1,14.27,0,0,0
atlantic-baum-liberty,2023-08-03,2023,8,51,rain,72.4,62.5,0.02,0.02,0.0,4.0,5.2,14.23,1,0,0
atlantic-baum-liberty,2023-08-04,2023,8,61,rain,73.8,63.0,0.098,0.098,0.0,3.0,8.9,14.2,1,0,0
atlantic-baum-liberty,2023-08-05,2023,8,3,cloud,71.1,60.4,0.0,0.0,0.0,0.0,6.1,14.16,0,0,0
atlantic-baum-liberty,2023-08-06,2023,8,63,rain,72.2,64.9,0.417,0.417,0.0,7.0,12.8,14.13,1,0,0
atlantic-baum-liberty,2023-08-07,2023,8,63,rain,70.7,66.7,0.795,0.795,0.0,18.0,13.9,14.09,1,0,0
atlantic-baum-liberty,2023-08-08,2023,8,51,rain,69.8,60.4,0.008,0.008,0.0,2.0,14.9,14.06,0,0,0
atlantic-baum-liberty,2023-08-09,2023,8,51,rain,71.0,62.2,0.008,0.008,0.0,2.0,8.4,14.02,0,0,0
atlantic-baum-liberty,2023-08-10,2023,8,63,rain,71.1,65.8,0.457,0.457,0.0,16.0,10.6,13.98,1,0,0
atlantic-baum-liberty,2023-08-11,2023,8,53,rain,71.6,62.4,0.031,0.031,0.0,3.0,8.5,13.94,1,0,0
atlantic-baum-liberty,2023-08-12,2023,8,63,rain,73.7,65.8,0.343,0.343,0.0,9.0,11.0,13.91,1,0,0
atlantic-baum-liberty,2023-08-13,2023,8,51,rain,73.2,65.6,0.012,0.012,0.0,2.0,8.5,13.87,1,0,0
atlantic-baum-liberty,2023-08-14,2023,8,63,rain,71.2,66.3,0.571,0.571,0.0,11.0,5.7,13.83,1,0,0
atlantic-baum-liberty,2023-08-15,2023,8,53,rain,71.4,65.9,0.13,0.13,0.0,14.0,10.3,13.79,1,0,0
atlantic-baum-liberty,2023-08-16,2023,8,51,rain,68.5,62.2,0.028,0.028,0.0,4.0,6.7,13.75,1,0,0
atlantic-baum-liberty,2023-08-17,2023,8,63,rain,70.4,61.3,0.217,0.217,0.0,4.0,13.0,13.71,1,0,0
atlantic-baum-liberty,2023-08-18,2023,8,61,rain,65.7,59.7,0.11,0.11,0.0,6.0,13.8,13.67,1,0,0
atlantic-baum-liberty,2023-08-19,2023,8,3,cloud,65.1,54.0,0.0,0.0,0.0,0.0,5.3,13.63,0,0,0
atlantic-baum-liberty,2023-08-20,2023,8,2,cloud,70.8,58.2,0.0,0.0,0.0,0.0,5.7,13.59,0,0,0
atlantic-baum-liberty,2023-08-21,2023,8,3,cloud,75.3,64.2,0.0,0.0,0.0,0.0,7.7,13.55,0,0,0
atlantic-baum-liberty,2023-08-22,2023,8,3,cloud,70.1,62.2,0.0,0.0,0.0,0.0,6.4,13.51,0,0,0
atlantic-baum-liberty,2023-08-23,2023,8,3,cloud,69.7,59.7,0.0,0.0,0.0,0.0,8.5,13.47,0,0,0
atlantic-baum-liberty,2023-08-24,2023,8,53,rain,74.0,66.2,0.063,0.063,0.0,4.0,8.8,13.43,1,0,0
atlantic-baum-liberty,2023-08-25,2023,8,63,rain,74.5,68.5,0.248,0.248,0.0,10.0,11.3,13.39,1,0,0
atlantic-baum-liberty,2023-08-26,2023,8,51,rain,72.5,63.8,0.012,0.012,0.0,3.0,7.8,13.34,1,0,0
atlantic-baum-liberty,2023-08-27,2023,8,51,rain,69.1,60.1,0.004,0.004,0.0,1.0,6.9,13.3,0,0,0
atlantic-baum-liberty,2023-08-28,2023,8,51,rain,71.1,62.1,0.004,0.004,0.0,1.0,6.1,13.26,0,0,0
atlantic-baum-liberty,2023-08-29,2023,8,51,rain,70.9,63.9,0.059,0.059,0.0,7.0,7.5,13.22,1,0,0
atlantic-baum-liberty,2023-08-30,2023,8,3,cloud,66.3,60.7,0.0,0.0,0.0,0.0,10.9,13.18,0,0,0
atlantic-baum-liberty,2023-08-31,2023,8,3,cloud,65.1,56.8,0.0,0.0,0.0,0.0,8.6,13.13,0,0,0
atlantic-baum-liberty,2023-09-01,2023,9,0,clear,65.5,53.3,0.0,0.0,0.0,0.0,7.2,13.09,0,0,0
atlantic-baum-liberty,2023-09-02,2023,9,3,cloud,71.3,58.4,0.0,0.0,0.0,0.0,6.9,13.05,0,0,0
atlantic-baum-liberty,2023-09-03,2023,9,3,cloud,77.1,65.8,0.0,0.0,0.0,0.0,9.6,13.01,0,0,0
atlantic-baum-liberty,2023-09-04,2023,9,3,cloud,78.6,68.7,0.0,0.0,0.0,0.0,7.4,12.96,0,0,0
atlantic-baum-liberty,2023-09-05,2023,9,1,clear,78.1,65.8,0.0,0.0,0.0,0.0,5.2,12.92,0,0,0
atlantic-baum-liberty,2023-09-06,2023,9,51,rain,79.2,68.5,0.004,0.004,0.0,1.0,10.4,12.88,0,0,0
atlantic-baum-liberty,2023-09-07,2023,9,53,rain,73.5,68.5,0.106,0.106,0.0,12.0,10.4,12.83,1,0,0
atlantic-baum-liberty,2023-09-08,2023,9,53,rain,69.2,63.4,0.087,0.087,0.0,10.0,6.0,12.79,1,0,0
atlantic-baum-liberty,2023-09-09,2023,9,63,rain,67.3,60.1,0.307,0.307,0.0,6.0,7.1,12.74,1,0,0
atlantic-baum-liberty,2023-09-10,2023,9,63,rain,68.4,62.8,0.591,0.591,0.0,14.0,7.4,12.7,1,0,0
atlantic-baum-liberty,2023-09-11,2023,9,51,rain,68.5,61.1,0.008,0.008,0.0,2.0,5.4,12.66,0,0,0
atlantic-baum-liberty,2023-09-12,2023,9,55,rain,67.3,60.8,0.134,0.134,0.0,7.0,5.5,12.61,1,0,0
atlantic-baum-liberty,2023-09-13,2023,9,51,rain,63.7,58.0,0.028,0.028,0.0,6.0,7.7,12.57,1,0,0
atlantic-baum-liberty,2023-09-14,2023,9,3,cloud,59.7,49.6,0.0,0.0,0.0,0.0,7.3,12.53,0,0,0
atlantic-baum-liberty,2023-09-15,2023,9,0,clear,58.7,48.1,0.0,0.0,0.0,0.0,6.0,12.48,0,0,0
atlantic-baum-liberty,2023-09-16,2023,9,3,cloud,60.5,49.9,0.0,0.0,0.0,0.0,4.7,12.44,0,0,0
atlantic-baum-liberty,2023-09-17,2023,9,53,rain,60.5,52.8,0.094,0.094,0.0,8.0,5.3,12.4,1,0,0
atlantic-baum-liberty,2023-09-18,2023,9,3,cloud,61.3,54.4,0.0,0.0,0.0,0.0,9.9,12.35,0,0,0
atlantic-baum-liberty,2023-09-19,2023,9,3,cloud,59.3,50.4,0.0,0.0,0.0,0.0,6.5,12.31,0,0,0
atlantic-baum-liberty,2023-09-20,2023,9,3,cloud,62.0,51.6,0.0,0.0,0.0,0.0,5.2,12.26,0,0,0
atlantic-baum-liberty,2023-09-21,2023,9,3,cloud,64.3,53.3,0.0,0.0,0.0,0.0,5.8,12.22,0,0,0
atlantic-baum-liberty,2023-09-22,2023,9,3,cloud,62.7,53.4,0.0,0.0,0.0,0.0,8.7,12.17,0,0,0
atlantic-baum-liberty,2023-09-23,2023,9,51,rain,57.2,53.8,0.083,0.083,0.0,10.0,11.0,12.13,1,0,0
atlantic-baum-liberty,2023-09-24,2023,9,61,rain,58.8,55.0,0.232,0.232,0.0,16.0,10.3,12.08,1,0,0
atlantic-baum-liberty,2023-09-25,2023,9,51,rain,63.0,58.3,0.031,0.031,0.0,7.0,7.0,12.04,1,0,0
atlantic-baum-liberty,2023-09-26,2023,9,51,rain,60.3,57.5,0.004,0.004,0.0,1.0,10.6,12.0,0,0,0
atlantic-baum-liberty,2023-09-27,2023,9,55,rain,62.4,56.0,0.122,0.122,0.0,5.0,9.5,11.95,1,0,0
atlantic-baum-liberty,2023-09-28,2023,9,63,rain,61.1,54.1,0.126,0.126,0.0,2.0,9.4,11.91,1,0,0
atlantic-baum-liberty,2023-09-29,2023,9,55,rain,62.3,52.9,0.047,0.047,0.0,3.0,6.6,11.86,1,0,0
atlantic-baum-liberty,2023-09-30,2023,9,3,cloud,63.0,54.8,0.0,0.0,0.0,0.0,4.7,11.82,0,0,0
atlantic-baum-liberty,2023-10-01,2023,10,0,clear,65.3,55.1,0.0,0.0,0.0,0.0,5.4,11.77,0,0,0
atlantic-baum-liberty,2023-10-02,2023,10,2,cloud,67.4,57.0,0.0,0.0,0.0,0.0,5.0,11.73,0,0,0
atlantic-baum-liberty,2023-10-03,2023,10,1,clear,69.0,57.7,0.0,0.0,0.0,0.0,4.7,11.69,0,0,0
atlantic-baum-liberty,2023-10-04,2023,10,3,cloud,68.6,58.0,0.0,0.0,0.0,0.0,7.7,11.64,0,0,0
atlantic-baum-liberty,2023-10-05,2023,10,51,rain,68.7,58.9,0.004,0.004,0.0,1.0,10.4,11.6,0,0,0
atlantic-baum-liberty,2023-10-06,2023,10,61,rain,63.7,60.4,0.413,0.413,0.0,17.0,9.7,11.56,1,0,0
atlantic-baum-liberty,2023-10-07,2023,10,51,rain,52.8,47.8,0.008,0.008,0.0,2.0,13.0,11.51,0,0,0
atlantic-baum-liberty,2023-10-08,2023,10,3,cloud,49.2,44.3,0.0,0.0,0.0,0.0,16.3,11.47,0,0,0
atlantic-baum-liberty,2023-10-09,2023,10,3,cloud,49.3,43.3,0.0,0.0,0.0,0.0,10.3,11.42,0,0,0
atlantic-baum-liberty,2023-10-10,2023,10,3,cloud,52.6,43.1,0.0,0.0,0.0,0.0,13.5,11.38,0,0,0
atlantic-baum-liberty,2023-10-11,2023,10,3,cloud,53.3,43.8,0.0,0.0,0.0,0.0,10.0,11.34,0,0,0
atlantic-baum-liberty,2023-10-12,2023,10,3,cloud,56.4,46.5,0.0,0.0,0.0,0.0,8.1,11.29,0,0,0
atlantic-baum-liberty,2023-10-13,2023,10,3,cloud,54.3,45.3,0.0,0.0,0.0,0.0,8.1,11.25,0,0,0
atlantic-baum-liberty,2023-10-14,2023,10,63,rain,54.9,46.4,0.85,0.85,0.0,20.0,12.1,11.21,1,0,0
atlantic-baum-liberty,2023-10-15,2023,10,51,rain,48.5,45.0,0.016,0.016,0.0,3.0,11.8,11.16,1,0,0
atlantic-baum-liberty,2023-10-16,2023,10,51,rain,48.7,42.8,0.02,0.02,0.0,5.0,9.3,11.12,1,0,0
atlantic-baum-liberty,2023-10-17,2023,10,51,rain,50.5,46.7,0.012,0.012,0.0,3.0,7.3,11.08,1,0,0
atlantic-baum-liberty,2023-10-18,2023,10,51,rain,50.1,41.2,0.008,0.008,0.0,2.0,6.7,11.03,0,0,0
atlantic-baum-liberty,2023-10-19,2023,10,3,cloud,54.1,43.7,0.0,0.0,0.0,0.0,13.4,10.99,0,0,0
atlantic-baum-liberty,2023-10-20,2023,10,63,rain,54.4,49.8,0.657,0.657,0.0,18.0,12.6,10.95,1,0,0
atlantic-baum-liberty,2023-10-21,2023,10,55,rain,51.0,48.8,0.114,0.114,0.0,13.0,14.3,10.91,1,0,0
atlantic-baum-liberty,2023-10-22,2023,10,51,rain,47.8,41.7,0.008,0.008,0.0,2.0,13.9,10.86,0,0,0
atlantic-baum-liberty,2023-10-23,2023,10,1,clear,45.0,33.3,0.0,0.0,0.0,0.0,5.6,10.82,0,0,0
atlantic-baum-liberty,2023-10-24,2023,10,1,clear,54.3,41.2,0.0,0.0,0.0,0.0,7.5,10.78,0,0,0
atlantic-baum-liberty,2023-10-25,2023,10,3,cloud,60.5,53.8,0.0,0.0,0.0,0.0,8.6,10.74,0,0,0
atlantic-baum-liberty,2023-10-26,2023,10,3,cloud,61.2,49.5,0.0,0.0,0.0,0.0,8.4,10.7,0,0,0
atlantic-baum-liberty,2023-10-27,2023,10,51,rain,65.9,59.4,0.063,0.063,0.0,7.0,12.0,10.66,1,0,0
atlantic-baum-liberty,2023-10-28,2023,10,53,rain,62.9,57.8,0.031,0.031,0.0,4.0,10.6,10.62,1,0,0
atlantic-baum-liberty,2023-10-29,2023,10,63,rain,54.7,52.3,0.949,0.949,0.0,19.0,6.2,10.58,1,0,0
atlantic-baum-liberty,2023-10-30,2023,10,63,rain,49.2,40.1,0.654,0.654,0.0,21.0,10.0,10.54,1,0,0
atlantic-baum-liberty,2023-10-31,2023,10,73,snow,40.9,36.6,0.028,0.004,0.165,2.0,9.0,10.5,0,1,0
atlantic-baum-liberty,2023-11-01,2023,11,71,snow,35.7,29.2,0.004,0.0,0.028,1.0,14.0,10.46,0,0,1
atlantic-baum-liberty,2023-11-02,2023,11,3,cloud,36.7,28.2,0.0,0.0,0.0,0.0,8.2,10.42,0,0,1
atlantic-baum-liberty,2023-11-03,2023,11,3,cloud,43.9,33.5,0.0,0.0,0.0,0.0,10.2,10.38,0,0,0
atlantic-baum-liberty,2023-11-04,2023,11,51,rain,49.3,42.5,0.004,0.004,0.0,1.0,6.0,10.34,0,0,0
atlantic-baum-liberty,2023-11-05,2023,11,3,cloud,48.4,40.4,0.0,0.0,0.0,0.0,6.9,10.3,0,0,0
atlantic-baum-liberty,2023-11-06,2023,11,3,cloud,50.6,37.8,0.0,0.0,0.0,0.0,13.7,10.26,0,0,0
atlantic-baum-liberty,2023-11-07,2023,11,51,rain,58.4,45.6,0.004,0.004,0.0,1.0,13.7,10.23,0,0,0
atlantic-baum-liberty,2023-11-08,2023,11,3,cloud,47.5,37.9,0.0,0.0,0.0,0.0,7.8,10.19,0,0,0
atlantic-baum-liberty,2023-11-09,2023,11,55,rain,54.6,43.7,0.094,0.094,0.0,4.0,13.0,10.15,1,0,0
atlantic-baum-liberty,2023-11-10,2023,11,3,cloud,47.1,43.9,0.0,0.0,0.0,0.0,11.1,10.12,0,0,0
atlantic-baum-liberty,2023-11-11,2023,11,51,rain,43.4,37.0,0.004,0.004,0.0,1.0,6.3,10.08,0,0,0
atlantic-baum-liberty,2023-11-12,2023,11,3,cloud,40.6,32.7,0.0,0.0,0.0,0.0,6.0,10.05,0,0,0
atlantic-baum-liberty,2023-11-13,2023,11,0,clear,43.1,32.6,0.0,0.0,0.0,0.0,12.5,10.01,0,0,0
atlantic-baum-liberty,2023-11-14,2023,11,0,clear,44.0,36.1,0.0,0.0,0.0,0.0,10.0,9.98,0,0,0
atlantic-baum-liberty,2023-11-15,2023,11,3,cloud,45.9,32.8,0.0,0.0,0.0,0.0,9.7,9.95,0,0,0
atlantic-baum-liberty,2023-11-16,2023,11,3,cloud,48.7,37.0,0.0,0.0,0.0,0.0,7.2,9.92,0,0,0
atlantic-baum-liberty,2023-11-17,2023,11,63,rain,53.9,48.4,0.496,0.496,0.0,9.0,11.4,9.88,1,0,0
atlantic-baum-liberty,2023-11-18,2023,11,51,rain,41.2,33.3,0.008,0.008,0.0,1.0,11.1,9.85,0,0,0
atlantic-baum-liberty,2023-11-19,2023,11,0,clear,41.1,32.6,0.0,0.0,0.0,0.0,8.8,9.82,0,0,0
atlantic-baum-liberty,2023-11-20,2023,11,3,cloud,38.7,31.6,0.0,0.0,0.0,0.0,9.2,9.79,0,0,1
atlantic-baum-liberty,2023-11-21,2023,11,63,rain,42.0,38.0,0.831,0.831,0.0,17.0,12.8,9.76,1,0,0
atlantic-baum-liberty,2023-11-22,2023,11,51,rain,44.4,39.5,0.02,0.02,0.0,5.0,10.1,9.73,1,0,0
atlantic-baum-liberty,2023-11-23,2023,11,3,cloud,40.7,35.7,0.0,0.0,0.0,0.0,12.2,9.7,0,0,0
atlantic-baum-liberty,2023-11-24,2023,11,3,cloud,36.9,30.7,0.0,0.0,0.0,0.0,9.1,9.67,0,0,1
atlantic-baum-liberty,2023-11-25,2023,11,3,cloud,32.3,24.8,0.0,0.0,0.0,0.0,6.5,9.65,0,0,1
atlantic-baum-liberty,2023-11-26,2023,11,55,rain,40.8,32.1,0.134,0.134,0.0,5.0,10.4,9.62,1,0,0
atlantic-baum-liberty,2023-11-27,2023,11,73,snow,34.6,30.5,0.079,0.039,0.276,6.0,15.3,9.6,1,1,1
atlantic-baum-liberty,2023-11-28,2023,11,71,snow,25.6,22.4,0.016,0.0,0.11,3.0,16.6,9.57,0,1,1
atlantic-baum-liberty,2023-11-29,2023,11,3,cloud,26.5,19.7,0.0,0.0,0.0,0.0,10.8,9.55,0,0,1
atlantic-baum-liberty,2023-11-30,2023,11,3,cloud,38.1,27.7,0.0,0.0,0.0,0.0,10.1,9.52,0,0,1
atlantic-baum-liberty,2023-12-01,2023,12,61,rain,43.6,41.5,0.169,0.169,0.0,8.0,8.4,9.5,1,0,0
atlantic-baum-liberty,2023-12-02,2023,12,53,rain,52.0,47.7,0.031,0.031,0.0,2.0,11.0,9.48,1,0,0
atlantic-baum-liberty,2023-12-03,2023,12,63,rain,49.3,44.6,0.906,0.906,0.0,14.0,13.8,9.46,1,0,0
atlantic-baum-liberty,2023-12-04,2023,12,3,cloud,41.3,38.8,0.0,0.0,0.0,0.0,10.8,9.44,0,0,0
atlantic-baum-liberty,2023-12-05,2023,12,71,snow,35.8,31.9,0.051,0.043,0.055,8.0,7.2,9.43,1,0,1
atlantic-baum-liberty,2023-12-06,2023,12,71,snow,34.2,28.4,0.02,0.008,0.083,4.0,11.3,9.41,0,0,1
atlantic-baum-liberty,2023-12-07,2023,12,3,cloud,36.8,28.0,0.0,0.0,0.0,0.0,11.4,9.39,0,0,1
atlantic-baum-liberty,2023-12-08,2023,12,3,cloud,43.4,34.3,0.0,0.0,0.0,0.0,9.1,9.38,0,0,0
atlantic-baum-liberty,2023-12-09,2023,12,3,cloud,51.4,43.3,0.0,0.0,0.0,0.0,11.6,9.37,0,0,0
atlantic-baum-liberty,2023-12-10,2023,12,61,rain,45.6,35.2,0.303,0.303,0.0,17.0,10.6,9.35,1,0,0
atlantic-baum-liberty,2023-12-11,2023,12,51,rain,34.5,30.4,0.004,0.004,0.0,1.0,12.9,9.34,0,0,1
atlantic-baum-liberty,2023-12-12,2023,12,2,cloud,35.1,25.9,0.0,0.0,0.0,0.0,12.7,9.33,0,0,1
atlantic-baum-liberty,2023-12-13,2023,12,1,clear,32.6,26.0,0.0,0.0,0.0,0.0,8.2,9.32,0,0,1
atlantic-baum-liberty,2023-12-14,2023,12,0,clear,32.0,25.0,0.0,0.0,0.0,0.0,7.8,9.31,0,0,1
atlantic-baum-liberty,2023-12-15,2023,12,3,cloud,36.6,27.9,0.0,0.0,0.0,0.0,6.4,9.3,0,0,1
atlantic-baum-liberty,2023-12-16,2023,12,3,cloud,40.6,29.5,0.0,0.0,0.0,0.0,8.7,9.3,0,0,1
atlantic-baum-liberty,2023-12-17,2023,12,61,rain,45.4,42.9,0.232,0.232,0.0,13.0,9.5,9.29,1,0,0
atlantic-baum-liberty,2023-12-18,2023,12,73,snow,38.8,32.2,0.091,0.055,0.248,12.0,17.3,9.29,1,1,0
atlantic-baum-liberty,2023-12-19,2023,12,71,snow,29.4,24.7,0.004,0.0,0.028,1.0,17.0,9.28,0,0,1
atlantic-baum-liberty,2023-12-20,2023,12,2,cloud,29.3,23.3,0.0,0.0,0.0,0.0,5.9,9.28,0,0,1
atlantic-baum-liberty,2023-12-21,2023,12,3,cloud,32.6,25.3,0.0,0.0,0.0,0.0,3.9,9.28,0,0,1
atlantic-baum-liberty,2023-12-22,2023,12,3,cloud,37.7,31.7,0.0,0.0,0.0,0.0,4.1,9.28,0,0,1
atlantic-baum-liberty,2023-12-23,2023,12,55,rain,40.7,34.5,0.094,0.094,0.0,5.0,7.1,9.28,1,0,0
atlantic-baum-liberty,2023-12-24,2023,12,53,rain,45.7,41.7,0.071,0.071,0.0,5.0,5.9,9.28,1,0,0
atlantic-baum-liberty,2023-12-25,2023,12,53,rain,47.6,39.0,0.031,0.031,0.0,3.0,9.2,9.28,1,0,0
atlantic-baum-liberty,2023-12-26,2023,12,53,rain,50.0,46.5,0.205,0.205,0.0,15.0,8.9,9.29,1,0,0
atlantic-baum-liberty,2023-12-27,2023,12,63,rain,50.1,44.1,0.61,0.61,0.0,11.0,8.8,9.29,1,0,0
atlantic-baum-liberty,2023-12-28,2023,12,53,rain,45.7,38.7,0.075,0.075,0.0,4.0,9.8,9.3,1,0,0
atlantic-baum-liberty,2023-12-29,2023,12,71,snow,37.2,31.0,0.012,0.008,0.028,2.0,9.9,9.31,0,0,1
atlantic-baum-liberty,2023-12-30,2023,12,71,snow,35.8,34.0,0.055,0.051,0.028,13.0,11.0,9.32,1,0,0
atlantic-baum-liberty,2023-12-31,2023,12,51,rain,35.7,29.6,0.043,0.043,0.0,8.0,10.1,9.33,1,0,1
atlantic-baum-liberty,2024-01-01,2024,1,73,snow,34.4,31.4,0.091,0.031,0.413,11.0,9.4,9.34,1,1,1
atlantic-baum-liberty,2024-01-02,2024,1,71,snow,32.2,28.2,0.004,0.0,0.028,1.0,10.2,9.35,0,0,1
atlantic-baum-liberty,2024-01-03,2024,1,3,cloud,32.0,25.8,0.0,0.0,0.0,0.0,9.3,9.37,0,0,1
atlantic-baum-liberty,2024-01-04,2024,1,73,snow,30.7,24.8,0.035,0.0,0.248,6.0,12.6,9.38,0,1,1
atlantic-baum-liberty,2024-01-05,2024,1,3,cloud,28.3,22.8,0.0,0.0,0.0,0.0,5.4,9.4,0,0,1
atlantic-baum-liberty,2024-01-06,2024,1,75,snow,30.8,26.6,0.299,0.012,2.012,8.0,11.3,9.41,1,1,1
atlantic-baum-liberty,2024-01-07,2024,1,71,snow,33.7,32.2,0.083,0.031,0.358,16.0,11.4,9.43,1,1,0
atlantic-baum-liberty,2024-01-08,2024,1,3,cloud,33.8,29.9,0.0,0.0,0.0,0.0,10.4,9.45,0,0,1
atlantic-baum-liberty,2024-01-09,2024,1,75,snow,39.0,31.9,1.717,1.476,1.681,17.0,17.6,9.47,1,1,1
atlantic-baum-liberty,2024-01-10,2024,1,71,snow,36.8,33.9,0.043,0.028,0.11,6.0,20.4,9.49,1,1,0
atlantic-baum-liberty,2024-01-11,2024,1,3,cloud,36.5,28.7,0.0,0.0,0.0,0.0,17.8,9.51,0,0,1
atlantic-baum-liberty,2024-01-12,2024,1,73,snow,35.5,26.7,0.189,0.169,0.138,6.0,18.8,9.53,1,1,1
atlantic-baum-liberty,2024-01-13,2024,1,51,rain,32.3,25.1,0.024,0.024,0.0,3.0,21.0,9.55,1,0,1
atlantic-baum-liberty,2024-01-14,2024,1,73,snow,21.1,13.3,0.035,0.0,0.276,6.0,18.4,9.57,0,1,1
atlantic-baum-liberty,2024-01-15,2024,1,71,snow,17.7,12.5,0.016,0.0,0.11,4.0,6.7,9.6,0,1,1
atlantic-baum-liberty,2024-01-16,2024,1,73,snow,16.7,9.9,0.134,0.0,0.937,13.0,11.9,9.62,0,1,1
atlantic-baum-liberty,2024-01-17,2024,1,3,cloud,13.3,7.4,0.0,0.0,0.0,0.0,14.2,9.65,0,0,1
atlantic-baum-liberty,2024-01-18,2024,1,71,snow,24.0,17.6,0.024,0.0,0.165,5.0,10.8,9.68,0,1,1
atlantic-baum-liberty,2024-01-19,2024,1,73,snow,23.9,18.0,0.205,0.004,1.406,18.0,12.0,9.71,0,1,1
atlantic-baum-liberty,2024-01-20,2024,1,71,snow,15.2,12.3,0.012,0.0,0.083,3.0,14.0,9.73,0,0,1
atlantic-baum-liberty,2024-01-21,2024,1,3,cloud,18.8,15.1,0.0,0.0,0.0,0.0,9.2,9.76,0,0,1
atlantic-baum-liberty,2024-01-22,2024,1,3,cloud,23.7,11.3,0.0,0.0,0.0,0.0,8.6,9.79,0,0,1
atlantic-baum-liberty,2024-01-23,2024,1,51,rain,36.2,30.4,0.012,0.012,0.0,2.0,5.9,9.83,1,0,1
atlantic-baum-liberty,2024-01-24,2024,1,63,rain,42.2,37.3,0.575,0.575,0.0,16.0,8.5,9.86,1,0,0
atlantic-baum-liberty,2024-01-25,2024,1,63,rain,47.8,45.3,0.512,0.512,0.0,21.0,7.7,9.89,1,0,0
atlantic-baum-liberty,2024-01-26,2024,1,63,rain,52.3,42.9,0.335,0.335,0.0,11.0,14.1,9.92,1,0,0
atlantic-baum-liberty,2024-01-27,2024,1,61,rain,42.2,38.0,0.146,0.146,0.0,4.0,9.1,9.96,1,0,0
atlantic-baum-liberty,2024-01-28,2024,1,63,rain,41.7,36.1,0.709,0.709,0.0,24.0,11.0,9.99,1,0,0
atlantic-baum-liberty,2024-01-29,2024,1,51,rain,35.2,32.8,0.004,0.004,0.0,1.0,10.8,10.02,0,0,0
atlantic-baum-liberty,2024-01-30,2024,1,3,cloud,35.6,30.7,0.0,0.0,0.0,0.0,9.6,10.06,0,0,1
atlantic-baum-liberty,2024-01-31,2024,1,3,cloud,38.3,31.7,0.0,0.0,0.0,0.0,8.6,10.09,0,0,1
atlantic-baum-liberty,2024-02-01,2024,2,51,rain,41.0,35.5,0.012,0.012,0.0,1.0,14.6,10.13,1,0,0
atlantic-baum-liberty,2024-02-02,2024,2,63,rain,39.0,31.3,0.173,0.173,0.0,4.0,10.3,10.16,1,0,1
atlantic-baum-liberty,2024-02-03,2024,2,3,cloud,33.5,25.8,0.0,0.0,0.0,0.0,6.1,10.2,0,0,1
atlantic-baum-liberty,2024-02-04,2024,2,0,clear,35.9,25.1,0.0,0.0,0.0,0.0,8.3,10.24,0,0,1
atlantic-baum-liberty,2024-02-05,2024,2,0,clear,34.3,26.6,0.0,0.0,0.0,0.0,7.9,10.27,0,0,1
atlantic-baum-liberty,2024-02-06,2024,2,0,clear,31.8,23.7,0.0,0.0,0.0,0.0,7.5,10.31,0,0,1
atlantic-baum-liberty,2024-02-07,2024,2,3,cloud,36.0,25.6,0.0,0.0,0.0,0.0,4.8,10.35,0,0,1
atlantic-baum-liberty,2024-02-08,2024,2,3,cloud,41.1,28.3,0.0,0.0,0.0,0.0,7.8,10.39,0,0,1
atlantic-baum-liberty,2024-02-09,2024,2,55,rain,50.8,41.6,0.043,0.043,0.0,1.0,14.6,10.43,1,0,0
atlantic-baum-liberty,2024-02-10,2024,2,51,rain,52.3,45.1,0.02,0.02,0.0,4.0,11.1,10.47,1,0,0
atlantic-baum-liberty,2024-02-11,2024,2,3,cloud,40.2,34.3,0.0,0.0,0.0,0.0,7.7,10.51,0,0,0
atlantic-baum-liberty,2024-02-12,2024,2,3,cloud,36.2,27.6,0.0,0.0,0.0,0.0,6.9,10.55,0,0,1
atlantic-baum-liberty,2024-02-13,2024,2,73,snow,36.2,29.5,0.122,0.094,0.193,6.0,15.3,10.59,1,1,1
atlantic-baum-liberty,2024-02-14,2024,2,3,cloud,31.2,25.1,0.0,0.0,0.0,0.0,9.4,10.64,0,0,1
atlantic-baum-liberty,2024-02-15,2024,2,63,rain,35.5,22.6,0.114,0.114,0.0,5.0,17.1,10.68,1,0,1
atlantic-baum-liberty,2024-02-16,2024,2,75,snow,32.1,27.7,0.185,0.0,1.295,6.0,12.0,10.72,0,1,1
atlantic-baum-liberty,2024-02-17,2024,2,75,snow,25.4,18.6,0.11,0.0,0.772,9.0,15.7,10.76,0,1,1
atlantic-baum-liberty,2024-02-18,2024,2,0,clear,24.1,16.0,0.0,0.0,0.0,0.0,14.0,10.8,0,0,1
atlantic-baum-liberty,2024-02-19,2024,2,2,cloud,27.6,15.5,0.0,0.0,0.0,0.0,7.3,10.84,0,0,1
atlantic-baum-liberty,2024-02-20,2024,2,2,cloud,33.7,22.3,0.0,0.0,0.0,0.0,8.1,10.89,0,0,1
atlantic-baum-liberty,2024-02-21,2024,2,3,cloud,39.0,26.6,0.0,0.0,0.0,0.0,8.4,10.93,0,0,1
atlantic-baum-liberty,2024-02-22,2024,2,61,rain,42.2,36.4,0.563,0.563,0.0,15.0,9.2,10.97,1,0,0
atlantic-baum-liberty,2024-02-23,2024,2,61,rain,43.6,37.0,0.181,0.181,0.0,11.0,12.2,11.01,1,0,0
atlantic-baum-liberty,2024-02-24,2024,2,73,snow,30.4,22.0,0.031,0.0,0.22,4.0,9.6,11.06,0,1,1
atlantic-baum-liberty,2024-02-25,2024,2,3,cloud,31.2,20.2,0.0,0.0,0.0,0.0,9.2,11.1,0,0,1
atlantic-baum-liberty,2024-02-26,2024,2,53,rain,44.4,29.8,0.051,0.051,0.0,4.0,7.2,11.14,1,0,1
atlantic-baum-liberty,2024-02-27,2024,2,63,rain,52.4,43.3,0.165,0.165,0.0,5.0,15.9,11.19,1,0,0
atlantic-baum-liberty,2024-02-28,2024,2,65,rain,51.0,27.2,0.988,0.988,0.0,16.0,19.8,11.23,1,0,1
atlantic-baum-liberty,2024-02-29,2024,2,3,cloud,29.0,22.0,0.0,0.0,0.0,0.0,14.8,11.27,0,0,1
atlantic-baum-liberty,2024-03-01,2024,3,51,rain,37.9,25.1,0.02,0.02,0.0,2.0,10.8,11.32,1,0,1
atlantic-baum-liberty,2024-03-02,2024,3,61,rain,45.5,40.5,0.283,0.283,0.0,14.0,9.7,11.36,1,0,0
atlantic-baum-liberty,2024-03-03,2024,3,3,cloud,50.2,40.9,0.0,0.0,0.0,0.0,6.7,11.41,0,0,0
atlantic-baum-liberty,2024-03-04,2024,3,3,cloud,55.2,41.6,0.0,0.0,0.0,0.0,9.7,11.45,0,0,0
atlantic-baum-liberty,2024-03-05,2024,3,61,rain,56.9,44.8,0.146,0.146,0.0,2.0,9.5,11.5,1,0,0
atlantic-baum-liberty,2024-03-06,2024,3,61,rain,54.7,51.1,0.642,0.642,0.0,21.0,8.1,11.54,1,0,0
atlantic-baum-liberty,2024-03-07,2024,3,53,rain,48.7,41.7,0.075,0.075,0.0,3.0,9.4,11.59,1,0,0
atlantic-baum-liberty,2024-03-08,2024,3,53,rain,51.0,38.7,0.039,0.039,0.0,3.0,11.8,11.63,1,0,0
atlantic-baum-liberty,2024-03-09,2024,3,61,rain,48.7,41.0,0.744,0.744,0.0,22.0,12.2,11.68,1,0,0
atlantic-baum-liberty,2024-03-10,2024,3,73,snow,34.8,29.9,0.169,0.031,0.965,17.0,22.0,11.72,1,1,1
atlantic-baum-liberty,2024-03-11,2024,3,2,cloud,38.1,28.0,0.0,0.0,0.0,0.0,14.0,11.77,0,0,1
atlantic-baum-liberty,2024-03-12,2024,3,3,cloud,49.7,37.4,0.0,0.0,0.0,0.0,10.7,11.81,0,0,0
atlantic-baum-liberty,2024-03-13,2024,3,3,cloud,53.0,40.3,0.0,0.0,0.0,0.0,9.7,11.85,0,0,0
atlantic-baum-liberty,2024-03-14,2024,3,61,rain,56.1,41.2,0.106,0.106,0.0,2.0,10.6,11.9,1,0,0
atlantic-baum-liberty,2024-03-15,2024,3,63,rain,53.8,45.0,0.524,0.524,0.0,10.0,12.1,11.94,1,0,0
atlantic-baum-liberty,2024-03-16,2024,3,3,cloud,47.4,34.5,0.0,0.0,0.0,0.0,13.8,11.99,0,0,0
atlantic-baum-liberty,2024-03-17,2024,3,53,rain,45.4,34.6,0.067,0.067,0.0,5.0,16.7,12.03,1,0,0
atlantic-baum-liberty,2024-03-18,2024,3,73,snow,31.7,27.5,0.028,0.0,0.193,4.0,12.2,12.08,0,1,1
atlantic-baum-liberty,2024-03-19,2024,3,71,snow,35.2,26.1,0.024,0.0,0.193,5.0,17.2,12.12,0,1,1
atlantic-baum-liberty,2024-03-20,2024,3,73,snow,39.0,27.8,0.063,0.031,0.22,9.0,18.6,12.17,1,1,1
atlantic-baum-liberty,2024-03-21,2024,3,3,cloud,29.2,21.9,0.0,0.0,0.0,0.0,9.2,12.21,0,0,1
atlantic-baum-liberty,2024-03-22,2024,3,61,rain,37.5,23.5,0.299,0.299,0.0,8.0,8.1,12.26,1,0,1
atlantic-baum-liberty,2024-03-23,2024,3,61,rain,37.8,30.7,0.193,0.193,0.0,10.0,14.7,12.3,1,0,1
atlantic-baum-liberty,2024-03-24,2024,3,1,clear,34.0,22.6,0.0,0.0,0.0,0.0,9.3,12.35,0,0,1
atlantic-baum-liberty,2024-03-25,2024,3,3,cloud,46.2,32.5,0.0,0.0,0.0,0.0,11.8,12.4,0,0,0
atlantic-baum-liberty,2024-03-26,2024,3,61,rain,46.8,41.7,0.429,0.429,0.0,12.0,11.9,12.44,1,0,0
atlantic-baum-liberty,2024-03-27,2024,3,51,rain,52.0,41.6,0.016,0.016,0.0,4.0,11.6,12.49,1,0,0
atlantic-baum-liberty,2024-03-28,2024,3,3,cloud,40.7,30.9,0.0,0.0,0.0,0.0,11.9,12.53,0,0,1
atlantic-baum-liberty,2024-03-29,2024,3,3,cloud,41.3,33.2,0.0,0.0,0.0,0.0,11.2,12.57,0,0,0
atlantic-baum-liberty,2024-03-30,2024,3,63,rain,42.9,31.6,0.634,0.634,0.0,11.0,12.9,12.62,1,0,1
atlantic-baum-liberty,2024-03-31,2024,3,3,cloud,49.0,41.0,0.0,0.0,0.0,0.0,5.4,12.66,0,0,0
atlantic-baum-liberty,2024-04-01,2024,4,63,rain,53.1,44.7,0.591,0.591,0.0,10.0,8.4,12.71,1,0,0
atlantic-baum-liberty,2024-04-02,2024,4,63,rain,58.7,51.4,1.539,1.539,0.0,20.0,13.9,12.75,1,0,0
atlantic-baum-liberty,2024-04-03,2024,4,73,snow,48.3,36.1,1.752,1.736,0.11,15.0,17.6,12.79,1,1,0
atlantic-baum-liberty,2024-04-04,2024,4,73,snow,38.8,34.4,0.24,0.13,0.772,14.0,9.1,12.84,1,1,0
atlantic-baum-liberty,2024-04-05,2024,4,53,rain,38.7,35.8,0.039,0.039,0.0,5.0,16.8,12.88,1,0,0
atlantic-baum-liberty,2024-04-06,2024,4,51,rain,42.2,33.8,0.004,0.004,0.0,1.0,12.3,12.93,0,0,0
atlantic-baum-liberty,2024-04-07,2024,4,3,cloud,44.8,29.8,0.0,0.0,0.0,0.0,6.1,12.97,0,0,1
atlantic-baum-liberty,2024-04-08,2024,4,51,rain,56.1,43.2,0.02,0.02,0.0,2.0,12.5,13.01,1,0,0
atlantic-baum-liberty,2024-04-09,2024,4,53,rain,59.3,48.1,0.055,0.055,0.0,3.0,10.1,13.06,1,0,0
atlantic-baum-liberty,2024-04-10,2024,4,53,rain,59.5,55.0,0.146,0.146,0.0,16.0,8.0,13.1,1,0,0
atlantic-baum-liberty,2024-04-11,2024,4,65,rain,61.7,56.8,2.445,2.445,0.0,17.0,13.2,13.14,1,0,0
atlantic-baum-liberty,2024-04-12,2024,4,63,rain,50.3,45.0,1.063,1.063,0.0,24.0,22.6,13.19,1,0,0
atlantic-baum-liberty,2024-04-13,2024,4,53,rain,49.7,43.2,0.039,0.039,0.0,2.0,20.1,13.23,1,0,0
atlantic-baum-liberty,2024-04-14,2024,4,65,rain,58.5,41.7,0.685,0.685,0.0,3.0,18.0,13.27,1,0,0
atlantic-baum-liberty,2024-04-15,2024,4,61,rain,61.1,51.2,0.11,0.11,0.0,3.0,8.9,13.32,1,0,0
atlantic-baum-liberty,2024-04-16,2024,4,3,cloud,58.9,42.6,0.0,0.0,0.0,0.0,6.4,13.36,0,0,0
atlantic-baum-liberty,2024-04-17,2024,4,61,rain,63.3,55.6,0.252,0.252,0.0,6.0,15.1,13.4,1,0,0
atlantic-baum-liberty,2024-04-18,2024,4,51,rain,60.8,54.6,0.004,0.004,0.0,1.0,11.1,13.44,0,0,0
atlantic-baum-liberty,2024-04-19,2024,4,61,rain,59.1,51.6,0.177,0.177,0.0,6.0,14.0,13.48,1,0,0
atlantic-baum-liberty,2024-04-20,2024,4,51,rain,49.6,39.8,0.004,0.004,0.0,1.0,17.7,13.53,0,0,0
atlantic-baum-liberty,2024-04-21,2024,4,3,cloud,42.2,37.0,0.0,0.0,0.0,0.0,10.8,13.57,0,0,0
atlantic-baum-liberty,2024-04-22,2024,4,3,cloud,46.4,34.3,0.0,0.0,0.0,0.0,7.1,13.61,0,0,0
atlantic-baum-liberty,2024-04-23,2024,4,51,rain,52.4,39.7,0.02,0.02,0.0,2.0,14.0,13.65,1,0,0
atlantic-baum-liberty,2024-04-24,2024,4,51,rain,51.5,41.4,0.047,0.047,0.0,8.0,13.1,13.69,1,0,0
atlantic-baum-liberty,2024-04-25,2024,4,51,rain,44.8,35.4,0.008,0.008,0.0,2.0,7.2,13.73,0,0,0
atlantic-baum-liberty,2024-04-26,2024,4,3,cloud,53.0,38.3,0.0,0.0,0.0,0.0,13.4,13.77,0,0,0
atlantic-baum-liberty,2024-04-27,2024,4,63,rain,61.2,49.6,0.465,0.465,0.0,6.0,12.5,13.81,1,0,0
atlantic-baum-liberty,2024-04-28,2024,4,51,rain,67.6,57.1,0.012,0.012,0.0,3.0,12.0,13.85,1,0,0
atlantic-baum-liberty,2024-04-29,2024,4,3,cloud,70.0,59.5,0.0,0.0,0.0,0.0,11.2,13.89,0,0,0
atlantic-baum-liberty,2024-04-30,2024,4,53,rain,62.7,56.3,0.098,0.098,0.0,9.0,9.1,13.92,1,0,0
atlantic-baum-liberty,2024-05-01,2024,5,3,cloud,62.8,46.9,0.0,0.0,0.0,0.0,8.7,13.96,0,0,0
atlantic-baum-liberty,2024-05-02,2024,5,3,cloud,67.8,55.8,0.0,0.0,0.0,0.0,8.0,14.0,0,0,0
atlantic-baum-liberty,2024-05-03,2024,5,63,rain,66.5,55.0,0.354,0.354,0.0,7.0,10.6,14.04,1,0,0
atlantic-baum-liberty,2024-05-04,2024,5,61,rain,63.2,56.0,0.339,0.339,0.0,18.0,12.1,14.08,1,0,0
atlantic-baum-liberty,2024-05-05,2024,5,65,rain,63.4,55.2,0.965,0.965,0.0,20.0,9.6,14.11,1,0,0
atlantic-baum-liberty,2024-05-06,2024,5,51,rain,64.6,58.4,0.039,0.039,0.0,8.0,4.7,14.15,1,0,0
atlantic-baum-liberty,2024-05-07,2024,5,63,rain,65.4,53.7,0.398,0.398,0.0,5.0,7.2,14.18,1,0,0
atlantic-baum-liberty,2024-05-08,2024,5,63,rain,69.9,61.4,0.122,0.122,0.0,4.0,14.2,14.22,1,0,0
atlantic-baum-liberty,2024-05-09,2024,5,63,rain,58.6,52.1,0.736,0.736,0.0,11.0,12.9,14.25,1,0,0
atlantic-baum-liberty,2024-05-10,2024,5,61,rain,53.7,47.5,0.134,0.134,0.0,8.0,11.7,14.29,1,0,0
atlantic-baum-liberty,2024-05-11,2024,5,61,rain,51.3,44.4,0.291,0.291,0.0,9.0,11.9,14.32,1,0,0
atlantic-baum-liberty,2024-05-12,2024,5,51,rain,53.9,45.3,0.028,0.028,0.0,5.0,13.0,14.35,1,0,0
atlantic-baum-liberty,2024-05-13,2024,5,3,cloud,61.4,46.9,0.0,0.0,0.0,0.0,8.9,14.39,0,0,0
atlantic-baum-liberty,2024-05-14,2024,5,53,rain,62.9,55.3,0.075,0.075,0.0,7.0,8.6,14.42,1,0,0
atlantic-baum-liberty,2024-05-15,2024,5,63,rain,64.6,57.5,0.287,0.287,0.0,11.0,7.8,14.45,1,0,0
atlantic-baum-liberty,2024-05-16,2024,5,51,rain,65.0,54.9,0.028,0.028,0.0,5.0,5.2,14.48,1,0,0
atlantic-baum-liberty,2024-05-17,2024,5,63,rain,62.2,57.6,0.598,0.598,0.0,15.0,9.0,14.51,1,0,0
atlantic-baum-liberty,2024-05-18,2024,5,53,rain,66.4,57.8,0.083,0.083,0.0,8.0,5.5,14.54,1,0,0
atlantic-baum-liberty,2024-05-19,2024,5,1,clear,68.5,54.6,0.0,0.0,0.0,0.0,5.9,14.57,0,0,0
atlantic-baum-liberty,2024-05-20,2024,5,3,cloud,70.2,56.3,0.0,0.0,0.0,0.0,5.5,14.6,0,0,0
atlantic-baum-liberty,2024-05-21,2024,5,3,cloud,72.5,60.4,0.0,0.0,0.0,0.0,6.2,14.63,0,0,0
atlantic-baum-liberty,2024-05-22,2024,5,63,rain,71.1,62.2,0.358,0.358,0.0,5.0,14.2,14.65,1,0,0
atlantic-baum-liberty,2024-05-23,2024,5,61,rain,70.1,63.6,0.067,0.067,0.0,4.0,10.1,14.68,1,0,0
atlantic-baum-liberty,2024-05-24,2024,5,51,rain,69.2,59.1,0.016,0.016,0.0,4.0,6.5,14.71,1,0,0
atlantic-baum-liberty,2024-05-25,2024,5,61,rain,68.7,61.5,0.118,0.118,0.0,5.0,12.0,14.73,1,0,0
atlantic-baum-liberty,2024-05-26,2024,5,61,rain,69.8,59.8,0.138,0.138,0.0,8.0,11.6,14.75,1,0,0
atlantic-baum-liberty,2024-05-27,2024,5,63,rain,68.7,63.1,0.437,0.437,0.0,11.0,16.5,14.78,1,0,0
atlantic-baum-liberty,2024-05-28,2024,5,61,rain,63.6,57.4,0.106,0.106,0.0,5.0,13.7,14.8,1,0,0
atlantic-baum-liberty,2024-05-29,2024,5,63,rain,57.9,52.0,0.551,0.551,0.0,12.0,8.2,14.82,1,0,0
atlantic-baum-liberty,2024-05-30,2024,5,1,clear,57.6,49.3,0.0,0.0,0.0,0.0,10.7,14.84,0,0,0
atlantic-baum-liberty,2024-05-31,2024,5,0,clear,59.4,46.0,0.0,0.0,0.0,0.0,4.8,14.86,0,0,0
atlantic-baum-liberty,2024-06-01,2024,6,3,cloud,64.4,50.3,0.0,0.0,0.0,0.0,6.0,14.88,0,0,0
atlantic-baum-liberty,2024-06-02,2024,6,53,rain,64.5,59.9,0.063,0.063,0.0,6.0,9.8,14.9,1,0,0
atlantic-baum-liberty,2024-06-03,2024,6,51,rain,69.1,59.0,0.047,0.047,0.0,6.0,4.8,14.92,1,0,0
atlantic-baum-liberty,2024-06-04,2024,6,3,cloud,72.9,60.4,0.0,0.0,0.0,0.0,6.9,14.93,0,0,0
atlantic-baum-liberty,2024-06-05,2024,6,63,rain,70.4,66.1,0.602,0.602,0.0,12.0,8.1,14.95,1,0,0
atlantic-baum-liberty,2024-06-06,2024,6,63,rain,70.8,64.9,0.346,0.346,0.0,10.0,12.3,14.96,1,0,0
atlantic-baum-liberty,2024-06-07,2024,6,51,rain,65.3,57.6,0.004,0.004,0.0,1.0,15.6,14.98,0,0,0
atlantic-baum-liberty,2024-06-08,2024,6,3,cloud,66.2,53.8,0.0,0.0,0.0,0.0,10.3,14.99,0,0,0
atlantic-baum-liberty,2024-06-09,2024,6,55,rain,66.4,59.3,0.102,0.102,0.0,4.0,12.9,15.0,1,0,0
atlantic-baum-liberty,2024-06-10,2024,6,3,cloud,59.6,52.3,0.0,0.0,0.0,0.0,10.2,15.01,0,0,0
atlantic-baum-liberty,2024-06-11,2024,6,3,cloud,59.9,49.2,0.0,0.0,0.0,0.0,5.8,15.02,0,0,0
atlantic-baum-liberty,2024-06-12,2024,6,3,cloud,66.8,53.1,0.0,0.0,0.0,0.0,6.8,15.03,0,0,0
atlantic-baum-liberty,2024-06-13,2024,6,2,cloud,71.9,56.9,0.0,0.0,0.0,0.0,7.0,15.04,0,0,0
atlantic-baum-liberty,2024-06-14,2024,6,63,rain,70.9,64.2,0.409,0.409,0.0,4.0,10.1,15.04,1,0,0
atlantic-baum-liberty,2024-06-15,2024,6,3,cloud,66.5,53.4,0.0,0.0,0.0,0.0,6.4,15.05,0,0,0
atlantic-baum-liberty,2024-06-16,2024,6,3,cloud,72.4,55.8,0.0,0.0,0.0,0.0,9.1,15.06,0,0,0
atlantic-baum-liberty,2024-06-17,2024,6,51,rain,78.5,65.3,0.02,0.02,0.0,2.0,7.7,15.06,1,0,0
atlantic-baum-liberty,2024-06-18,2024,6,63,rain,77.6,69.3,0.122,0.122,0.0,2.0,5.9,15.06,1,0,0
atlantic-baum-liberty,2024-06-19,2024,6,51,rain,80.5,71.6,0.008,0.008,0.0,2.0,6.4,15.06,0,0,0
atlantic-baum-liberty,2024-06-20,2024,6,3,cloud,79.9,70.0,0.0,0.0,0.0,0.0,4.3,15.07,0,0,0
atlantic-baum-liberty,2024-06-21,2024,6,51,rain,81.1,68.6,0.004,0.004,0.0,1.0,8.0,15.06,0,0,0
atlantic-baum-liberty,2024-06-22,2024,6,51,rain,82.7,71.4,0.004,0.004,0.0,1.0,8.5,15.06,0,0,0
atlantic-baum-liberty,2024-06-23,2024,6,61,rain,78.2,71.4,0.154,0.154,0.0,9.0,17.4,15.06,1,0,0
atlantic-baum-liberty,2024-06-24,2024,6,3,cloud,71.6,64.9,0.0,0.0,0.0,0.0,10.1,15.06,0,0,0
atlantic-baum-liberty,2024-06-25,2024,6,3,cloud,73.6,60.2,0.0,0.0,0.0,0.0,11.4,15.05,0,0,0
atlantic-baum-liberty,2024-06-26,2024,6,63,rain,74.4,68.5,0.441,0.441,0.0,10.0,12.7,15.05,1,0,0
atlantic-baum-liberty,2024-06-27,2024,6,53,rain,71.0,64.2,0.063,0.063,0.0,5.0,8.1,15.04,1,0,0
atlantic-baum-liberty,2024-06-28,2024,6,3,cloud,72.3,57.8,0.0,0.0,0.0,0.0,12.5,15.03,0,0,0
atlantic-baum-liberty,2024-06-29,2024,6,63,rain,77.6,73.1,0.236,0.236,0.0,6.0,14.7,15.02,1,0,0
atlantic-baum-liberty,2024-06-30,2024,6,63,rain,73.6,60.5,0.382,0.382,0.0,8.0,15.4,15.02,1,0,0
atlantic-baum-liberty,2024-07-01,2024,7,1,clear,64.2,53.9,0.0,0.0,0.0,0.0,10.5,15.0,0,0,0
atlantic-baum-liberty,2024-07-02,2024,7,3,cloud,70.0,56.3,0.0,0.0,0.0,0.0,8.4,14.99,0,0,0
atlantic-baum-liberty,2024-07-03,2024,7,51,rain,77.9,65.5,0.02,0.02,0.0,3.0,12.9,14.98,1,0,0
atlantic-baum-liberty,2024-07-04,2024,7,63,rain,76.5,71.0,0.429,0.429,0.0,15.0,7.8,14.97,1,0,0
atlantic-baum-liberty,2024-07-05,2024,7,63,rain,77.9,70.3,0.323,0.323,0.0,13.0,10.2,14.95,1,0,0
atlantic-baum-liberty,2024-07-06,2024,7,65,rain,76.3,69.6,0.492,0.492,0.0,9.0,10.4,14.94,1,0,0
atlantic-baum-liberty,2024-07-07,2024,7,3,cloud,75.4,64.2,0.0,0.0,0.0,0.0,5.9,14.92,0,0,0
atlantic-baum-liberty,2024-07-08,2024,7,3,cloud,77.7,66.7,0.0,0.0,0.0,0.0,7.6,14.91,0,0,0
atlantic-baum-liberty,2024-07-09,2024,7,3,cloud,79.5,68.7,0.0,0.0,0.0,0.0,7.2,14.89,0,0,0
atlantic-baum-liberty,2024-07-10,2024,7,51,rain,79.7,68.0,0.016,0.016,0.0,2.0,19.6,14.87,1,0,0
atlantic-baum-liberty,2024-07-11,2024,7,51,rain,72.5,67.3,0.008,0.008,0.0,2.0,13.5,14.85,0,0,0
atlantic-baum-liberty,2024-07-12,2024,7,2,cloud,75.2,63.5,0.0,0.0,0.0,0.0,5.1,14.83,0,0,0
atlantic-baum-liberty,2024-07-13,2024,7,51,rain,79.5,66.8,0.012,0.012,0.0,3.0,4.7,14.81,1,0,0
atlantic-baum-liberty,2024-07-14,2024,7,3,cloud,81.3,69.6,0.0,0.0,0.0,0.0,10.3,14.79,0,0,0
atlantic-baum-liberty,2024-07-15,2024,7,61,rain,77.0,68.3,0.256,0.256,0.0,8.0,16.7,14.77,1,0,0
atlantic-baum-liberty,2024-07-16,2024,7,51,rain,80.0,71.2,0.004,0.004,0.0,1.0,15.8,14.74,0,0,0
atlantic-baum-liberty,2024-07-17,2024,7,63,rain,73.4,68.7,0.807,0.807,0.0,13.0,8.6,14.72,1,0,0
atlantic-baum-liberty,2024-07-18,2024,7,3,cloud,71.4,65.1,0.0,0.0,0.0,0.0,9.9,14.69,0,0,0
atlantic-baum-liberty,2024-07-19,2024,7,3,cloud,69.5,57.8,0.0,0.0,0.0,0.0,5.9,14.67,0,0,0
atlantic-baum-liberty,2024-07-20,2024,7,3,cloud,73.5,62.3,0.0,0.0,0.0,0.0,6.6,14.64,0,0,0
atlantic-baum-liberty,2024-07-21,2024,7,3,cloud,72.7,61.3,0.0,0.0,0.0,0.0,5.3,14.61,0,0,0
atlantic-baum-liberty,2024-07-22,2024,7,53,rain,71.9,65.8,0.02,0.02,0.0,1.0,8.2,14.58,1,0,0
atlantic-baum-liberty,2024-07-23,2024,7,63,rain,72.9,63.7,0.154,0.154,0.0,2.0,6.1,14.56,1,0,0
atlantic-baum-liberty,2024-07-24,2024,7,53,rain,73.9,66.1,0.083,0.083,0.0,6.0,12.2,14.53,1,0,0
atlantic-baum-liberty,2024-07-25,2024,7,53,rain,72.0,64.4,0.055,0.055,0.0,6.0,7.2,14.5,1,0,0
atlantic-baum-liberty,2024-07-26,2024,7,3,cloud,70.1,58.9,0.0,0.0,0.0,0.0,6.5,14.47,0,0,0
atlantic-baum-liberty,2024-07-27,2024,7,2,cloud,73.1,60.3,0.0,0.0,0.0,0.0,6.2,14.44,0,0,0
atlantic-baum-liberty,2024-07-28,2024,7,0,clear,76.1,62.6,0.0,0.0,0.0,0.0,6.3,14.4,0,0,0
atlantic-baum-liberty,2024-07-29,2024,7,65,rain,74.0,64.9,0.839,0.839,0.0,5.0,12.8,14.37,1,0,0
atlantic-baum-liberty,2024-07-30,2024,7,65,rain,72.3,67.9,1.378,1.378,0.0,19.0,9.6,14.34,1,0,0
atlantic-baum-liberty,2024-07-31,2024,7,51,rain,77.9,67.6,0.047,0.047,0.0,7.0,8.5,14.31,1,0,0
atlantic-baum-liberty,2024-08-01,2024,8,51,rain,79.0,69.7,0.008,0.008,0.0,2.0,7.6,14.28,0,0,0
atlantic-baum-liberty,2024-08-02,2024,8,63,rain,76.3,70.4,0.488,0.488,0.0,14.0,10.3,14.24,1,0,0
atlantic-baum-liberty,2024-08-03,2024,8,63,rain,72.4,68.8,0.453,0.453,0.0,15.0,7.0,14.21,1,0,0
atlantic-baum-liberty,2024-08-04,2024,8,51,rain,75.4,67.0,0.004,0.004,0.0,1.0,5.9,14.17,0,0,0
atlantic-baum-liberty,2024-08-05,2024,8,3,cloud,77.9,66.7,0.0,0.0,0.0,0.0,7.9,14.14,0,0,0
atlantic-baum-liberty,2024-08-06,2024,8,65,rain,75.3,68.4,0.665,0.665,0.0,8.0,5.9,14.1,1,0,0
atlantic-baum-liberty,2024-08-07,2024,8,63,rain,73.0,67.6,0.516,0.516,0.0,15.0,9.5,14.06,1,0,0
atlantic-baum-liberty,2024-08-08,2024,8,63,rain,74.7,68.5,0.205,0.205,0.0,4.0,10.9,14.03,1,0,0
atlantic-baum-liberty,2024-08-09,2024,8,53,rain,75.3,70.2,0.142,0.142,0.0,12.0,13.7,13.99,1,0,0
atlantic-baum-liberty,2024-08-10,2024,8,3,cloud,69.2,61.7,0.0,0.0,0.0,0.0,10.0,13.95,0,0,0
atlantic-baum-liberty,2024-08-11,2024,8,3,cloud,66.7,57.9,0.0,0.0,0.0,0.0,11.2,13.91,0,0,0
atlantic-baum-liberty,2024-08-12,2024,8,51,rain,67.1,58.1,0.004,0.004,0.0,1.0,10.8,13.88,0,0,0
atlantic-baum-liberty,2024-08-13,2024,8,3,cloud,67.1,56.2,0.0,0.0,0.0,0.0,6.4,13.84,0,0,0
atlantic-baum-liberty,2024-08-14,2024,8,0,clear,69.3,58.5,0.0,0.0,0.0,0.0,5.7,13.8,0,0,0
atlantic-baum-liberty,2024-08-15,2024,8,3,cloud,71.3,59.1,0.0,0.0,0.0,0.0,5.5,13.76,0,0,0
atlantic-baum-liberty,2024-08-16,2024,8,53,rain,72.9,68.1,0.039,0.039,0.0,3.0,10.7,13.72,1,0,0
atlantic-baum-liberty,2024-08-17,2024,8,65,rain,73.2,67.3,0.433,0.433,0.0,9.0,12.4,13.68,1,0,0
atlantic-baum-liberty,2024-08-18,2024,8,53,rain,71.1,65.4,0.059,0.059,0.0,6.0,9.8,13.64,1,0,0
atlantic-baum-liberty,2024-08-19,2024,8,51,rain,67.4,62.1,0.047,0.047,0.0,8.0,14.1,13.6,1,0,0
atlantic-baum-liberty,2024-08-20,2024,8,51,rain,61.8,56.7,0.008,0.008,0.0,2.0,12.0,13.56,0,0,0
atlantic-baum-liberty,2024-08-21,2024,8,3,cloud,60.0,51.2,0.0,0.0,0.0,0.0,9.6,13.52,0,0,0
atlantic-baum-liberty,2024-08-22,2024,8,3,cloud,62.8,52.0,0.0,0.0,0.0,0.0,4.2,13.48,0,0,0
atlantic-baum-liberty,2024-08-23,2024,8,3,cloud,66.4,54.3,0.0,0.0,0.0,0.0,5.4,13.44,0,0,0
atlantic-baum-liberty,2024-08-24,2024,8,3,cloud,70.2,57.7,0.0,0.0,0.0,0.0,4.5,13.4,0,0,0
atlantic-baum-liberty,2024-08-25,2024,8,55,rain,72.7,59.5,0.075,0.075,0.0,5.0,5.7,13.36,1,0,0
atlantic-baum-liberty,2024-08-26,2024,8,53,rain,74.0,63.9,0.059,0.059,0.0,5.0,5.7,13.31,1,0,0
atlantic-baum-liberty,2024-08-27,2024,8,51,rain,77.8,67.5,0.035,0.035,0.0,5.0,9.5,13.27,1,0,0
atlantic-baum-liberty,2024-08-28,2024,8,53,rain,78.2,69.3,0.024,0.024,0.0,1.0,8.8,13.23,1,0,0
atlantic-baum-liberty,2024-08-29,2024,8,65,rain,76.1,68.7,0.819,0.819,0.0,5.0,4.6,13.19,1,0,0
atlantic-baum-liberty,2024-08-30,2024,8,63,rain,76.6,68.3,0.22,0.22,0.0,3.0,12.1,13.14,1,0,0
atlantic-baum-liberty,2024-08-31,2024,8,65,rain,74.6,69.4,0.693,0.693,0.0,9.0,9.2,13.1,1,0,0
atlantic-baum-liberty,2024-09-01,2024,9,51,rain,73.9,65.9,0.004,0.004,0.0,1.0,11.8,13.06,0,0,0
atlantic-baum-liberty,2024-09-02,2024,9,51,rain,64.0,55.6,0.008,0.008,0.0,1.0,9.6,13.01,0,0,0
atlantic-baum-liberty,2024-09-03,2024,9,0,clear,61.1,49.9,0.0,0.0,0.0,0.0,7.3,12.97,0,0,0
atlantic-baum-liberty,2024-09-04,2024,9,0,clear,64.7,53.5,0.0,0.0,0.0,0.0,7.1,12.93,0,0,0
atlantic-baum-liberty,2024-09-05,2024,9,0,clear,66.4,55.5,0.0,0.0,0.0,0.0,7.8,12.88,0,0,0
atlantic-baum-liberty,2024-09-06,2024,9,63,rain,68.7,56.2,0.398,0.398,0.0,6.0,8.9,12.84,1,0,0
atlantic-baum-liberty,2024-09-07,2024,9,63,rain,60.5,54.0,0.469,0.469,0.0,11.0,13.4,12.8,1,0,0
atlantic-baum-liberty,2024-09-08,2024,9,1,clear,57.1,46.9,0.0,0.0,0.0,0.0,9.7,12.76,0,0,0
atlantic-baum-liberty,2024-09-09,2024,9,3,cloud,61.7,49.8,0.0,0.0,0.0,0.0,9.6,12.71,0,0,0
atlantic-baum-liberty,2024-09-10,2024,9,3,cloud,67.9,57.7,0.0,0.0,0.0,0.0,7.0,12.67,0,0,0
atlantic-baum-liberty,2024-09-11,2024,9,3,cloud,69.1,55.7,0.0,0.0,0.0,0.0,6.0,12.63,0,0,0
atlantic-baum-liberty,2024-09-12,2024,9,3,cloud,70.3,59.4,0.0,0.0,0.0,0.0,9.0,12.58,0,0,0
atlantic-baum-liberty,2024-09-13,2024,9,3,cloud,69.2,57.9,0.0,0.0,0.0,0.0,8.1,12.54,0,0,0
atlantic-baum-liberty,2024-09-14,2024,9,0,clear,70.6,59.8,0.0,0.0,0.0,0.0,8.3,12.49,0,0,0
atlantic-baum-liberty,2024-09-15,2024,9,0,clear,70.5,60.2,0.0,0.0,0.0,0.0,9.5,12.45,0,0,0
atlantic-baum-liberty,2024-09-16,2024,9,3,cloud,67.7,59.4,0.0,0.0,0.0,0.0,9.0,12.41,0,0,0
atlantic-baum-liberty,2024-09-17,2024,9,3,cloud,68.3,59.4,0.0,0.0,0.0,0.0,9.8,12.36,0,0,0
atlantic-baum-liberty,2024-09-18,2024,9,53,rain,68.1,63.1,0.11,0.11,0.0,9.0,8.5,12.32,1,0,0
atlantic-baum-liberty,2024-09-19,2024,9,51,rain,70.7,62.1,0.004,0.004,0.0,1.0,7.0,12.27,0,0,0
atlantic-baum-liberty,2024-09-20,2024,9,3,cloud,70.7,58.8,0.0,0.0,0.0,0.0,5.3,12.23,0,0,0
atlantic-baum-liberty,2024-09-21,2024,9,63,rain,71.4,64.4,0.224,0.224,0.0,6.0,9.7,12.18,1,0,0
atlantic-baum-liberty,2024-09-22,2024,9,3,cloud,70.1,59.9,0.0,0.0,0.0,0.0,8.2,12.14,0,0,0
atlantic-baum-liberty,2024-09-23,2024,9,61,rain,70.4,65.0,0.264,0.264,0.0,12.0,10.0,12.09,1,0,0
atlantic-baum-liberty,2024-09-24,2024,9,63,rain,67.3,64.0,0.921,0.921,0.0,16.0,12.2,12.05,1,0,0
atlantic-baum-liberty,2024-09-25,2024,9,63,rain,67.3,63.4,1.047,1.047,0.0,15.0,11.0,12.01,1,0,0
atlantic-baum-liberty,2024-09-26,2024,9,61,rain,68.6,64.4,0.205,0.205,0.0,11.0,5.1,11.96,1,0,0
atlantic-baum-liberty,2024-09-27,2024,9,63,rain,69.2,66.2,0.343,0.343,0.0,13.0,14.9,11.92,1,0,0
atlantic-baum-liberty,2024-09-28,2024,9,61,rain,70.1,67.2,0.386,0.386,0.0,15.0,10.9,11.87,1,0,0
atlantic-baum-liberty,2024-09-29,2024,9,55,rain,66.7,64.3,0.236,0.236,0.0,18.0,8.0,11.83,1,0,0
atlantic-baum-liberty,2024-09-30,2024,9,61,rain,64.0,62.2,0.398,0.398,0.0,24.0,8.6,11.79,1,0,0
atlantic-baum-liberty,2024-10-01,2024,10,53,rain,64.0,61.5,0.197,0.197,0.0,16.0,6.3,11.74,1,0,0
atlantic-baum-liberty,2024-10-02,2024,10,51,rain,61.2,54.8,0.012,0.012,0.0,2.0,10.2,11.7,1,0,0
atlantic-baum-liberty,2024-10-03,2024,10,3,cloud,60.2,49.6,0.0,0.0,0.0,0.0,5.3,11.65,0,0,0
atlantic-baum-liberty,2024-10-04,2024,10,3,cloud,63.8,53.2,0.0,0.0,0.0,0.0,8.7,11.61,0,0,0
atlantic-baum-liberty,2024-10-05,2024,10,0,clear,60.5,52.9,0.0,0.0,0.0,0.0,5.4,11.57,0,0,0
atlantic-baum-liberty,2024-10-06,2024,10,65,rain,63.8,50.6,0.886,0.886,0.0,4.0,12.1,11.52,1,0,0
atlantic-baum-liberty,2024-10-07,2024,10,3,cloud,56.9,49.6,0.0,0.0,0.0,0.0,9.6,11.48,0,0,0
atlantic-baum-liberty,2024-10-08,2024,10,3,cloud,54.1,45.4,0.0,0.0,0.0,0.0,11.3,11.43,0,0,0
atlantic-baum-liberty,2024-10-09,2024,10,3,cloud,53.9,47.0,0.0,0.0,0.0,0.0,11.0,11.39,0,0,0
atlantic-baum-liberty,2024-10-10,2024,10,1,clear,49.9,42.0,0.0,0.0,0.0,0.0,7.2,11.35,0,0,0
atlantic-baum-liberty,2024-10-11,2024,10,0,clear,52.6,40.6,0.0,0.0,0.0,0.0,7.5,11.3,0,0,0
atlantic-baum-liberty,2024-10-12,2024,10,53,rain,58.7,50.0,0.031,0.031,0.0,2.0,7.1,11.26,1,0,0
atlantic-baum-liberty,2024-10-13,2024,10,51,rain,64.3,57.0,0.008,0.008,0.0,1.0,16.7,11.21,0,0,0
atlantic-baum-liberty,2024-10-14,2024,10,51,rain,50.0,43.3,0.028,0.028,0.0,3.0,19.8,11.17,1,0,0
atlantic-baum-liberty,2024-10-15,2024,10,53,rain,44.5,40.7,0.047,0.047,0.0,6.0,11.5,11.13,1,0,0
atlantic-baum-liberty,2024-10-16,2024,10,51,rain,44.8,38.9,0.02,0.02,0.0,4.0,11.4,11.09,1,0,0
atlantic-baum-liberty,2024-10-17,2024,10,3,cloud,47.9,39.9,0.0,0.0,0.0,0.0,7.3,11.04,0,0,0
atlantic-baum-liberty,2024-10-18,2024,10,0,clear,49.2,38.3,0.0,0.0,0.0,0.0,5.9,11.0,0,0,0
atlantic-baum-liberty,2024-10-19,2024,10,0,clear,51.2,36.3,0.0,0.0,0.0,0.0,5.3,10.96,0,0,0
atlantic-baum-liberty,2024-10-20,2024,10,0,clear,53.7,39.8,0.0,0.0,0.0,0.0,5.8,10.92,0,0,0
atlantic-baum-liberty,2024-10-21,2024,10,0,clear,57.6,45.0,0.0,0.0,0.0,0.0,6.0,10.88,0,0,0
atlantic-baum-liberty,2024-10-22,2024,10,3,cloud,60.1,46.3,0.0,0.0,0.0,0.0,6.4,10.83,0,0,0
atlantic-baum-liberty,2024-10-23,2024,10,61,rain,61.3,52.7,0.083,0.083,0.0,1.0,11.1,10.79,1,0,0
atlantic-baum-liberty,2024-10-24,2024,10,3,cloud,50.8,43.1,0.0,0.0,0.0,0.0,8.9,10.75,0,0,0
atlantic-baum-liberty,2024-10-25,2024,10,3,cloud,51.9,38.4,0.0,0.0,0.0,0.0,8.9,10.71,0,0,0
atlantic-baum-liberty,2024-10-26,2024,10,3,cloud,53.2,44.4,0.0,0.0,0.0,0.0,10.7,10.67,0,0,0
atlantic-baum-liberty,2024-10-27,2024,10,3,cloud,44.2,36.6,0.0,0.0,0.0,0.0,6.6,10.63,0,0,0
atlantic-baum-liberty,2024-10-28,2024,10,3,cloud,47.8,36.0,0.0,0.0,0.0,0.0,5.9,10.59,0,0,0
atlantic-baum-liberty,2024-10-29,2024,10,55,rain,59.2,46.9,0.043,0.043,0.0,2.0,10.8,10.55,1,0,0
atlantic-baum-liberty,2024-10-30,2024,10,3,cloud,63.7,54.7,0.0,0.0,0.0,0.0,10.6,10.51,0,0,0
atlantic-baum-liberty,2024-10-31,2024,10,51,rain,67.8,58.4,0.004,0.004,0.0,1.0,16.5,10.47,0,0,0
atlantic-baum-liberty,2024-11-01,2024,11,3,cloud,56.4,45.4,0.0,0.0,0.0,0.0,13.8,10.43,0,0,0
atlantic-baum-liberty,2024-11-02,2024,11,2,cloud,47.6,40.7,0.0,0.0,0.0,0.0,6.3,10.39,0,0,0
atlantic-baum-liberty,2024-11-03,2024,11,3,cloud,48.5,37.0,0.0,0.0,0.0,0.0,9.2,10.35,0,0,0
atlantic-baum-liberty,2024-11-04,2024,11,3,cloud,56.7,46.7,0.0,0.0,0.0,0.0,9.5,10.31,0,0,0
atlantic-baum-liberty,2024-11-05,2024,11,51,rain,65.8,55.8,0.004,0.004,0.0,1.0,15.5,10.27,0,0,0
atlantic-baum-liberty,2024-11-06,2024,11,51,rain,66.2,63.2,0.028,0.028,0.0,4.0,13.0,10.24,1,0,0
atlantic-baum-liberty,2024-11-07,2024,11,3,cloud,57.7,48.2,0.0,0.0,0.0,0.0,7.4,10.2,0,0,0
atlantic-baum-liberty,2024-11-08,2024,11,1,clear,50.6,41.4,0.0,0.0,0.0,0.0,13.1,10.16,0,0,0
atlantic-baum-liberty,2024-11-09,2024,11,3,cloud,46.6,38.1,0.0,0.0,0.0,0.0,7.7,10.13,0,0,0
atlantic-baum-liberty,2024-11-10,2024,11,63,rain,52.0,46.6,0.941,0.941,0.0,14.0,13.1,10.09,1,0,0
atlantic-baum-liberty,2024-11-11,2024,11,55,rain,55.5,46.9,0.126,0.126,0.0,5.0,14.9,10.06,1,0,0
atlantic-baum-liberty,2024-11-12,2024,11,51,rain,45.3,38.3,0.004,0.004,0.0,1.0,10.8,10.02,0,0,0
atlantic-baum-liberty,2024-11-13,2024,11,3,cloud,41.3,31.8,0.0,0.0,0.0,0.0,9.0,9.99,0,0,1
atlantic-baum-liberty,2024-11-14,2024,11,61,rain,42.2,40.0,0.449,0.449,0.0,13.0,10.0,9.96,1,0,0
atlantic-baum-liberty,2024-11-15,2024,11,51,rain,47.8,43.9,0.012,0.012,0.0,3.0,8.5,9.92,1,0,0
atlantic-baum-liberty,2024-11-16,2024,11,3,cloud,47.5,44.0,0.0,0.0,0.0,0.0,9.2,9.89,0,0,0
atlantic-baum-liberty,2024-11-17,2024,11,3,cloud,44.5,36.9,0.0,0.0,0.0,0.0,5.7,9.86,0,0,0
atlantic-baum-liberty,2024-11-18,2024,11,3,cloud,53.4,46.1,0.0,0.0,0.0,0.0,6.6,9.83,0,0,0
atlantic-baum-liberty,2024-11-19,2024,11,51,rain,56.0,48.4,0.016,0.016,0.0,2.0,6.5,9.8,1,0,0
atlantic-baum-liberty,2024-11-20,2024,11,65,rain,54.5,40.6,0.634,0.634,0.0,11.0,16.3,9.77,1,0,0
atlantic-baum-liberty,2024-11-21,2024,11,73,snow,37.1,31.6,0.11,0.083,0.193,14.0,9.5,9.74,1,1,1
atlantic-baum-liberty,2024-11-22,2024,11,73,snow,35.8,31.9,0.469,0.374,0.661,17.0,17.4,9.71,1,1,1
atlantic-baum-liberty,2024-11-23,2024,11,53,rain,42.8,40.5,0.232,0.232,0.0,14.0,12.6,9.68,1,0,0
atlantic-baum-liberty,2024-11-24,2024,11,3,cloud,41.3,36.3,0.0,0.0,0.0,0.0,9.8,9.65,0,0,0
atlantic-baum-liberty,2024-11-25,2024,11,53,rain,42.4,34.7,0.079,0.079,0.0,5.0,6.2,9.63,1,0,0
atlantic-baum-liberty,2024-11-26,2024,11,63,rain,45.3,37.4,0.354,0.354,0.0,10.0,12.7,9.6,1,0,0
atlantic-baum-liberty,2024-11-27,2024,11,53,rain,38.9,33.3,0.024,0.024,0.0,2.0,6.5,9.58,1,0,0
atlantic-baum-liberty,2024-11-28,2024,11,61,rain,38.9,34.8,0.394,0.394,0.0,20.0,12.1,9.55,1,0,0
atlantic-baum-liberty,2024-11-29,2024,11,73,snow,30.9,25.9,0.024,0.0,0.165,3.0,12.9,9.53,0,1,1
atlantic-baum-liberty,2024-11-30,2024,11,3,cloud,24.4,21.6,0.0,0.0,0.0,0.0,12.3,9.51,0,0,1
atlantic-baum-liberty,2024-12-01,2024,12,3,cloud,26.7,22.2,0.0,0.0,0.0,0.0,10.5,9.49,0,0,1
atlantic-baum-liberty,2024-12-02,2024,12,71,snow,27.2,23.5,0.008,0.0,0.055,1.0,8.5,9.47,0,0,1
atlantic-baum-liberty,2024-12-03,2024,12,3,cloud,27.4,22.6,0.0,0.0,0.0,0.0,9.6,9.45,0,0,1
atlantic-baum-liberty,2024-12-04,2024,12,51,rain,30.0,22.6,0.024,0.024,0.0,4.0,14.4,9.43,1,0,1
atlantic-baum-liberty,2024-12-05,2024,12,73,snow,27.3,22.2,0.114,0.059,0.386,9.0,19.9,9.42,1,1,1
atlantic-baum-liberty,2024-12-06,2024,12,71,snow,26.1,21.6,0.004,0.0,0.028,1.0,11.5,9.4,0,0,1
atlantic-baum-liberty,2024-12-07,2024,12,3,cloud,30.3,25.1,0.0,0.0,0.0,0.0,12.4,9.38,0,0,1
atlantic-baum-liberty,2024-12-08,2024,12,3,cloud,42.2,37.0,0.0,0.0,0.0,0.0,14.4,9.37,0,0,0
atlantic-baum-liberty,2024-12-09,2024,12,63,rain,47.5,39.4,0.469,0.469,0.0,12.0,13.1,9.35,1,0,0
atlantic-baum-liberty,2024-12-10,2024,12,61,rain,49.9,43.5,0.236,0.236,0.0,9.0,9.6,9.34,1,0,0
atlantic-baum-liberty,2024-12-11,2024,12,73,snow,38.6,28.9,0.205,0.13,0.524,12.0,14.1,9.33,1,1,1
atlantic-baum-liberty,2024-12-12,2024,12,71,snow,22.8,19.9,0.004,0.0,0.028,1.0,16.1,9.32,0,0,1
atlantic-baum-liberty,2024-12-13,2024,12,71,snow,22.4,20.1,0.043,0.0,0.331,9.0,6.0,9.31,0,1,1
atlantic-baum-liberty,2024-12-14,2024,12,3,cloud,26.6,19.1,0.0,0.0,0.0,0.0,7.5,9.3,0,0,1
atlantic-baum-liberty,2024-12-15,2024,12,61,rain,33.9,29.2,0.307,0.307,0.0,13.0,9.5,9.3,1,0,1
atlantic-baum-liberty,2024-12-16,2024,12,61,rain,43.6,34.3,0.346,0.346,0.0,10.0,14.0,9.29,1,0,0
atlantic-baum-liberty,2024-12-17,2024,12,53,rain,46.0,39.6,0.039,0.039,0.0,3.0,16.0,9.29,1,0,0
atlantic-baum-liberty,2024-12-18,2024,12,71,snow,34.9,32.1,0.28,0.264,0.11,8.0,8.1,9.28,1,1,0
atlantic-baum-liberty,2024-12-19,2024,12,51,rain,33.6,30.5,0.004,0.004,0.0,1.0,8.3,9.28,0,0,1
atlantic-baum-liberty,2024-12-20,2024,12,73,snow,33.1,31.0,0.075,0.0,0.524,7.0,8.2,9.28,0,1,1
atlantic-baum-liberty,2024-12-21,2024,12,71,snow,26.1,23.3,0.035,0.0,0.248,8.0,11.2,9.28,0,1,1
atlantic-baum-liberty,2024-12-22,2024,12,71,snow,22.1,19.6,0.004,0.0,0.028,1.0,7.8,9.28,0,0,1
atlantic-baum-liberty,2024-12-23,2024,12,3,cloud,29.0,18.5,0.0,0.0,0.0,0.0,10.1,9.28,0,0,1
atlantic-baum-liberty,2024-12-24,2024,12,73,snow,35.6,33.4,0.094,0.024,0.496,7.0,7.9,9.29,1,1,0
atlantic-baum-liberty,2024-12-25,2024,12,3,cloud,34.5,31.5,0.0,0.0,0.0,0.0,4.2,9.29,0,0,1
atlantic-baum-liberty,2024-12-26,2024,12,3,cloud,37.9,33.4,0.0,0.0,0.0,0.0,6.5,9.3,0,0,0
atlantic-baum-liberty,2024-12-27,2024,12,51,rain,40.1,31.4,0.02,0.02,0.0,2.0,9.5,9.3,1,0,1
atlantic-baum-liberty,2024-12-28,2024,12,53,rain,52.2,47.3,0.047,0.047,0.0,7.0,10.5,9.31,1,0,0
atlantic-baum-liberty,2024-12-29,2024,12,61,rain,55.5,46.5,0.098,0.098,0.0,6.0,19.6,9.32,1,0,0
atlantic-baum-liberty,2024-12-30,2024,12,53,rain,43.7,39.5,0.075,0.075,0.0,6.0,16.1,9.33,1,0,0
atlantic-baum-liberty,2024-12-31,2024,12,73,snow,41.8,33.8,0.256,0.232,0.165,11.0,9.7,9.34,1,1,0
atlantic-baum-liberty,2025-01-01,2025,1,73,snow,35.6,29.1,0.114,0.075,0.276,14.0,15.7,9.35,1,1,1
atlantic-baum-liberty,2025-01-02,2025,1,3,cloud,28.3,26.1,0.0,0.0,0.0,0.0,14.8,9.36,0,0,1
atlantic-baum-liberty,2025-01-03,2025,1,73,snow,26.2,21.1,0.185,0.0,1.295,13.0,13.1,9.38,0,1,1
atlantic-baum-liberty,2025-01-04,2025,1,71,snow,20.4,16.9,0.024,0.0,0.165,6.0,15.1,9.39,0,1,1
atlantic-baum-liberty,2025-01-05,2025,1,3,cloud,16.8,10.7,0.0,0.0,0.0,0.0,9.1,9.41,0,0,1
atlantic-baum-liberty,2025-01-06,2025,1,73,snow,22.0,19.4,0.22,0.0,1.543,17.0,11.7,9.42,0,1,1
atlantic-baum-liberty,2025-01-07,2025,1,71,snow,21.1,16.2,0.012,0.004,0.055,3.0,12.9,9.44,0,0,1
atlantic-baum-liberty,2025-01-08,2025,1,71,snow,20.0,17.1,0.039,0.0,0.276,8.0,11.1,9.46,0,1,1
atlantic-baum-liberty,2025-01-09,2025,1,71,snow,16.2,8.4,0.012,0.0,0.083,3.0,10.7,9.48,0,0,1
atlantic-baum-liberty,2025-01-10,2025,1,73,snow,11.4,0.9,0.051,0.0,0.358,5.0,3.8,9.5,0,1,1
atlantic-baum-liberty,2025-01-11,2025,1,73,snow,22.7,18.9,0.134,0.004,0.909,18.0,9.6,9.52,0,1,1
atlantic-baum-liberty,2025-01-12,2025,1,3,cloud,24.6,15.8,0.0,0.0,0.0,0.0,7.8,9.54,0,0,1
atlantic-baum-liberty,2025-01-13,2025,1,3,cloud,28.8,18.4,0.0,0.0,0.0,0.0,12.6,9.57,0,0,1
atlantic-baum-liberty,2025-01-14,2025,1,73,snow,13.4,5.1,0.067,0.0,0.469,7.0,11.7,9.59,0,1,1
atlantic-baum-liberty,2025-01-15,2025,1,3,cloud,12.9,7.6,0.0,0.0,0.0,0.0,9.0,9.62,0,0,1
atlantic-baum-liberty,2025-01-16,2025,1,73,snow,20.4,9.1,0.126,0.0,0.882,13.0,10.7,9.65,0,1,1
atlantic-baum-liberty,2025-01-17,2025,1,71,snow,29.6,26.0,0.016,0.0,0.11,4.0,9.0,9.67,0,1,1
atlantic-baum-liberty,2025-01-18,2025,1,73,snow,33.7,28.4,0.146,0.114,0.22,12.0,10.5,9.7,1,1,1
atlantic-baum-liberty,2025-01-19,2025,1,73,snow,22.6,19.8,0.146,0.0,1.02,15.0,9.7,9.73,0,1,1
atlantic-baum-liberty,2025-01-20,2025,1,71,snow,10.1,2.5,0.039,0.0,0.276,7.0,10.5,9.76,0,1,1
atlantic-baum-liberty,2025-01-21,2025,1,71,snow,2.5,-7.2,0.004,0.0,0.028,1.0,8.4,9.79,0,0,1
atlantic-baum-liberty,2025-01-22,2025,1,3,cloud,-1.5,-15.0,0.0,0.0,0.0,0.0,5.9,9.82,0,0,1
atlantic-baum-liberty,2025-01-23,2025,1,71,snow,14.9,2.7,0.004,0.0,0.028,1.0,10.4,9.85,0,0,1
atlantic-baum-liberty,2025-01-24,2025,1,73,snow,17.9,10.1,0.02,0.0,0.138,2.0,7.2,9.88,0,1,1
atlantic-baum-liberty,2025-01-25,2025,1,3,cloud,18.9,2.3,0.0,0.0,0.0,0.0,13.2,9.91,0,0,1
atlantic-baum-liberty,2025-01-26,2025,1,3,cloud,29.3,22.1,0.0,0.0,0.0,0.0,12.4,9.95,0,0,1
atlantic-baum-liberty,2025-01-27,2025,1,3,cloud,23.7,11.8,0.0,0.0,0.0,0.0,14.0,9.98,0,0,1
atlantic-baum-liberty,2025-01-28,2025,1,73,snow,32.1,28.0,0.02,0.0,0.138,2.0,14.7,10.01,0,1,1
atlantic-baum-liberty,2025-01-29,2025,1,71,snow,36.2,31.7,0.008,0.004,0.028,2.0,16.6,10.05,0,0,1
atlantic-baum-liberty,2025-01-30,2025,1,3,cloud,32.9,20.4,0.0,0.0,0.0,0.0,8.6,10.08,0,0,1
atlantic-baum-liberty,2025-01-31,2025,1,63,rain,42.2,36.1,0.815,0.815,0.0,24.0,13.8,10.12,1,0,0
atlantic-baum-liberty,2025-02-01,2025,2,3,cloud,28.6,22.8,0.0,0.0,0.0,0.0,11.1,10.15,0,0,1
atlantic-baum-liberty,2025-02-02,2025,2,55,rain,32.5,22.5,0.114,0.114,0.0,6.0,10.3,10.19,1,0,1
atlantic-baum-liberty,2025-02-03,2025,2,3,cloud,44.5,31.2,0.0,0.0,0.0,0.0,10.7,10.23,0,0,1
atlantic-baum-liberty,2025-02-04,2025,2,51,rain,35.5,26.4,0.004,0.004,0.0,1.0,11.1,10.27,0,0,1
atlantic-baum-liberty,2025-02-05,2025,2,71,snow,27.9,23.4,0.035,0.028,0.055,1.0,8.7,10.31,1,0,1
atlantic-baum-liberty,2025-02-06,2025,2,71,snow,38.8,31.4,0.555,0.551,0.028,12.0,11.2,10.34,1,0,1
atlantic-baum-liberty,2025-02-07,2025,2,3,cloud,30.5,25.7,0.0,0.0,0.0,0.0,12.4,10.38,0,0,1
atlantic-baum-liberty,2025-02-08,2025,2,63,rain,30.3,23.9,0.693,0.693,0.0,7.0,10.1,10.42,1,0,1
atlantic-baum-liberty,2025-02-09,2025,2,3,cloud,30.9,28.1,0.0,0.0,0.0,0.0,12.8,10.46,0,0,1
atlantic-baum-liberty,2025-02-10,2025,2,3,cloud,28.8,25.3,0.0,0.0,0.0,0.0,8.8,10.5,0,0,1
atlantic-baum-liberty,2025-02-11,2025,2,73,snow,29.5,25.8,0.079,0.0,0.551,11.0,5.6,10.54,0,1,1
atlantic-baum-liberty,2025-02-12,2025,2,73,snow,32.0,29.1,0.091,0.051,0.276,15.0,10.5,10.58,1,1,1
atlantic-baum-liberty,2025-02-13,2025,2,71,snow,35.4,28.1,0.154,0.15,0.028,10.0,15.1,10.63,1,0,1
atlantic-baum-liberty,2025-02-14,2025,2,3,cloud,24.6,17.8,0.0,0.0,0.0,0.0,13.5,10.67,0,0,1
atlantic-baum-liberty,2025-02-15,2025,2,75,snow,33.4,25.9,0.677,0.429,1.736,19.0,9.0,10.71,1,1,1
atlantic-baum-liberty,2025-02-16,2025,2,75,snow,34.1,26.4,1.079,0.937,0.992,23.0,15.8,10.75,1,1,1
atlantic-baum-liberty,2025-02-17,2025,2,71,snow,21.8,15.1,0.024,0.0,0.165,4.0,17.3,10.79,0,1,1
atlantic-baum-liberty,2025-02-18,2025,2,3,cloud,12.4,7.8,0.0,0.0,0.0,0.0,9.9,10.83,0,0,1
atlantic-baum-liberty,2025-02-19,2025,2,3,cloud,15.1,10.5,0.0,0.0,0.0,0.0,6.7,10.87,0,0,1
atlantic-baum-liberty,2025-02-20,2025,2,71,snow,16.3,11.7,0.075,0.0,0.524,14.0,13.6,10.92,0,1,1
atlantic-baum-liberty,2025-02-21,2025,2,3,cloud,20.8,16.4,0.0,0.0,0.0,0.0,11.8,10.96,0,0,1
atlantic-baum-liberty,2025-02-22,2025,2,3,cloud,24.3,14.3,0.0,0.0,0.0,0.0,7.2,11.0,0,0,1
atlantic-baum-liberty,2025-02-23,2025,2,3,cloud,30.7,21.3,0.0,0.0,0.0,0.0,7.5,11.05,0,0,1
atlantic-baum-liberty,2025-02-24,2025,2,3,cloud,38.6,28.0,0.0,0.0,0.0,0.0,12.6,11.09,0,0,1
atlantic-baum-liberty,2025-02-25,2025,2,61,rain,42.6,36.1,0.142,0.142,0.0,7.0,9.7,11.13,1,0,0
atlantic-baum-liberty,2025-02-26,2025,2,61,rain,39.0,29.6,0.13,0.13,0.0,5.0,9.1,11.18,1,0,1
atlantic-baum-liberty,2025-02-27,2025,2,73,snow,41.6,35.2,0.421,0.409,0.083,12.0,14.7,11.22,1,0,0
atlantic-baum-liberty,2025-02-28,2025,2,73,snow,40.0,32.5,0.024,0.004,0.138,3.0,13.2,11.27,0,1,0
atlantic-baum-liberty,2025-03-01,2025,3,73,snow,32.8,20.6,0.063,0.039,0.165,6.0,14.1,11.31,1,1,1
atlantic-baum-liberty,2025-03-02,2025,3,3,cloud,23.3,17.5,0.0,0.0,0.0,0.0,11.0,11.36,0,0,1
atlantic-baum-liberty,2025-03-03,2025,3,3,cloud,29.1,20.0,0.0,0.0,0.0,0.0,5.0,11.4,0,0,1
atlantic-baum-liberty,2025-03-04,2025,3,3,cloud,46.7,33.6,0.0,0.0,0.0,0.0,11.0,11.44,0,0,0
atlantic-baum-liberty,2025-03-05,2025,3,63,rain,51.3,39.4,0.823,0.823,0.0,14.0,14.7,11.49,1,0,0
atlantic-baum-liberty,2025-03-06,2025,3,73,snow,33.3,31.2,0.024,0.0,0.165,4.0,18.4,11.53,0,1,1
atlantic-baum-liberty,2025-03-07,2025,3,71,snow,34.3,25.9,0.035,0.02,0.11,6.0,11.9,11.58,1,1,1
atlantic-baum-liberty,2025-03-08,2025,3,71,snow,31.8,28.3,0.008,0.0,0.055,2.0,10.8,11.62,0,0,1
atlantic-baum-liberty,2025-03-09,2025,3,3,cloud,39.1,27.6,0.0,0.0,0.0,0.0,10.0,11.66,0,0,1
atlantic-baum-liberty,2025-03-10,2025,3,0,clear,46.3,33.3,0.0,0.0,0.0,0.0,7.4,11.71,0,0,0
atlantic-baum-liberty,2025-03-11,2025,3,3,cloud,50.9,39.6,0.0,0.0,0.0,0.0,11.4,11.75,0,0,0
atlantic-baum-liberty,2025-03-12,2025,3,3,cloud,47.9,31.5,0.0,0.0,0.0,0.0,7.6,11.8,0,0,1
atlantic-baum-liberty,2025-03-13,2025,3,3,cloud,51.1,35.8,0.0,0.0,0.0,0.0,7.3,11.84,0,0,0
atlantic-baum-liberty,2025-03-14,2025,3,3,cloud,55.6,40.1,0.0,0.0,0.0,0.0,11.6,11.89,0,0,0
atlantic-baum-liberty,2025-03-15,2025,3,53,rain,60.1,49.6,0.028,0.028,0.0,2.0,13.0,11.93,1,0,0
atlantic-baum-liberty,2025-03-16,2025,3,63,rain,59.7,49.3,0.496,0.496,0.0,13.0,16.5,11.98,1,0,0
atlantic-baum-liberty,2025-03-17,2025,3,51,rain,39.0,34.0,0.012,0.012,0.0,3.0,10.5,12.02,1,0,0
atlantic-baum-liberty,2025-03-18,2025,3,2,cloud,45.7,31.4,0.0,0.0,0.0,0.0,9.5,12.07,0,0,1
atlantic-baum-liberty,2025-03-19,2025,3,3,cloud,59.5,46.4,0.0,0.0,0.0,0.0,12.9,12.11,0,0,0
atlantic-baum-liberty,2025-03-20,2025,3,61,rain,51.8,36.1,0.185,0.185,0.0,6.0,15.6,12.16,1,0,0
atlantic-baum-liberty,2025-03-21,2025,3,3,cloud,40.4,31.7,0.0,0.0,0.0,0.0,15.1,12.21,0,0,1
atlantic-baum-liberty,2025-03-22,2025,3,73,snow,43.3,33.9,0.091,0.071,0.138,6.0,16.2,12.25,1,1,0
atlantic-baum-liberty,2025-03-23,2025,3,63,rain,36.3,25.9,0.213,0.213,0.0,3.0,12.3,12.3,1,0,1
atlantic-baum-liberty,2025-03-24,2025,3,61,rain,47.3,42.3,0.189,0.189,0.0,4.0,18.9,12.34,1,0,0
atlantic-baum-liberty,2025-03-25,2025,3,3,cloud,41.2,32.0,0.0,0.0,0.0,0.0,13.5,12.38,0,0,1
atlantic-baum-liberty,2025-03-26,2025,3,71,snow,35.6,30.7,0.004,0.0,0.028,1.0,12.5,12.43,0,0,1
atlantic-baum-liberty,2025-03-27,2025,3,3,cloud,41.3,27.8,0.0,0.0,0.0,0.0,10.9,12.47,0,0,1
atlantic-baum-liberty,2025-03-28,2025,3,61,rain,53.3,43.7,0.161,0.161,0.0,7.0,12.7,12.52,1,0,0
atlantic-baum-liberty,2025-03-29,2025,3,3,cloud,65.4,59.6,0.0,0.0,0.0,0.0,12.5,12.56,0,0,0
atlantic-baum-liberty,2025-03-30,2025,3,55,rain,63.0,58.6,0.154,0.154,0.0,5.0,13.8,12.61,1,0,0
atlantic-baum-liberty,2025-03-31,2025,3,55,rain,56.2,40.6,0.134,0.134,0.0,8.0,14.0,12.65,1,0,0
atlantic-baum-liberty,2025-04-01,2025,4,3,cloud,39.3,33.5,0.0,0.0,0.0,0.0,11.5,12.69,0,0,0
atlantic-baum-liberty,2025-04-02,2025,4,63,rain,49.5,36.2,0.24,0.24,0.0,3.0,14.0,12.74,1,0,0
atlantic-baum-liberty,2025-04-03,2025,4,63,rain,64.9,56.1,0.642,0.642,0.0,10.0,18.2,12.78,1,0,0
atlantic-baum-liberty,2025-04-04,2025,4,63,rain,53.8,49.6,0.811,0.811,0.0,10.0,8.1,12.83,1,0,0
atlantic-baum-liberty,2025-04-05,2025,4,63,rain,61.2,52.3,0.783,0.783,0.0,17.0,12.9,12.87,1,0,0
atlantic-baum-liberty,2025-04-06,2025,4,63,rain,42.7,37.9,0.472,0.472,0.0,22.0,10.4,12.92,1,0,0
atlantic-baum-liberty,2025-04-07,2025,4,55,rain,41.1,32.8,0.197,0.197,0.0,8.0,13.9,12.96,1,0,0
atlantic-baum-liberty,2025-04-08,2025,4,71,snow,31.0,27.0,0.004,0.0,0.028,1.0,13.8,13.0,0,0,1
atlantic-baum-liberty,2025-04-09,2025,4,51,rain,37.6,28.1,0.008,0.008,0.0,1.0,4.2,13.05,0,0,1
atlantic-baum-liberty,2025-04-10,2025,4,55,rain,44.4,38.0,0.335,0.335,0.0,21.0,8.5,13.09,1,0,0
atlantic-baum-liberty,2025-04-11,2025,4,3,cloud,43.0,38.1,0.0,0.0,0.0,0.0,8.6,13.14,0,0,0
atlantic-baum-liberty,2025-04-12,2025,4,51,rain,42.1,37.7,0.012,0.012,0.0,3.0,8.6,13.18,1,0,0
atlantic-baum-liberty,2025-04-13,2025,4,3,cloud,46.2,33.5,0.0,0.0,0.0,0.0,5.2,13.22,0,0,0
atlantic-baum-liberty,2025-04-14,2025,4,3,cloud,58.9,46.9,0.0,0.0,0.0,0.0,10.9,13.26,0,0,0
atlantic-baum-liberty,2025-04-15,2025,4,71,snow,49.3,40.2,0.22,0.217,0.028,13.0,20.3,13.31,1,0,0
atlantic-baum-liberty,2025-04-16,2025,4,51,rain,42.3,37.9,0.012,0.012,0.0,3.0,13.9,13.35,1,0,0
atlantic-baum-liberty,2025-04-17,2025,4,3,cloud,45.4,31.9,0.0,0.0,0.0,0.0,4.5,13.39,0,0,1
atlantic-baum-liberty,2025-04-18,2025,4,3,cloud,62.2,45.2,0.0,0.0,0.0,0.0,14.0,13.43,0,0,0
atlantic-baum-liberty,2025-04-19,2025,4,51,rain,69.9,62.5,0.035,0.035,0.0,7.0,17.0,13.47,1,0,0
atlantic-baum-liberty,2025-04-20,2025,4,3,cloud,57.2,48.9,0.0,0.0,0.0,0.0,8.8,13.51,0,0,0
atlantic-baum-liberty,2025-04-21,2025,4,61,rain,65.0,56.3,0.154,0.154,0.0,6.0,15.1,13.55,1,0,0
atlantic-baum-liberty,2025-04-22,2025,4,53,rain,57.4,48.2,0.024,0.024,0.0,2.0,9.3,13.6,1,0,0
atlantic-baum-liberty,2025-04-23,2025,4,3,cloud,60.0,45.2,0.0,0.0,0.0,0.0,5.9,13.64,0,0,0
atlantic-baum-liberty,2025-04-24,2025,4,3,cloud,66.9,54.5,0.0,0.0,0.0,0.0,8.8,13.68,0,0,0
atlantic-baum-liberty,2025-04-25,2025,4,61,rain,63.9,59.9,0.748,0.748,0.0,15.0,10.6,13.72,1,0,0
atlantic-baum-liberty,2025-04-26,2025,4,63,rain,55.8,44.2,0.559,0.559,0.0,10.0,14.5,13.76,1,0,0
atlantic-baum-liberty,2025-04-27,2025,4,0,clear,49.4,39.1,0.0,0.0,0.0,0.0,10.6,13.8,0,0,0
atlantic-baum-liberty,2025-04-28,2025,4,3,cloud,57.5,41.7,0.0,0.0,0.0,0.0,6.3,13.84,0,0,0
atlantic-baum-liberty,2025-04-29,2025,4,51,rain,68.1,58.3,0.031,0.031,0.0,3.0,14.8,13.88,1,0,0
atlantic-baum-liberty,2025-04-30,2025,4,53,rain,58.7,45.3,0.067,0.067,0.0,3.0,10.7,13.92,1,0,0
atlantic-baum-liberty,2025-05-01,2025,5,65,rain,64.4,53.4,0.563,0.563,0.0,7.0,12.9,13.95,1,0,0
atlantic-baum-liberty,2025-05-02,2025,5,61,rain,65.2,59.1,0.228,0.228,0.0,10.0,12.9,13.99,1,0,0
atlantic-baum-liberty,2025-05-03,2025,5,61,rain,62.0,59.5,0.374,0.374,0.0,19.0,12.6,14.03,1,0,0
atlantic-baum-liberty,2025-05-04,2025,5,63,rain,61.8,57.3,1.126,1.126,0.0,16.0,7.3,14.07,1,0,0
atlantic-baum-liberty,2025-05-05,2025,5,63,rain,60.4,52.7,0.303,0.303,0.0,7.0,8.1,14.1,1,0,0
atlantic-baum-liberty,2025-05-06,2025,5,55,rain,55.2,50.5,0.217,0.217,0.0,16.0,10.7,14.14,1,0,0
atlantic-baum-liberty,2025-05-07,2025,5,51,rain,59.6,52.3,0.035,0.035,0.0,9.0,6.3,14.17,1,0,0
atlantic-baum-liberty,2025-05-08,2025,5,3,cloud,59.4,51.8,0.0,0.0,0.0,0.0,10.3,14.21,0,0,0
atlantic-baum-liberty,2025-05-09,2025,5,51,rain,51.4,46.8,0.016,0.016,0.0,2.0,11.0,14.24,1,0,0
atlantic-baum-liberty,2025-05-10,2025,5,3,cloud,56.8,42.2,0.0,0.0,0.0,0.0,6.4,14.28,0,0,0
atlantic-baum-liberty,2025-05-11,2025,5,3,cloud,62.9,49.6,0.0,0.0,0.0,0.0,6.1,14.31,0,0,0
atlantic-baum-liberty,2025-05-12,2025,5,53,rain,66.3,55.5,0.063,0.063,0.0,5.0,9.4,14.34,1,0,0
atlantic-baum-liberty,2025-05-13,2025,5,63,rain,64.0,61.3,0.752,0.752,0.0,21.0,10.9,14.38,1,0,0
atlantic-baum-liberty,2025-05-14,2025,5,51,rain,65.8,59.0,0.047,0.047,0.0,7.0,8.4,14.41,1,0,0
atlantic-baum-liberty,2025-05-15,2025,5,51,rain,68.7,57.0,0.004,0.004,0.0,1.0,5.2,14.44,0,0,0
atlantic-baum-liberty,2025-05-16,2025,5,63,rain,70.3,64.0,0.484,0.484,0.0,13.0,14.7,14.47,1,0,0
atlantic-baum-liberty,2025-05-17,2025,5,61,rain,67.0,60.1,0.146,0.146,0.0,9.0,19.2,14.5,1,0,0
atlantic-baum-liberty,2025-05-18,2025,5,51,rain,61.5,54.8,0.004,0.004,0.0,1.0,13.8,14.53,0,0,0
atlantic-baum-liberty,2025-05-19,2025,5,3,cloud,56.5,49.0,0.0,0.0,0.0,0.0,10.8,14.56,0,0,0
atlantic-baum-liberty,2025-05-20,2025,5,53,rain,55.3,46.0,0.087,0.087,0.0,3.0,9.6,14.59,1,0,0
atlantic-baum-liberty,2025-05-21,2025,5,65,rain,59.9,54.2,0.945,0.945,0.0,19.0,14.4,14.62,1,0,0
atlantic-baum-liberty,2025-05-22,2025,5,55,rain,52.3,50.0,0.433,0.433,0.0,22.0,12.4,14.65,1,0,0
atlantic-baum-liberty,2025-05-23,2025,5,51,rain,51.4,47.7,0.11,0.11,0.0,16.0,14.3,14.67,1,0,0
atlantic-baum-liberty,2025-05-24,2025,5,51,rain,52.6,44.5,0.024,0.024,0.0,5.0,12.1,14.7,1,0,0
atlantic-baum-liberty,2025-05-25,2025,5,3,cloud,54.4,44.6,0.0,0.0,0.0,0.0,8.9,14.72,0,0,0
atlantic-baum-liberty,2025-05-26,2025,5,3,cloud,56.6,44.6,0.0,0.0,0.0,0.0,7.8,14.75,0,0,0
atlantic-baum-liberty,2025-05-27,2025,5,61,rain,57.2,51.0,0.169,0.169,0.0,8.0,10.9,14.77,1,0,0
atlantic-baum-liberty,2025-05-28,2025,5,63,rain,55.8,50.7,0.598,0.598,0.0,21.0,11.6,14.79,1,0,0
atlantic-baum-liberty,2025-05-29,2025,5,51,rain,62.2,54.2,0.028,0.028,0.0,6.0,8.6,14.82,1,0,0
atlantic-baum-liberty,2025-05-30,2025,5,63,rain,58.3,53.4,0.724,0.724,0.0,12.0,13.8,14.84,1,0,0
atlantic-baum-liberty,2025-05-31,2025,5,53,rain,53.4,48.3,0.106,0.106,0.0,10.0,15.0,14.86,1,0,0
atlantic-baum-liberty,2025-06-01,2025,6,3,cloud,54.2,44.7,0.0,0.0,0.0,0.0,10.2,14.88,0,0,0
atlantic-baum-liberty,2025-06-02,2025,6,2,cloud,59.1,45.8,0.0,0.0,0.0,0.0,7.2,14.89,0,0,0
atlantic-baum-liberty,2025-06-03,2025,6,3,cloud,65.5,51.3,0.0,0.0,0.0,0.0,6.8,14.91,0,0,0
atlantic-baum-liberty,2025-06-04,2025,6,3,cloud,73.3,62.5,0.0,0.0,0.0,0.0,9.2,14.93,0,0,0
atlantic-baum-liberty,2025-06-05,2025,6,63,rain,72.0,64.9,0.531,0.531,0.0,9.0,6.7,14.94,1,0,0
atlantic-baum-liberty,2025-06-06,2025,6,65,rain,69.6,63.2,0.811,0.811,0.0,13.0,8.4,14.96,1,0,0
atlantic-baum-liberty,2025-06-07,2025,6,51,rain,69.9,64.0,0.071,0.071,0.0,9.0,6.8,14.97,1,0,0
atlantic-baum-liberty,2025-06-08,2025,6,63,rain,66.4,62.4,0.772,0.772,0.0,12.0,9.2,14.99,1,0,0
atlantic-baum-liberty,2025-06-09,2025,6,63,rain,67.4,60.6,0.413,0.413,0.0,11.0,11.0,15.0,1,0,0
atlantic-baum-liberty,2025-06-10,2025,6,63,rain,66.8,61.5,0.343,0.343,0.0,6.0,10.9,15.01,1,0,0
atlantic-baum-liberty,2025-06-11,2025,6,3,cloud,69.0,57.8,0.0,0.0,0.0,0.0,8.4,15.02,0,0,0
atlantic-baum-liberty,2025-06-12,2025,6,3,cloud,74.2,62.9,0.0,0.0,0.0,0.0,6.4,15.03,0,0,0
atlantic-baum-liberty,2025-06-13,2025,6,63,rain,72.7,66.0,0.331,0.331,0.0,4.0,6.9,15.04,1,0,0
atlantic-baum-liberty,2025-06-14,2025,6,61,rain,70.5,66.9,0.634,0.634,0.0,21.0,7.1,15.04,1,0,0
atlantic-baum-liberty,2025-06-15,2025,6,65,rain,69.8,64.8,0.705,0.705,0.0,13.0,7.8,15.05,1,0,0
atlantic-baum-liberty,2025-06-16,2025,6,53,rain,69.4,63.0,0.055,0.055,0.0,6.0,7.0,15.05,1,0,0
atlantic-baum-liberty,2025-06-17,2025,6,65,rain,71.2,66.6,0.913,0.913,0.0,12.0,8.6,15.06,1,0,0
atlantic-baum-liberty,2025-06-18,2025,6,63,rain,73.1,68.6,0.37,0.37,0.0,13.0,9.8,15.06,1,0,0
atlantic-baum-liberty,2025-06-19,2025,6,65,rain,69.8,61.5,0.756,0.756,0.0,15.0,18.4,15.06,1,0,0
atlantic-baum-liberty,2025-06-20,2025,6,53,rain,68.7,60.4,0.063,0.063,0.0,7.0,10.6,15.06,1,0,0
atlantic-baum-liberty,2025-06-21,2025,6,3,cloud,75.3,64.8,0.0,0.0,0.0,0.0,8.3,15.06,0,0,0
atlantic-baum-liberty,2025-06-22,2025,6,3,cloud,80.6,70.6,0.0,0.0,0.0,0.0,8.8,15.06,0,0,0
atlantic-baum-liberty,2025-06-23,2025,6,1,clear,83.2,73.7,0.0,0.0,0.0,0.0,6.9,15.06,0,0,0
atlantic-baum-liberty,2025-06-24,2025,6,2,cloud,84.2,73.3,0.0,0.0,0.0,0.0,5.8,15.06,0,0,0
atlantic-baum-liberty,2025-06-25,2025,6,63,rain,80.6,73.9,0.228,0.228,0.0,7.0,9.6,15.05,1,0,0
atlantic-baum-liberty,2025-06-26,2025,6,51,rain,79.9,71.9,0.024,0.024,0.0,5.0,8.2,15.05,1,0,0
atlantic-baum-liberty,2025-06-27,2025,6,65,rain,76.0,71.2,0.791,0.791,0.0,13.0,8.4,15.04,1,0,0
atlantic-baum-liberty,2025-06-28,2025,6,61,rain,76.7,71.0,0.169,0.169,0.0,11.0,8.4,15.03,1,0,0
atlantic-baum-liberty,2025-06-29,2025,6,51,rain,78.2,70.1,0.012,0.012,0.0,3.0,4.6,15.03,1,0,0
atlantic-baum-liberty,2025-06-30,2025,6,63,rain,76.8,72.4,0.748,0.748,0.0,11.0,9.2,15.02,1,0,0
atlantic-baum-liberty,2025-07-01,2025,7,53,rain,74.1,70.3,0.11,0.11,0.0,9.0,7.7,15.01,1,0,0
atlantic-baum-liberty,2025-07-02,2025,7,51,rain,74.5,65.1,0.004,0.004,0.0,1.0,4.4,15.0,0,0,0
atlantic-baum-liberty,2025-07-03,2025,7,51,rain,74.4,66.6,0.012,0.012,0.0,1.0,9.9,14.98,1,0,0
atlantic-baum-liberty,2025-07-04,2025,7,2,cloud,73.6,62.4,0.0,0.0,0.0,0.0,3.7,14.97,0,0,0
atlantic-baum-liberty,2025-07-05,2025,7,51,rain,78.1,66.8,0.024,0.024,0.0,3.0,5.5,14.96,1,0,0
atlantic-baum-liberty,2025-07-06,2025,7,3,cloud,80.3,69.8,0.0,0.0,0.0,0.0,8.6,14.94,0,0,0
atlantic-baum-liberty,2025-07-07,2025,7,63,rain,78.2,71.9,0.571,0.571,0.0,7.0,8.6,14.93,1,0,0
atlantic-baum-liberty,2025-07-08,2025,7,65,rain,75.3,70.1,0.472,0.472,0.0,13.0,6.2,14.91,1,0,0
atlantic-baum-liberty,2025-07-09,2025,7,55,rain,73.2,68.4,0.075,0.075,0.0,4.0,4.1,14.89,1,0,0
atlantic-baum-liberty,2025-07-10,2025,7,53,rain,74.0,66.4,0.055,0.055,0.0,5.0,4.3,14.88,1,0,0
atlantic-baum-liberty,2025-07-11,2025,7,51,rain,76.9,67.6,0.02,0.02,0.0,4.0,4.2,14.86,1,0,0
atlantic-baum-liberty,2025-07-12,2025,7,55,rain,79.8,71.4,0.043,0.043,0.0,2.0,7.5,14.84,1,0,0
atlantic-baum-liberty,2025-07-13,2025,7,65,rain,76.9,71.4,0.705,0.705,0.0,10.0,10.3,14.82,1,0,0
atlantic-baum-liberty,2025-07-14,2025,7,61,rain,74.9,69.8,0.173,0.173,0.0,8.0,5.9,14.79,1,0,0
atlantic-baum-liberty,2025-07-15,2025,7,51,rain,78.0,70.6,0.008,0.008,0.0,2.0,5.2,14.77,0,0,0
atlantic-baum-liberty,2025-07-16,2025,7,63,rain,76.6,72.8,0.492,0.492,0.0,10.0,10.2,14.75,1,0,0
atlantic-baum-liberty,2025-07-17,2025,7,53,rain,77.6,70.5,0.067,0.067,0.0,7.0,15.0,14.72,1,0,0
atlantic-baum-liberty,2025-07-18,2025,7,61,rain,73.2,67.5,0.122,0.122,0.0,5.0,6.4,14.7,1,0,0
atlantic-baum-liberty,2025-07-19,2025,7,51,rain,77.1,69.6,0.043,0.043,0.0,9.0,5.1,14.67,1,0,0
atlantic-baum-liberty,2025-07-20,2025,7,63,rain,76.2,70.3,0.429,0.429,0.0,19.0,10.3,14.65,1,0,0
atlantic-baum-liberty,2025-07-21,2025,7,51,rain,72.0,63.1,0.004,0.004,0.0,1.0,7.3,14.62,0,0,0
atlantic-baum-liberty,2025-07-22,2025,7,3,cloud,70.4,59.5,0.0,0.0,0.0,0.0,6.3,14.59,0,0,0
atlantic-baum-liberty,2025-07-23,2025,7,51,rain,77.0,63.0,0.004,0.004,0.0,1.0,9.0,14.56,0,0,0
atlantic-baum-liberty,2025-07-24,2025,7,51,rain,82.5,72.4,0.012,0.012,0.0,2.0,7.9,14.53,1,0,0
atlantic-baum-liberty,2025-07-25,2025,7,61,rain,80.5,73.3,0.374,0.374,0.0,10.0,8.3,14.51,1,0,0
atlantic-baum-liberty,2025-07-26,2025,7,63,rain,79.5,72.4,0.28,0.28,0.0,7.0,10.6,14.48,1,0,0
atlantic-baum-liberty,2025-07-27,2025,7,63,rain,78.0,73.2,0.402,0.402,0.0,10.0,9.5,14.45,1,0,0
atlantic-baum-liberty,2025-07-28,2025,7,3,cloud,78.7,69.0,0.0,0.0,0.0,0.0,4.6,14.41,0,0,0
atlantic-baum-liberty,2025-07-29,2025,7,51,rain,80.0,73.6,0.028,0.028,0.0,5.0,4.6,14.38,1,0,0
atlantic-baum-liberty,2025-07-30,2025,7,51,rain,81.6,72.4,0.004,0.004,0.0,1.0,6.1,14.35,0,0,0
atlantic-baum-liberty,2025-07-31,2025,7,55,rain,74.7,65.4,0.114,0.114,0.0,9.0,10.5,14.32,1,0,0
atlantic-baum-liberty,2025-08-01,2025,8,3,cloud,69.4,61.6,0.0,0.0,0.0,0.0,9.4,14.28,0,0,0
atlantic-baum-liberty,2025-08-02,2025,8,3,cloud,69.4,60.1,0.0,0.0,0.0,0.0,8.0,14.25,0,0,0
atlantic-baum-liberty,2025-08-03,2025,8,2,cloud,70.9,58.7,0.0,0.0,0.0,0.0,5.5,14.21,0,0,0
atlantic-baum-liberty,2025-08-04,2025,8,3,cloud,73.3,61.3,0.0,0.0,0.0,0.0,6.6,14.18,0,0,0
atlantic-baum-liberty,2025-08-05,2025,8,3,cloud,75.4,66.7,0.0,0.0,0.0,0.0,7.4,14.14,0,0,0
atlantic-baum-liberty,2025-08-06,2025,8,3,cloud,75.3,68.4,0.0,0.0,0.0,0.0,9.3,14.11,0,0,0
atlantic-baum-liberty,2025-08-07,2025,8,3,cloud,74.3,63.7,0.0,0.0,0.0,0.0,10.0,14.07,0,0,0
atlantic-baum-liberty,2025-08-08,2025,8,51,rain,75.7,66.5,0.004,0.004,0.0,1.0,6.7,14.03,0,0,0
atlantic-baum-liberty,2025-08-09,2025,8,0,clear,77.4,67.2,0.0,0.0,0.0,0.0,7.0,14.0,0,0,0
atlantic-baum-liberty,2025-08-10,2025,8,3,cloud,79.4,68.9,0.0,0.0,0.0,0.0,7.8,13.96,0,0,0
atlantic-baum-liberty,2025-08-11,2025,8,51,rain,80.3,69.7,0.008,0.008,0.0,2.0,6.1,13.92,0,0,0
atlantic-baum-liberty,2025-08-12,2025,8,2,cloud,82.8,72.5,0.0,0.0,0.0,0.0,5.3,13.88,0,0,0
atlantic-baum-liberty,2025-08-13,2025,8,65,rain,75.7,71.9,0.85,0.85,0.0,16.0,9.3,13.85,1,0,0
atlantic-baum-liberty,2025-08-14,2025,8,51,rain,75.4,69.0,0.028,0.028,0.0,4.0,7.0,13.81,1,0,0
atlantic-baum-liberty,2025-08-15,2025,8,3,cloud,75.8,64.0,0.0,0.0,0.0,0.0,3.8,13.77,0,0,0
atlantic-baum-liberty,2025-08-16,2025,8,51,rain,78.9,67.8,0.004,0.004,0.0,1.0,6.1,13.73,0,0,0
atlantic-baum-liberty,2025-08-17,2025,8,63,rain,76.5,70.9,0.236,0.236,0.0,7.0,11.2,13.69,1,0,0
atlantic-baum-liberty,2025-08-18,2025,8,3,cloud,73.6,64.6,0.0,0.0,0.0,0.0,7.1,13.65,0,0,0
atlantic-baum-liberty,2025-08-19,2025,8,3,cloud,76.8,65.8,0.0,0.0,0.0,0.0,10.3,13.61,0,0,0
atlantic-baum-liberty,2025-08-20,2025,8,55,rain,75.8,71.5,0.157,0.157,0.0,9.0,7.3,13.57,1,0,0
atlantic-baum-liberty,2025-08-21,2025,8,51,rain,73.2,68.4,0.02,0.02,0.0,4.0,7.2,13.53,1,0,0
atlantic-baum-liberty,2025-08-22,2025,8,3,cloud,73.4,64.7,0.0,0.0,0.0,0.0,6.2,13.49,0,0,0
atlantic-baum-liberty,2025-08-23,2025,8,51,rain,77.2,67.8,0.047,0.047,0.0,6.0,8.9,13.45,1,0,0
atlantic-baum-liberty,2025-08-24,2025,8,51,rain,75.6,67.7,0.012,0.012,0.0,3.0,8.4,13.41,1,0,0
atlantic-baum-liberty,2025-08-25,2025,8,51,rain,67.8,61.1,0.004,0.004,0.0,1.0,11.7,13.36,0,0,0
atlantic-baum-liberty,2025-08-26,2025,8,51,rain,63.5,56.0,0.028,0.028,0.0,5.0,11.0,13.32,1,0,0
atlantic-baum-liberty,2025-08-27,2025,8,51,rain,63.1,54.2,0.004,0.004,0.0,1.0,8.2,13.28,0,0,0
atlantic-baum-liberty,2025-08-28,2025,8,51,rain,63.0,53.9,0.008,0.008,0.0,2.0,10.3,13.24,0,0,0
atlantic-baum-liberty,2025-08-29,2025,8,51,rain,62.4,57.6,0.024,0.024,0.0,3.0,9.4,13.19,1,0,0
atlantic-baum-liberty,2025-08-30,2025,8,3,cloud,61.2,51.1,0.0,0.0,0.0,0.0,7.4,13.15,0,0,0
atlantic-baum-liberty,2025-08-31,2025,8,3,cloud,64.1,52.2,0.0,0.0,0.0,0.0,8.0,13.11,0,0,0
atlantic-baum-liberty,2025-09-01,2025,9,3,cloud,66.4,54.9,0.0,0.0,0.0,0.0,6.9,13.07,0,0,0
atlantic-baum-liberty,2025-09-02,2025,9,3,cloud,68.5,57.4,0.0,0.0,0.0,0.0,5.3,13.02,0,0,0
atlantic-baum-liberty,2025-09-03,2025,9,51,rain,68.5,58.5,0.012,0.012,0.0,3.0,11.4,12.98,1,0,0
atlantic-baum-liberty,2025-09-04,2025,9,63,rain,64.8,60.8,0.272,0.272,0.0,13.0,14.1,12.94,1,0,0
atlantic-baum-liberty,2025-09-05,2025,9,51,rain,67.6,58.6,0.059,0.059,0.0,8.0,15.0,12.9,1,0,0
atlantic-baum-liberty,2025-09-06,2025,9,61,rain,62.9,56.6,0.114,0.114,0.0,6.0,8.7,12.85,1,0,0
atlantic-baum-liberty,2025-09-07,2025,9,3,cloud,59.3,52.6,0.0,0.0,0.0,0.0,8.6,12.81,0,0,0
atlantic-baum-liberty,2025-09-08,2025,9,2,cloud,58.8,49.0,0.0,0.0,0.0,0.0,4.5,12.77,0,0,0
atlantic-baum-liberty,2025-09-09,2025,9,0,clear,61.5,49.7,0.0,0.0,0.0,0.0,5.9,12.72,0,0,0
atlantic-baum-liberty,2025-09-10,2025,9,3,cloud,64.4,54.2,0.0,0.0,0.0,0.0,5.1,12.68,0,0,0
atlantic-baum-liberty,2025-09-11,2025,9,1,clear,66.6,54.1,0.0,0.0,0.0,0.0,4.6,12.64,0,0,0
atlantic-baum-liberty,2025-09-12,2025,9,0,clear,68.5,56.3,0.0,0.0,0.0,0.0,5.8,12.59,0,0,0
atlantic-baum-liberty,2025-09-13,2025,9,51,rain,70.0,60.2,0.004,0.004,0.0,1.0,6.0,12.55,0,0,0
atlantic-baum-liberty,2025-09-14,2025,9,0,clear,71.4,59.6,0.0,0.0,0.0,0.0,7.5,12.5,0,0,0
atlantic-baum-liberty,2025-09-15,2025,9,3,cloud,73.1,62.3,0.0,0.0,0.0,0.0,7.8,12.46,0,0,0
atlantic-baum-liberty,2025-09-16,2025,9,3,cloud,72.5,62.9,0.0,0.0,0.0,0.0,6.3,12.41,0,0,0
atlantic-baum-liberty,2025-09-17,2025,9,3,cloud,72.0,61.1,0.0,0.0,0.0,0.0,5.3,12.37,0,0,0
atlantic-baum-liberty,2025-09-18,2025,9,1,clear,72.2,60.0,0.0,0.0,0.0,0.0,6.3,12.33,0,0,0
atlantic-baum-liberty,2025-09-19,2025,9,51,rain,72.7,62.4,0.024,0.024,0.0,2.0,7.6,12.28,1,0,0
atlantic-baum-liberty,2025-09-20,2025,9,53,rain,70.9,62.6,0.094,0.094,0.0,4.0,6.4,12.24,1,0,0
atlantic-baum-liberty,2025-09-21,2025,9,61,rain,70.4,63.4,0.094,0.094,0.0,5.0,9.6,12.19,1,0,0
atlantic-baum-liberty,2025-09-22,2025,9,61,rain,71.6,64.7,0.193,0.193,0.0,8.0,9.0,12.15,1,0,0
atlantic-baum-liberty,2025-09-23,2025,9,63,rain,68.3,64.7,0.35,0.35,0.0,14.0,9.7,12.11,1,0,0
atlantic-baum-liberty,2025-09-24,2025,9,63,rain,65.9,63.6,0.579,0.579,0.0,8.0,5.7,12.06,1,0,0
atlantic-baum-liberty,2025-09-25,2025,9,63,rain,66.7,63.1,0.539,0.539,0.0,13.0,6.2,12.02,1,0,0
atlantic-baum-liberty,2025-09-26,2025,9,61,rain,66.2,58.6,0.075,0.075,0.0,6.0,6.6,11.97,1,0,0
atlantic-baum-liberty,2025-09-27,2025,9,51,rain,66.3,59.8,0.004,0.004,0.0,1.0,5.1,11.93,0,0,0
atlantic-baum-liberty,2025-09-28,2025,9,3,cloud,68.1,58.8,0.0,0.0,0.0,0.0,4.0,11.89,0,0,0
atlantic-baum-liberty,2025-09-29,2025,9,3,cloud,68.5,59.6,0.0,0.0,0.0,0.0,5.0,11.84,0,0,0
atlantic-baum-liberty,2025-09-30,2025,9,3,cloud,68.5,60.8,0.0,0.0,0.0,0.0,7.7,11.8,0,0,0
atlantic-baum-liberty,2025-10-01,2025,10,0,clear,62.2,53.6,0.0,0.0,0.0,0.0,8.5,11.75,0,0,0
atlantic-baum-liberty,2025-10-02,2025,10,3,cloud,60.7,49.6,0.0,0.0,0.0,0.0,6.6,11.71,0,0,0
atlantic-baum-liberty,2025-10-03,2025,10,3,cloud,62.6,53.1,0.0,0.0,0.0,0.0,6.1,11.66,0,0,0
atlantic-baum-liberty,2025-10-04,2025,10,2,cloud,63.6,52.2,0.0,0.0,0.0,0.0,3.0,11.62,0,0,0
atlantic-baum-liberty,2025-10-05,2025,10,0,clear,65.3,54.9,0.0,0.0,0.0,0.0,4.3,11.57,0,0,0
atlantic-baum-liberty,2025-10-06,2025,10,2,cloud,66.9,56.2,0.0,0.0,0.0,0.0,5.5,11.53,0,0,0
atlantic-baum-liberty,2025-10-07,2025,10,65,rain,65.0,62.5,1.622,1.622,0.0,19.0,10.4,11.49,1,0,0
atlantic-baum-liberty,2025-10-08,2025,10,51,rain,58.7,50.3,0.051,0.051,0.0,5.0,14.2,11.44,1,0,0
atlantic-baum-liberty,2025-10-09,2025,10,0,clear,50.3,42.2,0.0,0.0,0.0,0.0,6.2,11.4,0,0,0
atlantic-baum-liberty,2025-10-10,2025,10,2,cloud,52.6,42.9,0.0,0.0,0.0,0.0,7.8,11.36,0,0,0
atlantic-baum-liberty,2025-10-11,2025,10,3,cloud,55.0,46.0,0.0,0.0,0.0,0.0,7.9,11.31,0,0,0
atlantic-baum-liberty,2025-10-12,2025,10,53,rain,58.3,51.4,0.043,0.043,0.0,4.0,8.5,11.27,1,0,0
atlantic-baum-liberty,2025-10-13,2025,10,3,cloud,58.1,51.6,0.0,0.0,0.0,0.0,7.5,11.23,0,0,0
atlantic-baum-liberty,2025-10-14,2025,10,3,cloud,58.9,52.2,0.0,0.0,0.0,0.0,8.1,11.18,0,0,0
atlantic-baum-liberty,2025-10-15,2025,10,3,cloud,56.0,50.1,0.0,0.0,0.0,0.0,10.1,11.14,0,0,0
atlantic-baum-liberty,2025-10-16,2025,10,0,clear,50.0,41.8,0.0,0.0,0.0,0.0,8.0,11.1,0,0,0
atlantic-baum-liberty,2025-10-17,2025,10,3,cloud,49.7,39.3,0.0,0.0,0.0,0.0,4.0,11.06,0,0,0
atlantic-baum-liberty,2025-10-18,2025,10,3,cloud,60.4,48.5,0.0,0.0,0.0,0.0,7.1,11.01,0,0,0
atlantic-baum-liberty,2025-10-19,2025,10,63,rain,63.2,51.8,0.764,0.764,0.0,9.0,16.9,10.97,1,0,0
atlantic-baum-liberty,2025-10-20,2025,10,61,rain,51.3,46.7,0.248,0.248,0.0,7.0,16.2,10.93,1,0,0
atlantic-baum-liberty,2025-10-21,2025,10,63,rain,50.4,42.7,0.157,0.157,0.0,3.0,10.4,10.89,1,0,0
atlantic-baum-liberty,2025-10-22,2025,10,51,rain,47.2,44.8,0.024,0.024,0.0,4.0,16.7,10.84,1,0,0
atlantic-baum-liberty,2025-10-23,2025,10,55,rain,45.9,42.4,0.079,0.079,0.0,4.0,13.4,10.8,1,0,0
atlantic-baum-liberty,2025-10-24,2025,10,51,rain,44.1,37.8,0.008,0.008,0.0,2.0,9.4,10.76,0,0,0
atlantic-baum-liberty,2025-10-25,2025,10,3,cloud,45.6,36.8,0.0,0.0,0.0,0.0,4.1,10.72,0,0,0
atlantic-baum-liberty,2025-10-26,2025,10,1,clear,45.7,36.9,0.0,0.0,0.0,0.0,6.4,10.68,0,0,0
atlantic-baum-liberty,2025-10-27,2025,10,3,cloud,46.3,37.3,0.0,0.0,0.0,0.0,9.2,10.64,0,0,0
atlantic-baum-liberty,2025-10-28,2025,10,0,clear,45.3,37.9,0.0,0.0,0.0,0.0,10.3,10.59,0,0,0
atlantic-baum-liberty,2025-10-29,2025,10,61,rain,45.0,38.0,0.169,0.169,0.0,8.0,10.8,10.55,1,0,0
atlantic-baum-liberty,2025-10-30,2025,10,63,rain,47.3,45.5,1.228,1.228,0.0,24.0,12.6,10.51,1,0,0
atlantic-baum-liberty,2025-10-31,2025,10,51,rain,46.3,40.3,0.039,0.039,0.0,5.0,19.0,10.47,1,0,0
atlantic-baum-liberty,2025-11-01,2025,11,51,rain,47.7,40.2,0.004,0.004,0.0,1.0,9.9,10.44,0,0,0
atlantic-baum-liberty,2025-11-02,2025,11,3,cloud,46.5,38.8,0.0,0.0,0.0,0.0,4.4,10.4,0,0,0
atlantic-baum-liberty,2025-11-03,2025,11,3,cloud,47.1,39.8,0.0,0.0,0.0,0.0,12.9,10.36,0,0,0
atlantic-baum-liberty,2025-11-04,2025,11,3,cloud,47.2,39.0,0.0,0.0,0.0,0.0,11.6,10.32,0,0,0
atlantic-baum-liberty,2025-11-05,2025,11,51,rain,50.8,40.2,0.039,0.039,0.0,5.0,15.7,10.28,1,0,0
atlantic-baum-liberty,2025-11-06,2025,11,3,cloud,44.4,38.0,0.0,0.0,0.0,0.0,11.0,10.25,0,0,0
atlantic-baum-liberty,2025-11-07,2025,11,63,rain,48.8,37.0,0.193,0.193,0.0,8.0,14.6,10.21,1,0,0
atlantic-baum-liberty,2025-11-08,2025,11,53,rain,50.7,44.3,0.051,0.051,0.0,4.0,9.0,10.17,1,0,0
atlantic-baum-liberty,2025-11-09,2025,11,63,rain,44.3,38.7,0.295,0.295,0.0,12.0,11.5,10.14,1,0,0
atlantic-baum-liberty,2025-11-10,2025,11,71,snow,33.8,26.7,0.031,0.016,0.11,8.0,11.7,10.1,1,1,1
atlantic-baum-liberty,2025-11-11,2025,11,3,cloud,29.6,24.7,0.0,0.0,0.0,0.0,16.8,10.07,0,0,1
atlantic-baum-liberty,2025-11-12,2025,11,3,cloud,41.1,34.2,0.0,0.0,0.0,0.0,14.8,10.03,0,0,0
atlantic-baum-liberty,2025-11-13,2025,11,1,clear,41.7,36.2,0.0,0.0,0.0,0.0,12.4,10.0,0,0,0
atlantic-baum-liberty,2025-11-14,2025,11,3,cloud,41.3,32.3,0.0,0.0,0.0,0.0,4.9,9.96,0,0,0
atlantic-baum-liberty,2025-11-15,2025,11,55,rain,52.9,41.9,0.142,0.142,0.0,7.0,14.8,9.93,1,0,0
atlantic-baum-liberty,2025-11-16,2025,11,51,rain,45.4,38.0,0.012,0.012,0.0,3.0,15.7,9.9,1,0,0
atlantic-baum-liberty,2025-11-17,2025,11,71,snow,37.3,32.5,0.004,0.0,0.028,1.0,14.7,9.86,0,0,0
atlantic-baum-liberty,2025-11-18,2025,11,73,snow,33.7,28.5,0.169,0.13,0.276,7.0,5.8,9.83,1,1,1
atlantic-baum-liberty,2025-11-19,2025,11,63,rain,38.6,33.9,0.354,0.354,0.0,5.0,7.1,9.8,1,0,0
atlantic-baum-liberty,2025-11-20,2025,11,3,cloud,36.4,31.4,0.0,0.0,0.0,0.0,3.6,9.77,0,0,1
atlantic-baum-liberty,2025-11-21,2025,11,51,rain,43.3,39.1,0.02,0.02,0.0,3.0,4.5,9.74,1,0,0
atlantic-baum-liberty,2025-11-22,2025,11,63,rain,44.6,38.1,0.307,0.307,0.0,7.0,7.4,9.71,1,0,0
atlantic-baum-liberty,2025-11-23,2025,11,3,cloud,42.8,34.7,0.0,0.0,0.0,0.0,11.8,9.69,0,0,0
atlantic-baum-liberty,2025-11-24,2025,11,3,cloud,41.1,31.8,0.0,0.0,0.0,0.0,6.1,9.66,0,0,1
atlantic-baum-liberty,2025-11-25,2025,11,63,rain,48.9,44.2,0.622,0.622,0.0,15.0,10.2,9.64,1,0,0
atlantic-baum-liberty,2025-11-26,2025,11,53,rain,48.4,36.1,0.083,0.083,0.0,9.0,15.5,9.61,1,0,0
atlantic-baum-liberty,2025-11-27,2025,11,73,snow,32.2,27.6,0.039,0.0,0.276,3.0,16.0,9.59,0,1,1
atlantic-baum-liberty,2025-11-28,2025,11,71,snow,29.2,26.5,0.008,0.0,0.055,2.0,15.0,9.56,0,0,1
atlantic-baum-liberty,2025-11-29,2025,11,3,cloud,30.7,25.7,0.0,0.0,0.0,0.0,8.6,9.54,0,0,1
atlantic-baum-liberty,2025-11-30,2025,11,71,snow,36.6,29.4,0.051,0.039,0.083,6.0,17.1,9.52,1,0,1
atlantic-baum-liberty,2025-12-01,2025,12,3,cloud,30.5,28.9,0.0,0.0,0.0,0.0,11.1,9.49,0,0,1
atlantic-baum-liberty,2025-12-02,2025,12,75,snow,31.2,29.0,0.362,0.0,2.535,8.0,8.3,9.47,0,1,1
atlantic-baum-liberty,2025-12-03,2025,12,3,cloud,28.1,26.0,0.0,0.0,0.0,0.0,10.3,9.45,0,0,1
atlantic-baum-liberty,2025-12-04,2025,12,71,snow,25.5,15.6,0.012,0.0,0.083,3.0,11.2,9.44,0,0,1
atlantic-baum-liberty,2025-12-05,2025,12,3,cloud,22.3,13.6,0.0,0.0,0.0,0.0,6.1,9.42,0,0,1
atlantic-baum-liberty,2025-12-06,2025,12,3,cloud,29.7,23.1,0.0,0.0,0.0,0.0,10.5,9.4,0,0,1
atlantic-baum-liberty,2025-12-07,2025,12,71,snow,32.4,28.8,0.012,0.008,0.028,3.0,8.6,9.38,0,0,1
atlantic-baum-liberty,2025-12-08,2025,12,3,cloud,24.1,20.9,0.0,0.0,0.0,0.0,9.7,9.37,0,0,1
atlantic-baum-liberty,2025-12-09,2025,12,3,cloud,25.2,16.4,0.0,0.0,0.0,0.0,12.4,9.36,0,0,1
atlantic-baum-liberty,2025-12-10,2025,12,73,snow,36.5,30.6,0.366,0.291,0.524,19.0,15.6,9.34,1,1,1
atlantic-baum-liberty,2025-12-11,2025,12,71,snow,26.7,22.7,0.004,0.0,0.028,1.0,14.3,9.33,0,0,1
atlantic-baum-liberty,2025-12-12,2025,12,3,cloud,27.5,25.2,0.0,0.0,0.0,0.0,10.0,9.32,0,0,1
atlantic-baum-liberty,2025-12-13,2025,12,73,snow,29.6,24.6,0.272,0.0,1.902,11.0,12.0,9.31,0,1,1
atlantic-baum-liberty,2025-12-14,2025,12,73,snow,15.0,10.0,0.142,0.0,1.02,13.0,13.6,9.31,0,1,1
atlantic-baum-liberty,2025-12-15,2025,12,71,snow,12.2,7.8,0.004,0.0,0.028,1.0,10.2,9.3,0,0,1
atlantic-baum-liberty,2025-12-16,2025,12,3,cloud,21.9,11.7,0.0,0.0,0.0,0.0,9.5,9.29,0,0,1
atlantic-baum-liberty,2025-12-17,2025,12,3,cloud,37.7,29.6,0.0,0.0,0.0,0.0,11.2,9.29,0,0,1
atlantic-baum-liberty,2025-12-18,2025,12,51,rain,41.2,28.4,0.028,0.028,0.0,4.0,15.1,9.28,1,0,1
atlantic-baum-liberty,2025-12-19,2025,12,71,snow,33.9,19.1,0.362,0.335,0.193,16.0,19.2,9.28,1,1,1
atlantic-baum-liberty,2025-12-20,2025,12,3,cloud,30.7,18.3,0.0,0.0,0.0,0.0,9.2,9.28,0,0,1
atlantic-baum-liberty,2025-12-21,2025,12,3,cloud,32.7,24.0,0.0,0.0,0.0,0.0,12.5,9.28,0,0,1
atlantic-baum-liberty,2025-12-22,2025,12,71,snow,29.6,20.2,0.008,0.0,0.055,2.0,5.9,9.28,0,0,1
atlantic-baum-liberty,2025-12-23,2025,12,71,snow,40.5,34.7,0.382,0.374,0.055,10.0,12.9,9.28,1,0,0
atlantic-baum-liberty,2025-12-24,2025,12,3,cloud,37.6,31.6,0.0,0.0,0.0,0.0,9.4,9.28,0,0,1
atlantic-baum-liberty,2025-12-25,2025,12,53,rain,38.3,30.2,0.031,0.031,0.0,2.0,8.4,9.29,1,0,1
atlantic-baum-liberty,2025-12-26,2025,12,65,rain,36.6,28.5,1.339,1.339,0.0,12.0,12.3,9.29,1,0,1
atlantic-baum-liberty,2025-12-27,2025,12,3,cloud,35.7,34.1,0.0,0.0,0.0,0.0,7.8,9.3,0,0,0
atlantic-baum-liberty,2025-12-28,2025,12,61,rain,43.6,33.3,0.114,0.114,0.0,5.0,12.5,9.31,1,0,0
atlantic-baum-liberty,2025-12-29,2025,12,71,snow,37.8,22.8,0.457,0.433,0.165,13.0,20.5,9.31,1,1,1
atlantic-baum-liberty,2025-12-30,2025,12,71,snow,22.6,20.3,0.012,0.0,0.083,3.0,18.6,9.32,0,0,1
atlantic-baum-liberty,2025-12-31,2025,12,73,snow,24.4,19.2,0.161,0.0,1.13,18.0,13.5,9.33,0,1,1
fifth-meyran,2019-01-01,2019,1,53,rain,45.2,37.4,0.059,0.059,0.0,6.0,20.5,9.34,1,0,0
fifth-meyran,2019-01-02,2019,1,3,cloud,38.4,35.6,0.0,0.0,0.0,0.0,7.0,9.35,0,0,0
fifth-meyran,2019-01-03,2019,1,51,rain,35.8,30.3,0.016,0.016,0.0,2.0,12.7,9.37,1,0,1
fifth-meyran,2019-01-04,2019,1,55,rain,35.4,28.3,0.047,0.047,0.0,2.0,8.3,9.38,1,0,1
fifth-meyran,2019-01-05,2019,1,61,rain,41.5,37.0,0.268,0.268,0.0,10.0,10.3,9.4,1,0,0
fifth-meyran,2019-01-06,2019,1,3,cloud,36.9,29.3,0.0,0.0,0.0,0.0,10.5,9.41,0,0,1
fifth-meyran,2019-01-07,2019,1,3,cloud,35.9,26.2,0.0,0.0,0.0,0.0,14.8,9.43,0,0,1
fifth-meyran,2019-01-08,2019,1,53,rain,49.9,40.5,0.154,0.154,0.0,13.0,19.5,9.45,1,0,0
fifth-meyran,2019-01-09,2019,1,73,snow,32.0,23.6,0.154,0.012,0.992,19.0,17.0,9.47,1,1,1
fifth-meyran,2019-01-10,2019,1,71,snow,23.4,21.6,0.02,0.0,0.138,5.0,14.2,9.49,0,1,1
fifth-meyran,2019-01-11,2019,1,3,cloud,23.9,20.6,0.0,0.0,0.0,0.0,9.3,9.51,0,0,1
fifth-meyran,2019-01-12,2019,1,73,snow,27.3,22.9,0.122,0.0,0.854,10.0,7.5,9.54,0,1,1
fifth-meyran,2019-01-13,2019,1,73,snow,27.4,23.9,0.118,0.0,0.854,14.0,9.5,9.56,0,1,1
fifth-meyran,2019-01-14,2019,1,3,cloud,24.7,13.5,0.0,0.0,0.0,0.0,6.5,9.58,0,0,1
fifth-meyran,2019-01-15,2019,1,3,cloud,26.0,22.5,0.0,0.0,0.0,0.0,8.2,9.61,0,0,1
fifth-meyran,2019-01-16,2019,1,71,snow,29.4,23.8,0.031,0.0,0.22,8.0,10.9,9.63,0,1,1
fifth-meyran,2019-01-17,2019,1,73,snow,28.4,22.1,0.067,0.0,0.469,8.0,6.2,9.66,0,1,1
fifth-meyran,2019-01-18,2019,1,73,snow,33.7,31.2,0.047,0.016,0.22,7.0,8.1,9.68,1,1,1
fifth-meyran,2019-01-19,2019,1,73,snow,32.6,28.5,0.614,0.492,0.854,13.0,10.5,9.71,1,1,1
fifth-meyran,2019-01-20,2019,1,75,snow,20.6,8.1,0.681,0.437,1.709,12.0,16.2,9.74,1,1,1
fifth-meyran,2019-01-21,2019,1,71,snow,6.6,-3.7,0.008,0.0,0.083,2.0,13.3,9.77,0,0,1
fifth-meyran,2019-01-22,2019,1,3,cloud,11.8,-10.1,0.0,0.0,0.0,0.0,8.8,9.8,0,0,1
fifth-meyran,2019-01-23,2019,1,61,rain,41.9,29.7,0.531,0.531,0.0,14.0,12.5,9.83,1,0,1
fifth-meyran,2019-01-24,2019,1,73,snow,34.5,25.6,0.661,0.575,0.606,13.0,13.4,9.86,1,1,1
fifth-meyran,2019-01-25,2019,1,71,snow,19.8,9.5,0.012,0.0,0.083,3.0,14.2,9.89,0,0,1
fifth-meyran,2019-01-26,2019,1,71,snow,20.2,5.7,0.031,0.004,0.193,7.0,10.3,9.93,0,1,1
fifth-meyran,2019-01-27,2019,1,73,snow,25.6,7.0,0.051,0.0,0.358,8.0,14.4,9.96,0,1,1
fifth-meyran,2019-01-28,2019,1,3,cloud,22.7,4.6,0.0,0.0,0.0,0.0,11.6,10.0,0,0,1
fifth-meyran,2019-01-29,2019,1,71,snow,27.1,16.3,0.051,0.047,0.028,4.0,13.6,10.03,1,0,1
fifth-meyran,2019-01-30,2019,1,73,snow,7.1,-3.2,0.031,0.0,0.22,5.0,18.1,10.07,0,1,1
fifth-meyran,2019-01-31,2019,1,3,cloud,5.2,-2.7,0.0,0.0,0.0,0.0,11.6,10.1,0,0,1
fifth-meyran,2019-02-01,2019,2,73,snow,13.1,8.6,0.11,0.0,0.772,13.0,4.6,10.14,0,1,1
fifth-meyran,2019-02-02,2019,2,3,cloud,23.4,5.4,0.0,0.0,0.0,0.0,7.6,10.17,0,0,1
fifth-meyran,2019-02-03,2019,2,3,cloud,38.9,26.6,0.0,0.0,0.0,0.0,8.2,10.21,0,0,1
fifth-meyran,2019-02-04,2019,2,53,rain,44.8,31.1,0.031,0.031,0.0,2.0,10.0,10.25,1,0,1
fifth-meyran,2019-02-05,2019,2,51,rain,46.4,35.3,0.051,0.051,0.0,10.0,9.2,10.29,1,0,0
fifth-meyran,2019-02-06,2019,2,63,rain,43.2,32.9,1.413,1.413,0.0,15.0,7.7,10.32,1,0,0
fifth-meyran,2019-02-07,2019,2,63,rain,50.8,40.5,0.567,0.567,0.0,12.0,12.1,10.36,1,0,0
fifth-meyran,2019-02-08,2019,2,61,rain,34.8,20.3,0.248,0.248,0.0,6.0,18.0,10.4,1,0,1
fifth-meyran,2019-02-09,2019,2,3,cloud,21.2,15.9,0.0,0.0,0.0,0.0,13.4,10.44,0,0,1
fifth-meyran,2019-02-10,2019,2,73,snow,26.2,17.0,0.173,0.0,1.213,7.0,5.6,10.48,0,1,1
fifth-meyran,2019-02-11,2019,2,73,snow,34.0,30.3,0.402,0.224,1.24,24.0,8.3,10.52,1,1,1
fifth-meyran,2019-02-12,2019,2,63,rain,37.9,32.5,1.047,1.047,0.0,24.0,18.3,10.56,1,0,0
fifth-meyran,2019-02-13,2019,2,73,snow,29.7,27.5,0.031,0.008,0.165,5.0,19.9,10.6,0,1,1
fifth-meyran,2019-02-14,2019,2,3,cloud,34.8,23.4,0.0,0.0,0.0,0.0,10.9,10.64,0,0,1
fifth-meyran,2019-02-15,2019,2,51,rain,42.7,28.3,0.024,0.024,0.0,4.0,14.4,10.68,1,0,1
fifth-meyran,2019-02-16,2019,2,3,cloud,27.5,22.4,0.0,0.0,0.0,0.0,8.2,10.73,0,0,1
fifth-meyran,2019-02-17,2019,2,73,snow,29.2,20.9,0.209,0.161,0.331,10.0,8.1,10.77,1,1,1
fifth-meyran,2019-02-18,2019,2,71,snow,30.5,23.1,0.012,0.004,0.055,3.0,13.2,10.81,0,0,1
fifth-meyran,2019-02-19,2019,2,3,cloud,24.7,17.3,0.0,0.0,0.0,0.0,9.1,10.85,0,0,1
fifth-meyran,2019-02-20,2019,2,75,snow,31.6,25.5,1.102,0.504,4.189,17.0,11.9,10.9,1,1,1
fifth-meyran,2019-02-21,2019,2,53,rain,39.4,34.6,0.047,0.047,0.0,3.0,11.4,10.94,1,0,0
fifth-meyran,2019-02-22,2019,2,3,cloud,35.1,28.6,0.0,0.0,0.0,0.0,6.3,10.98,0,0,1
fifth-meyran,2019-02-23,2019,2,51,rain,36.2,30.6,0.047,0.047,0.0,5.0,10.1,11.03,1,0,1
fifth-meyran,2019-02-24,2019,2,63,rain,43.2,33.3,0.252,0.252,0.0,10.0,24.5,11.07,1,0,0
fifth-meyran,2019-02-25,2019,2,2,cloud,27.5,22.0,0.0,0.0,0.0,0.0,21.6,11.11,0,0,1
fifth-meyran,2019-02-26,2019,2,3,cloud,27.7,22.4,0.0,0.0,0.0,0.0,8.2,11.15,0,0,1
fifth-meyran,2019-02-27,2019,2,71,snow,35.0,23.2,0.055,0.043,0.083,4.0,9.3,11.2,1,0,1
fifth-meyran,2019-02-28,2019,2,73,snow,29.6,22.9,0.031,0.0,0.22,3.0,9.1,11.24,0,1,1
fifth-meyran,2019-03-01,2019,3,75,snow,32.3,26.8,0.272,0.004,1.874,6.0,8.2,11.28,0,1,1
fifth-meyran,2019-03-02,2019,3,71,snow,34.9,26.7,0.004,0.0,0.028,1.0,11.8,11.33,0,0,1
fifth-meyran,2019-03-03,2019,3,75,snow,29.6,25.9,0.311,0.0,2.177,11.0,8.3,11.37,0,1,1
fifth-meyran,2019-03-04,2019,3,3,cloud,21.3,14.1,0.0,0.0,0.0,0.0,10.3,11.42,0,0,1
fifth-meyran,2019-03-05,2019,3,71,snow,13.7,3.3,0.012,0.0,0.083,3.0,11.9,11.46,0,0,1
fifth-meyran,2019-03-06,2019,3,71,snow,15.1,10.0,0.004,0.0,0.028,1.0,12.8,11.51,0,0,1
fifth-meyran,2019-03-07,2019,3,3,cloud,22.8,13.2,0.0,0.0,0.0,0.0,11.1,11.55,0,0,1
fifth-meyran,2019-03-08,2019,3,51,rain,28.6,18.3,0.004,0.004,0.0,1.0,5.4,11.6,0,0,1
fifth-meyran,2019-03-09,2019,3,63,rain,34.2,21.0,0.339,0.339,0.0,3.0,14.1,11.64,1,0,1
fifth-meyran,2019-03-10,2019,3,63,rain,48.2,37.4,0.331,0.331,0.0,8.0,18.0,11.69,1,0,0
fifth-meyran,2019-03-11,2019,3,3,cloud,38.0,29.6,0.0,0.0,0.0,0.0,14.3,11.73,0,0,1
fifth-meyran,2019-03-12,2019,3,3,cloud,33.5,23.8,0.0,0.0,0.0,0.0,8.0,11.78,0,0,1
fifth-meyran,2019-03-13,2019,3,3,cloud,41.2,27.9,0.0,0.0,0.0,0.0,7.9,11.82,0,0,1
fifth-meyran,2019-03-14,2019,3,51,rain,57.4,41.3,0.008,0.008,0.0,2.0,22.5,11.87,0,0,0
fifth-meyran,2019-03-15,2019,3,53,rain,53.5,40.0,0.079,0.079,0.0,4.0,19.1,11.91,1,0,0
fifth-meyran,2019-03-16,2019,3,3,cloud,36.4,32.5,0.0,0.0,0.0,0.0,14.3,11.96,0,0,0
fifth-meyran,2019-03-17,2019,3,3,cloud,33.3,25.0,0.0,0.0,0.0,0.0,6.5,12.0,0,0,1
fifth-meyran,2019-03-18,2019,3,3,cloud,34.0,25.8,0.0,0.0,0.0,0.0,8.7,12.05,0,0,1
fifth-meyran,2019-03-19,2019,3,71,snow,36.1,25.9,0.008,0.0,0.055,2.0,6.7,12.09,0,0,1
fifth-meyran,2019-03-20,2019,3,51,rain,40.2,26.8,0.012,0.012,0.0,1.0,8.7,12.13,1,0,1
fifth-meyran,2019-03-21,2019,3,51,rain,44.0,37.7,0.012,0.012,0.0,3.0,10.0,12.18,1,0,0
fifth-meyran,2019-03-22,2019,3,73,snow,37.2,30.7,0.146,0.059,0.606,10.0,21.2,12.22,1,1,1
fifth-meyran,2019-03-23,2019,3,2,cloud,34.3,24.9,0.0,0.0,0.0,0.0,13.0,12.27,0,0,1
fifth-meyran,2019-03-24,2019,3,3,cloud,41.8,29.4,0.0,0.0,0.0,0.0,7.9,12.31,0,0,1
fifth-meyran,2019-03-25,2019,3,55,rain,41.6,31.3,0.201,0.201,0.0,13.0,11.3,12.36,1,0,1
fifth-meyran,2019-03-26,2019,3,0,clear,34.1,22.9,0.0,0.0,0.0,0.0,8.7,12.4,0,0,1
fifth-meyran,2019-03-27,2019,3,3,cloud,39.3,25.2,0.0,0.0,0.0,0.0,7.8,12.45,0,0,1
fifth-meyran,2019-03-28,2019,3,51,rain,48.5,35.5,0.008,0.008,0.0,2.0,12.7,12.49,0,0,0
fifth-meyran,2019-03-29,2019,3,61,rain,52.7,47.4,0.185,0.185,0.0,9.0,11.3,12.54,1,0,0
fifth-meyran,2019-03-30,2019,3,53,rain,56.9,49.4,0.071,0.071,0.0,8.0,17.4,12.58,1,0,0
fifth-meyran,2019-03-31,2019,3,63,rain,35.5,28.5,0.264,0.264,0.0,6.0,14.6,12.63,1,0,1
fifth-meyran,2019-04-01,2019,4,71,snow,33.1,23.7,0.004,0.0,0.028,1.0,10.0,12.67,0,0,1
fifth-meyran,2019-04-02,2019,4,3,cloud,39.5,28.1,0.0,0.0,0.0,0.0,7.6,12.72,0,0,1
fifth-meyran,2019-04-03,2019,4,3,cloud,45.2,34.7,0.0,0.0,0.0,0.0,16.4,12.76,0,0,0
fifth-meyran,2019-04-04,2019,4,51,rain,45.1,36.1,0.008,0.008,0.0,2.0,9.6,12.81,0,0,0
fifth-meyran,2019-04-05,2019,4,55,rain,46.3,41.7,0.232,0.232,0.0,12.0,14.8,12.85,1,0,0
fifth-meyran,2019-04-06,2019,4,3,cloud,51.4,39.5,0.0,0.0,0.0,0.0,5.5,12.89,0,0,0
fifth-meyran,2019-04-07,2019,4,53,rain,56.8,44.7,0.114,0.114,0.0,6.0,9.8,12.94,1,0,0
fifth-meyran,2019-04-08,2019,4,51,rain,62.4,55.9,0.02,0.02,0.0,4.0,12.6,12.98,1,0,0
fifth-meyran,2019-04-09,2019,4,3,cloud,57.7,47.5,0.0,0.0,0.0,0.0,14.7,13.02,0,0,0
fifth-meyran,2019-04-10,2019,4,3,cloud,48.3,38.9,0.0,0.0,0.0,0.0,8.7,13.07,0,0,0
fifth-meyran,2019-04-11,2019,4,53,rain,53.4,40.2,0.028,0.028,0.0,2.0,11.2,13.11,1,0,0
fifth-meyran,2019-04-12,2019,4,63,rain,61.5,53.1,0.339,0.339,0.0,6.0,15.9,13.15,1,0,0
fifth-meyran,2019-04-13,2019,4,3,cloud,59.3,47.2,0.0,0.0,0.0,0.0,8.6,13.2,0,0,0
fifth-meyran,2019-04-14,2019,4,63,rain,58.9,50.1,0.965,0.965,0.0,13.0,18.4,13.24,1,0,0
fifth-meyran,2019-04-15,2019,4,61,rain,44.3,36.9,0.142,0.142,0.0,12.0,19.0,13.28,1,0,0
fifth-meyran,2019-04-16,2019,4,3,cloud,50.3,36.7,0.0,0.0,0.0,0.0,12.0,13.32,0,0,0
fifth-meyran,2019-04-17,2019,4,3,cloud,61.9,50.4,0.0,0.0,0.0,0.0,9.2,13.37,0,0,0
fifth-meyran,2019-04-18,2019,4,61,rain,66.0,54.2,0.059,0.059,0.0,1.0,14.1,13.41,1,0,0
fifth-meyran,2019-04-19,2019,4,63,rain,64.8,58.0,0.689,0.689,0.0,14.0,13.3,13.45,1,0,0
fifth-meyran,2019-04-20,2019,4,63,rain,58.0,50.5,0.539,0.539,0.0,14.0,11.9,13.49,1,0,0
fifth-meyran,2019-04-21,2019,4,51,rain,50.1,45.9,0.059,0.059,0.0,8.0,9.4,13.53,1,0,0
fifth-meyran,2019-04-22,2019,4,3,cloud,54.3,41.8,0.0,0.0,0.0,0.0,5.9,13.58,0,0,0
fifth-meyran,2019-04-23,2019,4,63,rain,60.3,48.1,0.433,0.433,0.0,6.0,12.8,13.62,1,0,0
fifth-meyran,2019-04-24,2019,4,3,cloud,54.2,43.7,0.0,0.0,0.0,0.0,11.2,13.66,0,0,0
fifth-meyran,2019-04-25,2019,4,53,rain,54.9,49.3,0.154,0.154,0.0,13.0,8.2,13.7,1,0,0
fifth-meyran,2019-04-26,2019,4,63,rain,54.3,47.0,0.846,0.846,0.0,22.0,17.7,13.74,1,0,0
fifth-meyran,2019-04-27,2019,4,53,rain,49.1,41.0,0.051,0.051,0.0,4.0,16.8,13.78,1,0,0
fifth-meyran,2019-04-28,2019,4,61,rain,46.8,41.5,0.213,0.213,0.0,10.0,11.0,13.82,1,0,0
fifth-meyran,2019-04-29,2019,4,53,rain,52.2,36.1,0.083,0.083,0.0,4.0,10.9,13.85,1,0,0
fifth-meyran,2019-04-30,2019,4,51,rain,56.8,49.4,0.004,0.004,0.0,1.0,7.8,13.89,0,0,0
fifth-meyran,2019-05-01,2019,5,51,rain,68.5,55.2,0.008,0.008,0.0,2.0,14.9,13.93,0,0,0
fifth-meyran,2019-05-02,2019,5,61,rain,67.0,59.0,0.217,0.217,0.0,8.0,7.7,13.97,1,0,0
fifth-meyran,2019-05-03,2019,5,63,rain,65.3,61.2,0.236,0.236,0.0,9.0,7.4,14.01,1,0,0
fifth-meyran,2019-05-04,2019,5,55,rain,61.4,56.5,0.122,0.122,0.0,7.0,9.2,14.04,1,0,0
fifth-meyran,2019-05-05,2019,5,55,rain,57.5,53.8,0.319,0.319,0.0,18.0,8.6,14.08,1,0,0
fifth-meyran,2019-05-06,2019,5,3,cloud,58.8,45.1,0.0,0.0,0.0,0.0,6.1,14.12,0,0,0
fifth-meyran,2019-05-07,2019,5,51,rain,62.3,50.5,0.008,0.008,0.0,2.0,9.6,14.15,0,0,0
fifth-meyran,2019-05-08,2019,5,3,cloud,62.0,50.8,0.0,0.0,0.0,0.0,9.3,14.19,0,0,0
fifth-meyran,2019-05-09,2019,5,63,rain,67.2,58.8,0.39,0.39,0.0,9.0,13.9,14.23,1,0,0
fifth-meyran,2019-05-10,2019,5,65,rain,64.4,53.8,1.386,1.386,0.0,15.0,13.2,14.26,1,0,0
fifth-meyran,2019-05-11,2019,5,51,rain,54.3,46.5,0.012,0.012,0.0,1.0,8.9,14.3,1,0,0
fifth-meyran,2019-05-12,2019,5,63,rain,55.4,51.4,0.878,0.878,0.0,22.0,9.1,14.33,1,0,0
fifth-meyran,2019-05-13,2019,5,61,rain,53.7,48.7,0.213,0.213,0.0,16.0,11.8,14.36,1,0,0
fifth-meyran,2019-05-14,2019,5,53,rain,48.9,43.9,0.063,0.063,0.0,9.0,13.6,14.39,1,0,0
fifth-meyran,2019-05-15,2019,5,51,rain,55.4,43.4,0.004,0.004,0.0,1.0,10.5,14.43,0,0,0
fifth-meyran,2019-05-16,2019,5,51,rain,60.9,49.2,0.016,0.016,0.0,1.0,9.3,14.46,1,0,0
fifth-meyran,2019-05-17,2019,5,61,rain,64.3,57.7,0.276,0.276,0.0,13.0,11.0,14.49,1,0,0
fifth-meyran,2019-05-18,2019,5,61,rain,65.3,54.1,0.244,0.244,0.0,11.0,6.5,14.52,1,0,0
fifth-meyran,2019-05-19,2019,5,55,rain,72.5,63.1,0.047,0.047,0.0,2.0,14.4,14.55,1,0,0
fifth-meyran,2019-05-20,2019,5,51,rain,66.3,54.6,0.031,0.031,0.0,5.0,16.0,14.58,1,0,0
fifth-meyran,2019-05-21,2019,5,3,cloud,54.0,44.5,0.0,0.0,0.0,0.0,9.3,14.6,0,0,0
fifth-meyran,2019-05-22,2019,5,51,rain,62.6,49.0,0.02,0.02,0.0,2.0,9.3,14.63,1,0,0
fifth-meyran,2019-05-23,2019,5,55,rain,70.9,63.4,0.177,0.177,0.0,12.0,17.7,14.66,1,0,0
fifth-meyran,2019-05-24,2019,5,3,cloud,66.1,54.5,0.0,0.0,0.0,0.0,9.8,14.68,0,0,0
fifth-meyran,2019-05-25,2019,5,63,rain,70.0,58.6,0.472,0.472,0.0,6.0,12.4,14.71,1,0,0
fifth-meyran,2019-05-26,2019,5,63,rain,69.6,62.9,0.327,0.327,0.0,15.0,10.5,14.73,1,0,0
fifth-meyran,2019-05-27,2019,5,3,cloud,66.9,57.7,0.0,0.0,0.0,0.0,6.5,14.76,0,0,0
fifth-meyran,2019-05-28,2019,5,63,rain,69.4,63.4,1.24,1.24,0.0,17.0,13.2,14.78,1,0,0
fifth-meyran,2019-05-29,2019,5,63,rain,69.4,63.9,0.953,0.953,0.0,19.0,14.1,14.8,1,0,0
fifth-meyran,2019-05-30,2019,5,63,rain,67.3,64.1,0.563,0.563,0.0,14.0,11.6,14.83,1,0,0
fifth-meyran,2019-05-31,2019,5,51,rain,66.2,57.3,0.004,0.004,0.0,1.0,7.4,14.85,0,0,0
fifth-meyran,2019-06-01,2019,6,63,rain,67.6,56.3,0.295,0.295,0.0,5.0,12.2,14.87,1,0,0
fifth-meyran,2019-06-02,2019,6,63,rain,62.9,55.1,0.457,0.457,0.0,13.0,11.0,14.89,1,0,0
fifth-meyran,2019-06-03,2019,6,3,cloud,56.0,50.1,0.0,0.0,0.0,0.0,10.0,14.9,0,0,0
fifth-meyran,2019-06-04,2019,6,3,cloud,60.7,46.4,0.0,0.0,0.0,0.0,9.8,14.92,0,0,0
fifth-meyran,2019-06-05,2019,6,63,rain,65.7,58.4,0.37,0.37,0.0,11.0,16.0,14.94,1,0,0
fifth-meyran,2019-06-06,2019,6,63,rain,69.0,63.0,0.303,0.303,0.0,10.0,8.1,14.95,1,0,0
fifth-meyran,2019-06-07,2019,6,3,cloud,66.8,57.7,0.0,0.0,0.0,0.0,9.4,14.97,0,0,0
fifth-meyran,2019-06-08,2019,6,3,cloud,69.0,59.0,0.0,0.0,0.0,0.0,11.7,14.98,0,0,0
fifth-meyran,2019-06-09,2019,6,61,rain,70.4,64.5,0.055,0.055,0.0,2.0,14.3,14.99,1,0,0
fifth-meyran,2019-06-10,2019,6,63,rain,67.2,60.9,1.047,1.047,0.0,17.0,13.5,15.0,1,0,0
fifth-meyran,2019-06-11,2019,6,51,rain,61.7,51.0,0.008,0.008,0.0,1.0,11.0,15.01,0,0,0
fifth-meyran,2019-06-12,2019,6,3,cloud,63.3,50.5,0.0,0.0,0.0,0.0,9.9,15.02,0,0,0
fifth-meyran,2019-06-13,2019,6,63,rain,60.8,54.9,0.398,0.398,0.0,14.0,17.7,15.03,1,0,0
fifth-meyran,2019-06-14,2019,6,55,rain,59.8,51.8,0.15,0.15,0.0,7.0,15.3,15.04,1,0,0
fifth-meyran,2019-06-15,2019,6,53,rain,64.2,53.2,0.035,0.035,0.0,4.0,10.7,15.05,1,0,0
fifth-meyran,2019-06-16,2019,6,63,rain,69.1,64.0,0.508,0.508,0.0,22.0,15.9,15.05,1,0,0
fifth-meyran,2019-06-17,2019,6,63,rain,68.2,64.5,0.673,0.673,0.0,22.0,9.5,15.06,1,0,0
fifth-meyran,2019-06-18,2019,6,65,rain,68.7,65.0,1.161,1.161,0.0,18.0,6.9,15.06,1,0,0
fifth-meyran,2019-06-19,2019,6,63,rain,69.8,63.8,0.362,0.362,0.0,15.0,6.7,15.06,1,0,0
fifth-meyran,2019-06-20,2019,6,61,rain,69.9,65.2,0.531,0.531,0.0,21.0,11.2,15.06,1,0,0
fifth-meyran,2019-06-21,2019,6,61,rain,66.1,60.3,0.079,0.079,0.0,5.0,13.8,15.06,1,0,0
fifth-meyran,2019-06-22,2019,6,3,cloud,64.4,53.0,0.0,0.0,0.0,0.0,7.2,15.06,0,0,0
fifth-meyran,2019-06-23,2019,6,3,cloud,67.1,54.3,0.0,0.0,0.0,0.0,5.7,15.06,0,0,0
fifth-meyran,2019-06-24,2019,6,63,rain,71.7,63.6,0.413,0.413,0.0,6.0,9.7,15.06,1,0,0
fifth-meyran,2019-06-25,2019,6,63,rain,72.5,65.6,0.15,0.15,0.0,4.0,12.4,15.06,1,0,0
fifth-meyran,2019-06-26,2019,6,61,rain,72.8,63.9,0.098,0.098,0.0,5.0,8.3,15.05,1,0,0
fifth-meyran,2019-06-27,2019,6,63,rain,73.9,64.3,0.106,0.106,0.0,2.0,5.5,15.05,1,0,0
fifth-meyran,2019-06-28,2019,6,63,rain,74.2,65.1,0.209,0.209,0.0,7.0,4.9,15.04,1,0,0
fifth-meyran,2019-06-29,2019,6,51,rain,76.3,68.0,0.024,0.024,0.0,3.0,12.3,15.03,1,0,0
fifth-meyran,2019-06-30,2019,6,51,rain,73.6,64.9,0.02,0.02,0.0,3.0,13.1,15.02,1,0,0
fifth-meyran,2019-07-01,2019,7,3,cloud,70.0,57.4,0.0,0.0,0.0,0.0,5.6,15.01,0,0,0
fifth-meyran,2019-07-02,2019,7,63,rain,75.4,67.2,0.689,0.689,0.0,11.0,11.8,15.0,1,0,0
fifth-meyran,2019-07-03,2019,7,55,rain,74.8,69.4,0.126,0.126,0.0,9.0,6.5,14.99,1,0,0
fifth-meyran,2019-07-04,2019,7,63,rain,75.3,68.6,0.488,0.488,0.0,11.0,6.3,14.98,1,0,0
fifth-meyran,2019-07-05,2019,7,63,rain,76.1,70.3,0.283,0.283,0.0,8.0,6.3,14.97,1,0,0
fifth-meyran,2019-07-06,2019,7,65,rain,76.4,69.9,0.433,0.433,0.0,11.0,8.0,14.95,1,0,0
fifth-meyran,2019-07-07,2019,7,63,rain,74.9,70.3,0.382,0.382,0.0,11.0,5.8,14.94,1,0,0
fifth-meyran,2019-07-08,2019,7,51,rain,74.0,66.7,0.031,0.031,0.0,8.0,7.3,14.92,1,0,0
fifth-meyran,2019-07-09,2019,7,51,rain,74.9,64.3,0.004,0.004,0.0,1.0,5.7,14.9,0,0,0
fifth-meyran,2019-07-10,2019,7,51,rain,77.8,69.5,0.012,0.012,0.0,3.0,6.3,14.88,1,0,0
fifth-meyran,2019-07-11,2019,7,63,rain,74.1,70.0,0.417,0.417,0.0,12.0,6.7,14.87,1,0,0
fifth-meyran,2019-07-12,2019,7,2,cloud,72.2,65.3,0.0,0.0,0.0,0.0,8.1,14.85,0,0,0
fifth-meyran,2019-07-13,2019,7,2,cloud,74.2,63.1,0.0,0.0,0.0,0.0,7.7,14.83,0,0,0
fifth-meyran,2019-07-14,2019,7,3,cloud,74.9,68.6,0.0,0.0,0.0,0.0,7.1,14.8,0,0,0
fifth-meyran,2019-07-15,2019,7,3,cloud,73.3,60.5,0.0,0.0,0.0,0.0,4.7,14.78,0,0,0
fifth-meyran,2019-07-16,2019,7,51,rain,77.3,70.7,0.004,0.004,0.0,1.0,9.5,14.76,0,0,0
fifth-meyran,2019-07-17,2019,7,63,rain,75.6,72.0,0.555,0.555,0.0,16.0,9.7,14.74,1,0,0
fifth-meyran,2019-07-18,2019,7,51,rain,76.1,68.2,0.035,0.035,0.0,4.0,5.4,14.71,1,0,0
fifth-meyran,2019-07-19,2019,7,51,rain,80.1,72.5,0.012,0.012,0.0,3.0,10.7,14.69,1,0,0
fifth-meyran,2019-07-20,2019,7,51,rain,81.6,74.8,0.008,0.008,0.0,2.0,9.9,14.66,0,0,0
fifth-meyran,2019-07-21,2019,7,63,rain,79.9,73.8,0.335,0.335,0.0,11.0,7.3,14.64,1,0,0
fifth-meyran,2019-07-22,2019,7,63,rain,71.3,67.0,1.083,1.083,0.0,17.0,10.7,14.61,1,0,0
fifth-meyran,2019-07-23,2019,7,51,rain,68.4,61.0,0.039,0.039,0.0,6.0,8.5,14.58,1,0,0
fifth-meyran,2019-07-24,2019,7,53,rain,65.8,57.1,0.047,0.047,0.0,2.0,7.1,14.55,1,0,0
fifth-meyran,2019-07-25,2019,7,3,cloud,68.0,55.9,0.0,0.0,0.0,0.0,4.1,14.52,0,0,0
fifth-meyran,2019-07-26,2019,7,51,rain,71.5,60.8,0.004,0.004,0.0,1.0,4.0,14.49,0,0,0
fifth-meyran,2019-07-27,2019,7,51,rain,73.4,63.9,0.008,0.008,0.0,1.0,7.7,14.46,0,0,0
fifth-meyran,2019-07-28,2019,7,51,rain,75.7,67.9,0.016,0.016,0.0,3.0,10.7,14.43,1,0,0
fifth-meyran,2019-07-29,2019,7,3,cloud,77.1,67.6,0.0,0.0,0.0,0.0,9.3,14.4,0,0,0
fifth-meyran,2019-07-30,2019,7,63,rain,73.2,69.9,0.398,0.398,0.0,7.0,11.3,14.37,1,0,0
fifth-meyran,2019-07-31,2019,7,55,rain,72.6,67.2,0.134,0.134,0.0,10.0,5.9,14.33,1,0,0
fifth-meyran,2019-08-01,2019,8,51,rain,73.6,65.0,0.008,0.008,0.0,2.0,4.5,14.3,0,0,0
fifth-meyran,2019-08-02,2019,8,51,rain,73.4,64.3,0.02,0.02,0.0,5.0,6.1,14.27,1,0,0
fifth-meyran,2019-08-03,2019,8,51,rain,73.4,65.8,0.016,0.016,0.0,4.0,4.5,14.23,1,0,0
fifth-meyran,2019-08-04,2019,8,1,clear,72.1,60.8,0.0,0.0,0.0,0.0,4.9,14.2,0,0,0
fifth-meyran,2019-08-05,2019,8,61,rain,74.1,66.1,0.059,0.059,0.0,1.0,5.8,14.16,1,0,0
fifth-meyran,2019-08-06,2019,8,53,rain,74.5,66.7,0.087,0.087,0.0,6.0,9.2,14.13,1,0,0
fifth-meyran,2019-08-07,2019,8,61,rain,71.1,66.5,0.201,0.201,0.0,10.0,8.8,14.09,1,0,0
fifth-meyran,2019-08-08,2019,8,61,rain,72.1,64.5,0.201,0.201,0.0,5.0,13.0,14.06,1,0,0
fifth-meyran,2019-08-09,2019,8,51,rain,70.7,64.0,0.02,0.02,0.0,3.0,8.9,14.02,1,0,0
fifth-meyran,2019-08-10,2019,8,3,cloud,68.3,60.8,0.0,0.0,0.0,0.0,9.4,13.98,0,0,0
fifth-meyran,2019-08-11,2019,8,3,cloud,69.2,57.1,0.0,0.0,0.0,0.0,5.2,13.95,0,0,0
fifth-meyran,2019-08-12,2019,8,53,rain,73.6,62.2,0.02,0.02,0.0,1.0,7.9,13.91,1,0,0
fifth-meyran,2019-08-13,2019,8,63,rain,70.4,66.7,1.165,1.165,0.0,17.0,6.5,13.87,1,0,0
fifth-meyran,2019-08-14,2019,8,51,rain,72.1,66.4,0.008,0.008,0.0,2.0,6.4,13.83,0,0,0
fifth-meyran,2019-08-15,2019,8,63,rain,72.2,65.7,0.205,0.205,0.0,6.0,6.3,13.79,1,0,0
fifth-meyran,2019-08-16,2019,8,51,rain,73.4,64.9,0.004,0.004,0.0,1.0,7.9,13.75,0,0,0
fifth-meyran,2019-08-17,2019,8,51,rain,74.7,65.1,0.047,0.047,0.0,6.0,8.3,13.71,1,0,0
fifth-meyran,2019-08-18,2019,8,61,rain,77.1,68.5,0.075,0.075,0.0,3.0,7.8,13.67,1,0,0
fifth-meyran,2019-08-19,2019,8,53,rain,76.6,69.8,0.059,0.059,0.0,4.0,8.5,13.63,1,0,0
fifth-meyran,2019-08-20,2019,8,61,rain,76.6,68.1,0.094,0.094,0.0,4.0,6.9,13.59,1,0,0
fifth-meyran,2019-08-21,2019,8,53,rain,75.6,70.7,0.063,0.063,0.0,7.0,9.5,13.55,1,0,0
fifth-meyran,2019-08-22,2019,8,61,rain,72.1,67.1,0.122,0.122,0.0,9.0,8.7,13.51,1,0,0
fifth-meyran,2019-08-23,2019,8,3,cloud,66.4,61.6,0.0,0.0,0.0,0.0,7.3,13.47,0,0,0
fifth-meyran,2019-08-24,2019,8,3,cloud,64.6,55.8,0.0,0.0,0.0,0.0,7.6,13.43,0,0,0
fifth-meyran,2019-08-25,2019,8,3,cloud,64.7,54.3,0.0,0.0,0.0,0.0,9.3,13.39,0,0,0
fifth-meyran,2019-08-26,2019,8,3,cloud,66.9,57.9,0.0,0.0,0.0,0.0,10.6,13.35,0,0,0
fifth-meyran,2019-08-27,2019,8,55,rain,69.0,62.8,0.252,0.252,0.0,14.0,12.0,13.3,1,0,0
fifth-meyran,2019-08-28,2019,8,61,rain,71.4,63.9,0.563,0.563,0.0,11.0,10.9,13.26,1,0,0
fifth-meyran,2019-08-29,2019,8,2,cloud,67.2,57.0,0.0,0.0,0.0,0.0,9.2,13.22,0,0,0
fifth-meyran,2019-08-30,2019,8,51,rain,72.0,64.2,0.004,0.004,0.0,1.0,10.8,13.18,0,0,0
fifth-meyran,2019-08-31,2019,8,3,cloud,67.9,61.3,0.0,0.0,0.0,0.0,7.4,13.14,0,0,0
fifth-meyran,2019-09-01,2019,9,61,rain,69.6,62.3,0.339,0.339,0.0,15.0,8.6,13.09,1,0,0
fifth-meyran,2019-09-02,2019,9,63,rain,70.2,65.3,0.634,0.634,0.0,12.0,9.9,13.05,1,0,0
fifth-meyran,2019-09-03,2019,9,3,cloud,71.2,59.4,0.0,0.0,0.0,0.0,8.0,13.01,0,0,0
fifth-meyran,2019-09-04,2019,9,51,rain,72.7,62.4,0.012,0.012,0.0,2.0,10.8,12.96,1,0,0
fifth-meyran,2019-09-05,2019,9,0,clear,64.9,54.5,0.0,0.0,0.0,0.0,6.5,12.92,0,0,0
fifth-meyran,2019-09-06,2019,9,3,cloud,66.4,56.7,0.0,0.0,0.0,0.0,6.9,12.88,0,0,0
fifth-meyran,2019-09-07,2019,9,51,rain,64.7,57.1,0.02,0.02,0.0,4.0,9.8,12.83,1,0,0
fifth-meyran,2019-09-08,2019,9,51,rain,63.6,54.6,0.008,0.008,0.0,2.0,6.4,12.79,0,0,0
fifth-meyran,2019-09-09,2019,9,3,cloud,66.6,55.9,0.0,0.0,0.0,0.0,6.2,12.75,0,0,0
fifth-meyran,2019-09-10,2019,9,3,cloud,72.9,58.4,0.0,0.0,0.0,0.0,6.4,12.7,0,0,0
fifth-meyran,2019-09-11,2019,9,61,rain,75.9,68.2,0.299,0.299,0.0,7.0,7.3,12.66,1,0,0
fifth-meyran,2019-09-12,2019,9,61,rain,74.9,69.9,0.142,0.142,0.0,4.0,7.9,12.61,1,0,0
fifth-meyran,2019-09-13,2019,9,51,rain,72.9,65.4,0.008,0.008,0.0,2.0,13.7,12.57,0,0,0
fifth-meyran,2019-09-14,2019,9,61,rain,71.2,62.5,0.217,0.217,0.0,10.0,11.9,12.53,1,0,0
fifth-meyran,2019-09-15,2019,9,3,cloud,68.2,55.9,0.0,0.0,0.0,0.0,4.0,12.48,0,0,0
fifth-meyran,2019-09-16,2019,9,3,cloud,72.3,63.0,0.0,0.0,0.0,0.0,9.9,12.44,0,0,0
fifth-meyran,2019-09-17,2019,9,3,cloud,69.5,62.5,0.0,0.0,0.0,0.0,8.2,12.4,0,0,0
fifth-meyran,2019-09-18,2019,9,0,clear,65.2,55.9,0.0,0.0,0.0,0.0,8.1,12.35,0,0,0
fifth-meyran,2019-09-19,2019,9,3,cloud,64.8,54.1,0.0,0.0,0.0,0.0,7.7,12.31,0,0,0
fifth-meyran,2019-09-20,2019,9,3,cloud,67.2,56.0,0.0,0.0,0.0,0.0,5.6,12.26,0,0,0
fifth-meyran,2019-09-21,2019,9,51,rain,72.4,63.4,0.004,0.004,0.0,1.0,6.2,12.22,0,0,0
fifth-meyran,2019-09-22,2019,9,3,cloud,75.8,65.8,0.0,0.0,0.0,0.0,9.7,12.18,0,0,0
fifth-meyran,2019-09-23,2019,9,51,rain,71.2,63.8,0.024,0.024,0.0,4.0,14.5,12.13,1,0,0
fifth-meyran,2019-09-24,2019,9,3,cloud,64.0,56.4,0.0,0.0,0.0,0.0,9.9,12.09,0,0,0
fifth-meyran,2019-09-25,2019,9,3,cloud,65.5,53.9,0.0,0.0,0.0,0.0,7.7,12.04,0,0,0
fifth-meyran,2019-09-26,2019,9,61,rain,67.1,58.0,0.138,0.138,0.0,7.0,12.5,12.0,1,0,0
fifth-meyran,2019-09-27,2019,9,2,cloud,65.5,51.7,0.0,0.0,0.0,0.0,8.0,11.95,0,0,0
fifth-meyran,2019-09-28,2019,9,63,rain,73.4,66.8,0.213,0.213,0.0,4.0,11.2,11.91,1,0,0
fifth-meyran,2019-09-29,2019,9,51,rain,69.4,63.2,0.016,0.016,0.0,1.0,6.2,11.86,1,0,0
fifth-meyran,2019-09-30,2019,9,61,rain,70.8,66.6,0.307,0.307,0.0,12.0,6.0,11.82,1,0,0
fifth-meyran,2019-10-01,2019,10,3,cloud,76.3,67.4,0.0,0.0,0.0,0.0,9.7,11.78,0,0,0
fifth-meyran,2019-10-02,2019,10,3,cloud,76.4,69.1,0.0,0.0,0.0,0.0,10.2,11.73,0,0,0
fifth-meyran,2019-10-03,2019,10,51,rain,75.6,67.6,0.047,0.047,0.0,6.0,13.0,11.69,1,0,0
fifth-meyran,2019-10-04,2019,10,51,rain,60.1,50.4,0.004,0.004,0.0,1.0,10.9,11.64,0,0,0
fifth-meyran,2019-10-05,2019,10,3,cloud,54.8,45.1,0.0,0.0,0.0,0.0,11.2,11.6,0,0,0
fifth-meyran,2019-10-06,2019,10,61,rain,64.3,55.8,0.126,0.126,0.0,4.0,11.4,11.56,1,0,0
fifth-meyran,2019-10-07,2019,10,63,rain,57.0,53.2,1.492,1.492,0.0,20.0,8.7,11.51,1,0,0
fifth-meyran,2019-10-08,2019,10,3,cloud,56.0,49.3,0.0,0.0,0.0,0.0,7.4,11.47,0,0,0
fifth-meyran,2019-10-09,2019,10,2,cloud,56.2,46.0,0.0,0.0,0.0,0.0,7.6,11.43,0,0,0
fifth-meyran,2019-10-10,2019,10,3,cloud,58.1,47.8,0.0,0.0,0.0,0.0,6.7,11.38,0,0,0
fifth-meyran,2019-10-11,2019,10,3,cloud,61.2,50.2,0.0,0.0,0.0,0.0,7.1,11.34,0,0,0
fifth-meyran,2019-10-12,2019,10,51,rain,55.3,44.0,0.035,0.035,0.0,5.0,12.0,11.3,1,0,0
fifth-meyran,2019-10-13,2019,10,3,cloud,49.7,39.3,0.0,0.0,0.0,0.0,7.9,11.25,0,0,0
fifth-meyran,2019-10-14,2019,10,1,clear,52.8,46.9,0.0,0.0,0.0,0.0,10.5,11.21,0,0,0
fifth-meyran,2019-10-15,2019,10,2,cloud,53.0,41.5,0.0,0.0,0.0,0.0,8.9,11.16,0,0,0
fifth-meyran,2019-10-16,2019,10,63,rain,52.7,46.9,0.862,0.862,0.0,12.0,15.0,11.12,1,0,0
fifth-meyran,2019-10-17,2019,10,51,rain,46.6,43.6,0.063,0.063,0.0,8.0,18.4,11.08,1,0,0
fifth-meyran,2019-10-18,2019,10,3,cloud,47.2,41.7,0.0,0.0,0.0,0.0,9.5,11.03,0,0,0
fifth-meyran,2019-10-19,2019,10,3,cloud,49.2,36.8,0.0,0.0,0.0,0.0,6.5,10.99,0,0,0
fifth-meyran,2019-10-20,2019,10,3,cloud,54.5,48.9,0.0,0.0,0.0,0.0,7.5,10.95,0,0,0
fifth-meyran,2019-10-21,2019,10,3,cloud,56.3,43.3,0.0,0.0,0.0,0.0,10.9,10.91,0,0,0
fifth-meyran,2019-10-22,2019,10,63,rain,57.5,51.0,0.626,0.626,0.0,12.0,10.3,10.86,1,0,0
fifth-meyran,2019-10-23,2019,10,1,clear,50.1,43.9,0.0,0.0,0.0,0.0,13.8,10.82,0,0,0
fifth-meyran,2019-10-24,2019,10,1,clear,52.7,42.4,0.0,0.0,0.0,0.0,8.2,10.78,0,0,0
fifth-meyran,2019-10-25,2019,10,3,cloud,50.7,42.1,0.0,0.0,0.0,0.0,5.6,10.74,0,0,0
fifth-meyran,2019-10-26,2019,10,63,rain,51.4,46.0,0.35,0.35,0.0,11.0,12.7,10.7,1,0,0
fifth-meyran,2019-10-27,2019,10,63,rain,57.1,49.9,0.606,0.606,0.0,11.0,16.0,10.66,1,0,0
fifth-meyran,2019-10-28,2019,10,3,cloud,52.9,41.9,0.0,0.0,0.0,0.0,6.5,10.62,0,0,0
fifth-meyran,2019-10-29,2019,10,3,cloud,58.7,50.0,0.0,0.0,0.0,0.0,13.0,10.58,0,0,0
fifth-meyran,2019-10-30,2019,10,63,rain,56.3,49.6,0.343,0.343,0.0,7.0,7.0,10.54,1,0,0
fifth-meyran,2019-10-31,2019,10,63,rain,59.0,38.8,0.988,0.988,0.0,18.0,21.7,10.5,1,0,0
fifth-meyran,2019-11-01,2019,11,3,cloud,38.6,35.5,0.0,0.0,0.0,0.0,24.2,10.46,0,0,0
fifth-meyran,2019-11-02,2019,11,51,rain,39.6,30.5,0.004,0.004,0.0,1.0,10.4,10.42,0,0,1
fifth-meyran,2019-11-03,2019,11,3,cloud,40.2,35.4,0.0,0.0,0.0,0.0,11.0,10.38,0,0,0
fifth-meyran,2019-11-04,2019,11,3,cloud,43.9,33.7,0.0,0.0,0.0,0.0,12.2,10.34,0,0,0
fifth-meyran,2019-11-05,2019,11,53,rain,45.3,39.6,0.173,0.173,0.0,9.0,9.3,10.3,1,0,0
fifth-meyran,2019-11-06,2019,11,3,cloud,40.4,32.1,0.0,0.0,0.0,0.0,5.9,10.27,0,0,0
fifth-meyran,2019-11-07,2019,11,61,rain,41.5,33.1,0.492,0.492,0.0,17.0,10.2,10.23,1,0,0
fifth-meyran,2019-11-08,2019,11,3,cloud,31.4,28.0,0.0,0.0,0.0,0.0,10.1,10.19,0,0,1
fifth-meyran,2019-11-09,2019,11,3,cloud,32.6,25.6,0.0,0.0,0.0,0.0,8.9,10.15,0,0,1
fifth-meyran,2019-11-10,2019,11,3,cloud,42.4,32.5,0.0,0.0,0.0,0.0,9.4,10.12,0,0,0
fifth-meyran,2019-11-11,2019,11,53,rain,47.4,38.7,0.031,0.031,0.0,2.0,10.8,10.08,1,0,0
fifth-meyran,2019-11-12,2019,11,73,snow,28.9,18.1,0.232,0.075,1.102,21.0,15.7,10.05,1,1,1
fifth-meyran,2019-11-13,2019,11,3,cloud,18.7,11.1,0.0,0.0,0.0,0.0,6.3,10.01,0,0,1
fifth-meyran,2019-11-14,2019,11,3,cloud,30.1,19.4,0.0,0.0,0.0,0.0,7.8,9.98,0,0,1
fifth-meyran,2019-11-15,2019,11,3,cloud,33.2,25.8,0.0,0.0,0.0,0.0,8.0,9.95,0,0,1
fifth-meyran,2019-11-16,2019,11,3,cloud,33.8,28.4,0.0,0.0,0.0,0.0,9.3,9.92,0,0,1
fifth-meyran,2019-11-17,2019,11,3,cloud,34.7,27.5,0.0,0.0,0.0,0.0,9.3,9.88,0,0,1
fifth-meyran,2019-11-18,2019,11,3,cloud,38.0,30.0,0.0,0.0,0.0,0.0,7.5,9.85,0,0,1
fifth-meyran,2019-11-19,2019,11,51,rain,38.2,30.6,0.02,0.02,0.0,4.0,7.3,9.82,1,0,1
fifth-meyran,2019-11-20,2019,11,3,cloud,40.1,35.5,0.0,0.0,0.0,0.0,9.1,9.79,0,0,0
fifth-meyran,2019-11-21,2019,11,51,rain,40.7,29.8,0.035,0.035,0.0,3.0,13.3,9.76,1,0,1
fifth-meyran,2019-11-22,2019,11,61,rain,43.1,31.6,0.232,0.232,0.0,8.0,13.0,9.73,1,0,1
fifth-meyran,2019-11-23,2019,11,61,rain,35.9,27.0,0.228,0.228,0.0,7.0,7.2,9.7,1,0,1
fifth-meyran,2019-11-24,2019,11,71,snow,38.6,34.0,0.075,0.071,0.028,9.0,13.4,9.68,1,0,0
fifth-meyran,2019-11-25,2019,11,3,cloud,40.7,33.1,0.0,0.0,0.0,0.0,9.5,9.65,0,0,0
fifth-meyran,2019-11-26,2019,11,3,cloud,45.9,37.3,0.0,0.0,0.0,0.0,7.5,9.62,0,0,0
fifth-meyran,2019-11-27,2019,11,55,rain,48.9,40.1,0.134,0.134,0.0,10.0,21.8,9.6,1,0,0
fifth-meyran,2019-11-28,2019,11,3,cloud,38.0,36.1,0.0,0.0,0.0,0.0,17.9,9.57,0,0,0
fifth-meyran,2019-11-29,2019,11,3,cloud,35.7,32.6,0.0,0.0,0.0,0.0,6.3,9.55,0,0,0
fifth-meyran,2019-11-30,2019,11,3,cloud,37.6,34.3,0.0,0.0,0.0,0.0,9.2,9.53,0,0,0
fifth-meyran,2019-12-01,2019,12,63,rain,41.2,37.6,0.732,0.732,0.0,20.0,12.7,9.5,1,0,0
fifth-meyran,2019-12-02,2019,12,71,snow,34.4,30.7,0.059,0.055,0.028,8.0,11.4,9.48,1,0,1
fifth-meyran,2019-12-03,2019,12,73,snow,34.0,32.4,0.016,0.0,0.11,2.0,10.4,9.46,0,1,0
fifth-meyran,2019-12-04,2019,12,73,snow,34.0,30.6,0.146,0.035,0.772,13.0,13.5,9.44,1,1,1
fifth-meyran,2019-12-05,2019,12,71,snow,34.5,31.7,0.012,0.0,0.083,3.0,13.8,9.43,0,0,1
fifth-meyran,2019-12-06,2019,12,51,rain,37.8,30.5,0.004,0.004,0.0,1.0,13.9,9.41,0,0,1
fifth-meyran,2019-12-07,2019,12,3,cloud,30.7,25.3,0.0,0.0,0.0,0.0,5.8,9.39,0,0,1
fifth-meyran,2019-12-08,2019,12,3,cloud,37.7,26.6,0.0,0.0,0.0,0.0,10.8,9.38,0,0,1
fifth-meyran,2019-12-09,2019,12,63,rain,48.1,42.0,0.748,0.748,0.0,20.0,15.9,9.37,1,0,0
fifth-meyran,2019-12-10,2019,12,61,rain,42.3,28.2,0.323,0.323,0.0,12.0,15.0,9.35,1,0,1
fifth-meyran,2019-12-11,2019,12,3,cloud,26.6,21.6,0.0,0.0,0.0,0.0,16.9,9.34,0,0,1
fifth-meyran,2019-12-12,2019,12,3,cloud,27.8,20.5,0.0,0.0,0.0,0.0,8.4,9.33,0,0,1
fifth-meyran,2019-12-13,2019,12,53,rain,35.0,28.1,0.031,0.031,0.0,2.0,6.4,9.32,1,0,1
fifth-meyran,2019-12-14,2019,12,71,snow,37.6,34.9,0.555,0.551,0.028,22.0,12.8,9.31,1,0,0
fifth-meyran,2019-12-15,2019,12,71,snow,33.0,28.1,0.035,0.031,0.028,5.0,16.0,9.3,1,0,1
fifth-meyran,2019-12-16,2019,12,73,snow,32.3,28.0,0.394,0.248,1.02,17.0,8.1,9.3,1,1,1
fifth-meyran,2019-12-17,2019,12,71,snow,32.5,27.6,0.339,0.315,0.165,14.0,11.4,9.29,1,1,1
fifth-meyran,2019-12-18,2019,12,71,snow,24.3,20.0,0.004,0.0,0.028,1.0,16.6,9.29,0,0,1
fifth-meyran,2019-12-19,2019,12,3,cloud,21.8,15.3,0.0,0.0,0.0,0.0,11.9,9.28,0,0,1
fifth-meyran,2019-12-20,2019,12,3,cloud,27.1,20.2,0.0,0.0,0.0,0.0,6.0,9.28,0,0,1
fifth-meyran,2019-12-21,2019,12,3,cloud,31.9,25.4,0.0,0.0,0.0,0.0,7.0,9.28,0,0,1
fifth-meyran,2019-12-22,2019,12,3,cloud,35.0,26.4,0.0,0.0,0.0,0.0,6.4,9.28,0,0,1
fifth-meyran,2019-12-23,2019,12,3,cloud,36.2,26.5,0.0,0.0,0.0,0.0,6.8,9.28,0,0,1
fifth-meyran,2019-12-24,2019,12,3,cloud,34.2,26.9,0.0,0.0,0.0,0.0,5.1,9.28,0,0,1
fifth-meyran,2019-12-25,2019,12,3,cloud,34.6,25.1,0.0,0.0,0.0,0.0,6.3,9.28,0,0,1
fifth-meyran,2019-12-26,2019,12,3,cloud,41.8,31.4,0.0,0.0,0.0,0.0,7.5,9.29,0,0,1
fifth-meyran,2019-12-27,2019,12,51,rain,50.0,43.3,0.028,0.028,0.0,6.0,11.9,9.29,1,0,0
fifth-meyran,2019-12-28,2019,12,3,cloud,39.3,33.5,0.0,0.0,0.0,0.0,5.4,9.3,0,0,0
fifth-meyran,2019-12-29,2019,12,63,rain,48.2,39.4,0.791,0.791,0.0,15.0,8.1,9.31,1,0,0
fifth-meyran,2019-12-30,2019,12,63,rain,51.2,40.3,0.402,0.402,0.0,10.0,16.2,9.32,1,0,0
fifth-meyran,2019-12-31,2019,12,73,snow,37.0,32.8,0.091,0.016,0.524,13.0,18.5,9.33,1,1,0
fifth-meyran,2020-01-01,2020,1,73,snow,32.5,28.6,0.024,0.0,0.165,4.0,13.9,9.34,0,1,1
fifth-meyran,2020-01-02,2020,1,51,rain,39.2,29.8,0.031,0.031,0.0,3.0,10.5,9.35,1,0,1
fifth-meyran,2020-01-03,2020,1,61,rain,48.1,45.6,0.854,0.854,0.0,24.0,6.3,9.37,1,0,0
fifth-meyran,2020-01-04,2020,1,71,snow,42.4,33.6,0.209,0.201,0.055,13.0,10.3,9.38,1,0,0
fifth-meyran,2020-01-05,2020,1,73,snow,32.3,30.4,0.039,0.004,0.276,6.0,12.2,9.4,0,1,1
fifth-meyran,2020-01-06,2020,1,3,cloud,37.9,33.7,0.0,0.0,0.0,0.0,13.6,9.41,0,0,0
fifth-meyran,2020-01-07,2020,1,71,snow,31.6,25.9,0.012,0.0,0.083,3.0,7.8,9.43,0,0,1
fifth-meyran,2020-01-08,2020,1,71,snow,30.5,22.6,0.028,0.0,0.193,6.0,18.0,9.45,0,1,1
fifth-meyran,2020-01-09,2020,1,3,cloud,30.2,20.2,0.0,0.0,0.0,0.0,10.5,9.47,0,0,1
fifth-meyran,2020-01-10,2020,1,63,rain,47.6,40.8,0.476,0.476,0.0,12.0,11.9,9.49,1,0,0
fifth-meyran,2020-01-11,2020,1,63,rain,59.7,52.0,0.276,0.276,0.0,8.0,16.7,9.51,1,0,0
fifth-meyran,2020-01-12,2020,1,61,rain,47.2,37.8,0.177,0.177,0.0,5.0,20.9,9.53,1,0,0
fifth-meyran,2020-01-13,2020,1,3,cloud,41.3,35.1,0.0,0.0,0.0,0.0,9.7,9.55,0,0,0
fifth-meyran,2020-01-14,2020,1,51,rain,43.4,33.6,0.008,0.008,0.0,1.0,9.4,9.57,0,0,0
fifth-meyran,2020-01-15,2020,1,63,rain,42.3,34.3,0.134,0.134,0.0,4.0,8.4,9.6,1,0,0
fifth-meyran,2020-01-16,2020,1,73,snow,37.5,27.8,0.087,0.031,0.386,14.0,19.2,9.62,1,1,1
fifth-meyran,2020-01-17,2020,1,71,snow,26.2,22.5,0.008,0.0,0.083,2.0,12.8,9.65,0,0,1
fifth-meyran,2020-01-18,2020,1,75,snow,34.0,25.6,0.76,0.547,1.488,17.0,17.3,9.68,1,1,1
fifth-meyran,2020-01-19,2020,1,71,snow,25.7,16.2,0.008,0.004,0.028,2.0,16.1,9.7,0,0,1
fifth-meyran,2020-01-20,2020,1,71,snow,22.0,16.4,0.008,0.0,0.055,2.0,10.1,9.73,0,0,1
fifth-meyran,2020-01-21,2020,1,3,cloud,22.8,18.5,0.0,0.0,0.0,0.0,6.3,9.76,0,0,1
fifth-meyran,2020-01-22,2020,1,3,cloud,25.0,14.7,0.0,0.0,0.0,0.0,5.6,9.79,0,0,1
fifth-meyran,2020-01-23,2020,1,3,cloud,32.2,22.2,0.0,0.0,0.0,0.0,5.8,9.82,0,0,1
fifth-meyran,2020-01-24,2020,1,63,rain,38.5,32.1,0.697,0.697,0.0,12.0,12.3,9.86,1,0,0
fifth-meyran,2020-01-25,2020,1,63,rain,38.9,33.7,0.531,0.531,0.0,17.0,11.3,9.89,1,0,0
fifth-meyran,2020-01-26,2020,1,71,snow,34.1,32.4,0.035,0.004,0.22,7.0,12.5,9.92,0,1,0
fifth-meyran,2020-01-27,2020,1,71,snow,34.1,32.5,0.055,0.0,0.386,12.0,10.4,9.95,0,1,0
fifth-meyran,2020-01-28,2020,1,71,snow,33.8,31.9,0.004,0.0,0.028,1.0,9.0,9.99,0,0,1
fifth-meyran,2020-01-29,2020,1,71,snow,31.4,24.6,0.004,0.0,0.028,1.0,7.2,10.02,0,0,1
fifth-meyran,2020-01-30,2020,1,3,cloud,29.5,22.5,0.0,0.0,0.0,0.0,5.1,10.06,0,0,1
fifth-meyran,2020-01-31,2020,1,73,snow,32.4,26.2,0.118,0.098,0.138,10.0,3.6,10.09,1,1,1
fifth-meyran,2020-02-01,2020,2,73,snow,33.7,30.6,0.055,0.004,0.358,5.0,7.5,10.13,0,1,1
fifth-meyran,2020-02-02,2020,2,73,snow,40.4,32.3,0.075,0.0,0.524,6.0,16.7,10.16,0,1,0
fifth-meyran,2020-02-03,2020,2,3,cloud,47.9,35.5,0.0,0.0,0.0,0.0,11.8,10.2,0,0,0
fifth-meyran,2020-02-04,2020,2,61,rain,49.8,36.2,0.516,0.516,0.0,23.0,12.7,10.24,1,0,0
fifth-meyran,2020-02-05,2020,2,51,rain,34.4,31.1,0.063,0.063,0.0,7.0,11.2,10.27,1,0,1
fifth-meyran,2020-02-06,2020,2,61,rain,39.5,34.5,0.37,0.37,0.0,17.0,7.6,10.31,1,0,0
fifth-meyran,2020-02-07,2020,2,75,snow,29.7,26.4,0.543,0.059,3.39,19.0,16.3,10.35,1,1,1
fifth-meyran,2020-02-08,2020,2,71,snow,27.8,21.2,0.031,0.0,0.22,7.0,10.1,10.39,0,1,1
fifth-meyran,2020-02-09,2020,2,73,snow,30.9,21.0,0.063,0.016,0.331,5.0,8.6,10.43,1,1,1
fifth-meyran,2020-02-10,2020,2,73,snow,41.9,37.5,0.587,0.559,0.193,23.0,14.0,10.47,1,1,0
fifth-meyran,2020-02-11,2020,2,73,snow,37.1,34.1,0.047,0.008,0.276,7.0,9.6,10.51,0,1,0
fifth-meyran,2020-02-12,2020,2,73,snow,34.2,28.2,0.335,0.185,1.047,7.0,8.7,10.55,1,1,1
fifth-meyran,2020-02-13,2020,2,73,snow,35.5,32.5,0.535,0.484,0.358,17.0,12.2,10.59,1,1,0
fifth-meyran,2020-02-14,2020,2,3,cloud,21.9,16.5,0.0,0.0,0.0,0.0,12.0,10.63,0,0,1
fifth-meyran,2020-02-15,2020,2,3,cloud,25.9,15.7,0.0,0.0,0.0,0.0,9.3,10.68,0,0,1
fifth-meyran,2020-02-16,2020,2,51,rain,35.2,28.1,0.008,0.008,0.0,2.0,7.4,10.72,0,0,1
fifth-meyran,2020-02-17,2020,2,3,cloud,35.5,23.6,0.0,0.0,0.0,0.0,8.9,10.76,0,0,1
fifth-meyran,2020-02-18,2020,2,55,rain,45.1,37.9,0.217,0.217,0.0,12.0,11.9,10.8,1,0,0
fifth-meyran,2020-02-19,2020,2,3,cloud,32.2,25.8,0.0,0.0,0.0,0.0,10.4,10.84,0,0,1
fifth-meyran,2020-02-20,2020,2,3,cloud,26.2,19.6,0.0,0.0,0.0,0.0,10.0,10.89,0,0,1
fifth-meyran,2020-02-21,2020,2,0,clear,24.7,16.7,0.0,0.0,0.0,0.0,8.3,10.93,0,0,1
fifth-meyran,2020-02-22,2020,2,1,clear,32.2,22.2,0.0,0.0,0.0,0.0,11.1,10.97,0,0,1
fifth-meyran,2020-02-23,2020,2,3,cloud,37.9,25.8,0.0,0.0,0.0,0.0,12.4,11.01,0,0,1
fifth-meyran,2020-02-24,2020,2,3,cloud,43.3,32.3,0.0,0.0,0.0,0.0,8.9,11.06,0,0,0
fifth-meyran,2020-02-25,2020,2,53,rain,43.1,39.5,0.217,0.217,0.0,17.0,5.1,11.1,1,0,0
fifth-meyran,2020-02-26,2020,2,71,snow,44.3,35.6,0.516,0.512,0.028,13.0,14.2,11.14,1,0,0
fifth-meyran,2020-02-27,2020,2,73,snow,26.9,22.4,0.063,0.012,0.386,9.0,18.7,11.19,1,1,1
fifth-meyran,2020-02-28,2020,2,71,snow,26.2,21.2,0.008,0.0,0.083,2.0,15.4,11.23,0,0,1
fifth-meyran,2020-02-29,2020,2,3,cloud,24.6,19.6,0.0,0.0,0.0,0.0,15.4,11.27,0,0,1
fifth-meyran,2020-03-01,2020,3,3,cloud,32.9,21.5,0.0,0.0,0.0,0.0,9.3,11.32,0,0,1
fifth-meyran,2020-03-02,2020,3,55,rain,46.9,38.3,0.154,0.154,0.0,12.0,18.7,11.36,1,0,0
fifth-meyran,2020-03-03,2020,3,63,rain,48.1,41.9,0.343,0.343,0.0,10.0,17.5,11.41,1,0,0
fifth-meyran,2020-03-04,2020,3,51,rain,42.5,35.0,0.016,0.016,0.0,2.0,17.8,11.45,1,0,0
fifth-meyran,2020-03-05,2020,3,3,cloud,38.5,26.3,0.0,0.0,0.0,0.0,8.0,11.5,0,0,1
fifth-meyran,2020-03-06,2020,3,73,snow,38.1,32.7,0.071,0.055,0.11,6.0,15.2,11.54,1,1,0
fifth-meyran,2020-03-07,2020,3,71,snow,34.9,29.2,0.004,0.0,0.028,1.0,11.9,11.59,0,0,1
fifth-meyran,2020-03-08,2020,3,3,cloud,41.6,27.4,0.0,0.0,0.0,0.0,9.5,11.63,0,0,1
fifth-meyran,2020-03-09,2020,3,3,cloud,51.2,41.3,0.0,0.0,0.0,0.0,12.8,11.68,0,0,0
fifth-meyran,2020-03-10,2020,3,55,rain,50.4,38.5,0.323,0.323,0.0,13.0,16.5,11.72,1,0,0
fifth-meyran,2020-03-11,2020,3,51,rain,41.0,33.7,0.031,0.031,0.0,4.0,5.9,11.77,1,0,0
fifth-meyran,2020-03-12,2020,3,53,rain,49.5,38.1,0.043,0.043,0.0,2.0,10.6,11.81,1,0,0
fifth-meyran,2020-03-13,2020,3,61,rain,51.8,42.1,0.165,0.165,0.0,9.0,15.7,11.85,1,0,0
fifth-meyran,2020-03-14,2020,3,73,snow,38.2,31.9,0.146,0.091,0.386,8.0,10.0,11.9,1,1,1
fifth-meyran,2020-03-15,2020,3,73,snow,39.7,32.9,0.035,0.012,0.165,4.0,8.2,11.94,1,1,0
fifth-meyran,2020-03-16,2020,3,53,rain,39.5,30.3,0.051,0.051,0.0,3.0,9.1,11.99,1,0,1
fifth-meyran,2020-03-17,2020,3,53,rain,43.8,39.5,0.114,0.114,0.0,9.0,9.3,12.03,1,0,0
fifth-meyran,2020-03-18,2020,3,63,rain,44.7,31.4,0.618,0.618,0.0,7.0,11.0,12.08,1,0,1
fifth-meyran,2020-03-19,2020,3,61,rain,57.2,50.9,0.476,0.476,0.0,13.0,13.0,12.12,1,0,0
fifth-meyran,2020-03-20,2020,3,61,rain,61.1,44.3,0.335,0.335,0.0,14.0,18.7,12.17,1,0,0
fifth-meyran,2020-03-21,2020,3,3,cloud,35.7,29.1,0.0,0.0,0.0,0.0,11.9,12.21,0,0,1
fifth-meyran,2020-03-22,2020,3,51,rain,37.7,26.3,0.02,0.02,0.0,2.0,11.7,12.26,1,0,1
fifth-meyran,2020-03-23,2020,3,63,rain,43.5,40.4,0.48,0.48,0.0,12.0,11.9,12.3,1,0,0
fifth-meyran,2020-03-24,2020,3,3,cloud,43.4,36.7,0.0,0.0,0.0,0.0,8.1,12.35,0,0,0
fifth-meyran,2020-03-25,2020,3,55,rain,46.1,41.4,0.177,0.177,0.0,9.0,9.6,12.39,1,0,0
fifth-meyran,2020-03-26,2020,3,51,rain,51.4,37.6,0.028,0.028,0.0,4.0,9.7,12.44,1,0,0
fifth-meyran,2020-03-27,2020,3,61,rain,53.1,44.7,0.142,0.142,0.0,6.0,8.2,12.48,1,0,0
fifth-meyran,2020-03-28,2020,3,63,rain,60.5,50.0,0.988,0.988,0.0,20.0,11.1,12.53,1,0,0
fifth-meyran,2020-03-29,2020,3,63,rain,64.2,56.8,0.579,0.579,0.0,15.0,23.1,12.57,1,0,0
fifth-meyran,2020-03-30,2020,3,3,cloud,49.8,43.3,0.0,0.0,0.0,0.0,16.7,12.62,0,0,0
fifth-meyran,2020-03-31,2020,3,51,rain,43.6,39.2,0.035,0.035,0.0,5.0,7.6,12.66,1,0,0
fifth-meyran,2020-04-01,2020,4,61,rain,45.2,38.8,0.142,0.142,0.0,14.0,12.0,12.71,1,0,0
fifth-meyran,2020-04-02,2020,4,3,cloud,44.2,33.0,0.0,0.0,0.0,0.0,16.2,12.75,0,0,0
fifth-meyran,2020-04-03,2020,4,2,cloud,45.7,33.9,0.0,0.0,0.0,0.0,13.8,12.79,0,0,0
fifth-meyran,2020-04-04,2020,4,3,cloud,47.8,37.0,0.0,0.0,0.0,0.0,6.8,12.84,0,0,0
fifth-meyran,2020-04-05,2020,4,53,rain,52.3,43.2,0.02,0.02,0.0,1.0,8.2,12.88,1,0,0
fifth-meyran,2020-04-06,2020,4,3,cloud,48.7,33.3,0.0,0.0,0.0,0.0,5.5,12.92,0,0,0
fifth-meyran,2020-04-07,2020,4,61,rain,54.6,46.9,0.189,0.189,0.0,8.0,10.0,12.97,1,0,0
fifth-meyran,2020-04-08,2020,4,61,rain,59.4,51.5,0.122,0.122,0.0,6.0,14.6,13.01,1,0,0
fifth-meyran,2020-04-09,2020,4,63,rain,47.9,38.6,0.437,0.437,0.0,14.0,18.9,13.06,1,0,0
fifth-meyran,2020-04-10,2020,4,71,snow,38.0,33.0,0.031,0.004,0.193,7.0,20.6,13.1,0,1,0
fifth-meyran,2020-04-11,2020,4,3,cloud,42.5,31.6,0.0,0.0,0.0,0.0,12.0,13.14,0,0,1
fifth-meyran,2020-04-12,2020,4,63,rain,52.0,37.7,0.197,0.197,0.0,5.0,13.9,13.19,1,0,0
fifth-meyran,2020-04-13,2020,4,63,rain,54.9,42.6,0.689,0.689,0.0,15.0,20.3,13.23,1,0,0
fifth-meyran,2020-04-14,2020,4,51,rain,41.3,37.6,0.008,0.008,0.0,2.0,11.5,13.27,0,0,0
fifth-meyran,2020-04-15,2020,4,71,snow,38.4,28.2,0.075,0.055,0.138,8.0,15.9,13.32,1,1,1
fifth-meyran,2020-04-16,2020,4,73,snow,35.4,28.6,0.079,0.004,0.524,7.0,15.9,13.36,0,1,1
fifth-meyran,2020-04-17,2020,4,61,rain,38.8,29.8,0.374,0.374,0.0,11.0,10.9,13.4,1,0,1
fifth-meyran,2020-04-18,2020,4,61,rain,41.3,34.3,0.154,0.154,0.0,5.0,12.7,13.44,1,0,0
fifth-meyran,2020-04-19,2020,4,3,cloud,45.7,33.5,0.0,0.0,0.0,0.0,12.4,13.48,0,0,0
fifth-meyran,2020-04-20,2020,4,3,cloud,47.0,37.0,0.0,0.0,0.0,0.0,8.2,13.53,0,0,0
fifth-meyran,2020-04-21,2020,4,51,rain,44.2,34.8,0.035,0.035,0.0,3.0,20.6,13.57,1,0,0
fifth-meyran,2020-04-22,2020,4,71,snow,38.2,28.1,0.028,0.024,0.028,3.0,11.1,13.61,1,0,1
fifth-meyran,2020-04-23,2020,4,61,rain,48.6,37.5,0.189,0.189,0.0,12.0,9.1,13.65,1,0,0
fifth-meyran,2020-04-24,2020,4,53,rain,52.1,47.4,0.169,0.169,0.0,9.0,9.2,13.69,1,0,0
fifth-meyran,2020-04-25,2020,4,61,rain,52.8,38.8,0.106,0.106,0.0,5.0,11.5,13.73,1,0,0
fifth-meyran,2020-04-26,2020,4,63,rain,48.6,41.6,1.496,1.496,0.0,24.0,13.6,13.77,1,0,0
fifth-meyran,2020-04-27,2020,4,3,cloud,47.5,37.3,0.0,0.0,0.0,0.0,12.4,13.81,0,0,0
fifth-meyran,2020-04-28,2020,4,51,rain,50.2,43.3,0.087,0.087,0.0,11.0,9.3,13.84,1,0,0
fifth-meyran,2020-04-29,2020,4,61,rain,58.8,48.2,0.22,0.22,0.0,6.0,16.1,13.88,1,0,0
fifth-meyran,2020-04-30,2020,4,63,rain,53.5,48.3,0.394,0.394,0.0,13.0,14.4,13.92,1,0,0
fifth-meyran,2020-05-01,2020,5,51,rain,49.3,44.2,0.004,0.004,0.0,1.0,13.6,13.96,0,0,0
fifth-meyran,2020-05-02,2020,5,3,cloud,53.8,38.8,0.0,0.0,0.0,0.0,10.9,14.0,0,0,0
fifth-meyran,2020-05-03,2020,5,61,rain,65.0,57.0,0.169,0.169,0.0,5.0,12.5,14.04,1,0,0
fifth-meyran,2020-05-04,2020,5,51,rain,50.7,43.4,0.008,0.008,0.0,1.0,12.9,14.07,0,0,0
fifth-meyran,2020-05-05,2020,5,55,rain,44.4,36.3,0.063,0.063,0.0,3.0,8.7,14.11,1,0,0
fifth-meyran,2020-05-06,2020,5,53,rain,43.0,38.0,0.339,0.339,0.0,19.0,12.6,14.15,1,0,0
fifth-meyran,2020-05-07,2020,5,3,cloud,48.1,33.1,0.0,0.0,0.0,0.0,16.9,14.18,0,0,0
fifth-meyran,2020-05-08,2020,5,61,rain,41.5,32.1,0.26,0.26,0.0,10.0,14.0,14.22,1,0,0
fifth-meyran,2020-05-09,2020,5,73,snow,35.0,26.5,0.02,0.0,0.138,3.0,17.9,14.25,0,1,1
fifth-meyran,2020-05-10,2020,5,53,rain,46.1,33.6,0.067,0.067,0.0,3.0,13.8,14.29,1,0,0
fifth-meyran,2020-05-11,2020,5,51,rain,42.1,39.1,0.063,0.063,0.0,10.0,17.5,14.32,1,0,0
fifth-meyran,2020-05-12,2020,5,3,cloud,44.1,35.6,0.0,0.0,0.0,0.0,14.1,14.35,0,0,0
fifth-meyran,2020-05-13,2020,5,3,cloud,48.7,35.2,0.0,0.0,0.0,0.0,7.2,14.39,0,0,0
fifth-meyran,2020-05-14,2020,5,53,rain,56.4,41.3,0.051,0.051,0.0,3.0,12.1,14.42,1,0,0
fifth-meyran,2020-05-15,2020,5,61,rain,66.4,59.0,0.382,0.382,0.0,16.0,15.3,14.45,1,0,0
fifth-meyran,2020-05-16,2020,5,55,rain,63.0,54.6,0.079,0.079,0.0,2.0,6.9,14.48,1,0,0
fifth-meyran,2020-05-17,2020,5,61,rain,66.2,57.3,0.11,0.11,0.0,3.0,9.5,14.51,1,0,0
fifth-meyran,2020-05-18,2020,5,51,rain,66.6,58.6,0.004,0.004,0.0,1.0,13.5,14.54,0,0,0
fifth-meyran,2020-05-19,2020,5,3,cloud,61.9,57.2,0.0,0.0,0.0,0.0,16.1,14.57,0,0,0
fifth-meyran,2020-05-20,2020,5,3,cloud,56.2,50.5,0.0,0.0,0.0,0.0,12.4,14.6,0,0,0
fifth-meyran,2020-05-21,2020,5,3,cloud,59.6,47.7,0.0,0.0,0.0,0.0,12.1,14.62,0,0,0
fifth-meyran,2020-05-22,2020,5,55,rain,61.3,56.8,0.413,0.413,0.0,20.0,5.9,14.65,1,0,0
fifth-meyran,2020-05-23,2020,5,3,cloud,63.7,54.0,0.0,0.0,0.0,0.0,5.0,14.68,0,0,0
fifth-meyran,2020-05-24,2020,5,3,cloud,68.0,56.0,0.0,0.0,0.0,0.0,8.5,14.7,0,0,0
fifth-meyran,2020-05-25,2020,5,51,rain,71.6,59.5,0.008,0.008,0.0,1.0,9.4,14.73,0,0,0
fifth-meyran,2020-05-26,2020,5,3,cloud,74.3,61.0,0.0,0.0,0.0,0.0,11.1,14.75,0,0,0
fifth-meyran,2020-05-27,2020,5,3,cloud,72.8,62.2,0.0,0.0,0.0,0.0,12.5,14.78,0,0,0
fifth-meyran,2020-05-28,2020,5,63,rain,71.9,65.1,0.346,0.346,0.0,12.0,15.5,14.8,1,0,0
fifth-meyran,2020-05-29,2020,5,61,rain,70.0,61.7,0.252,0.252,0.0,11.0,15.1,14.82,1,0,0
fifth-meyran,2020-05-30,2020,5,51,rain,60.9,51.4,0.035,0.035,0.0,4.0,13.5,14.84,1,0,0
fifth-meyran,2020-05-31,2020,5,3,cloud,56.2,50.0,0.0,0.0,0.0,0.0,9.6,14.86,0,0,0
fifth-meyran,2020-06-01,2020,6,3,cloud,57.7,45.2,0.0,0.0,0.0,0.0,7.4,14.88,0,0,0
fifth-meyran,2020-06-02,2020,6,55,rain,68.0,55.1,0.083,0.083,0.0,4.0,12.9,14.9,1,0,0
fifth-meyran,2020-06-03,2020,6,61,rain,73.6,63.5,0.165,0.165,0.0,6.0,14.9,14.92,1,0,0
fifth-meyran,2020-06-04,2020,6,51,rain,72.9,64.9,0.031,0.031,0.0,5.0,8.7,14.93,1,0,0
fifth-meyran,2020-06-05,2020,6,55,rain,71.7,66.1,0.146,0.146,0.0,8.0,5.9,14.95,1,0,0
fifth-meyran,2020-06-06,2020,6,3,cloud,73.0,66.2,0.0,0.0,0.0,0.0,11.8,14.96,0,0,0
fifth-meyran,2020-06-07,2020,6,3,cloud,66.2,54.4,0.0,0.0,0.0,0.0,7.3,14.98,0,0,0
fifth-meyran,2020-06-08,2020,6,2,cloud,67.7,53.5,0.0,0.0,0.0,0.0,5.7,14.99,0,0,0
fifth-meyran,2020-06-09,2020,6,3,cloud,76.1,59.3,0.0,0.0,0.0,0.0,8.1,15.0,0,0,0
fifth-meyran,2020-06-10,2020,6,61,rain,81.2,74.3,0.106,0.106,0.0,3.0,15.4,15.01,1,0,0
fifth-meyran,2020-06-11,2020,6,63,rain,71.6,64.6,0.5,0.5,0.0,4.0,13.0,15.02,1,0,0
fifth-meyran,2020-06-12,2020,6,1,clear,68.4,58.2,0.0,0.0,0.0,0.0,13.0,15.03,0,0,0
fifth-meyran,2020-06-13,2020,6,51,rain,62.4,54.1,0.024,0.024,0.0,2.0,6.9,15.04,1,0,0
fifth-meyran,2020-06-14,2020,6,51,rain,62.5,54.3,0.004,0.004,0.0,1.0,9.8,15.04,0,0,0
fifth-meyran,2020-06-15,2020,6,3,cloud,67.0,57.4,0.0,0.0,0.0,0.0,7.2,15.05,0,0,0
fifth-meyran,2020-06-16,2020,6,3,cloud,69.4,56.4,0.0,0.0,0.0,0.0,7.3,15.05,0,0,0
fifth-meyran,2020-06-17,2020,6,51,rain,69.6,58.6,0.004,0.004,0.0,1.0,8.5,15.06,0,0,0
fifth-meyran,2020-06-18,2020,6,61,rain,70.3,62.2,0.185,0.185,0.0,7.0,10.1,15.06,1,0,0
fifth-meyran,2020-06-19,2020,6,53,rain,70.0,61.8,0.039,0.039,0.0,3.0,11.4,15.06,1,0,0
fifth-meyran,2020-06-20,2020,6,51,rain,72.5,61.8,0.008,0.008,0.0,2.0,5.3,15.06,0,0,0
fifth-meyran,2020-06-21,2020,6,2,cloud,76.7,64.3,0.0,0.0,0.0,0.0,7.2,15.06,0,0,0
fifth-meyran,2020-06-22,2020,6,63,rain,74.1,67.4,0.37,0.37,0.0,10.0,11.1,15.06,1,0,0
fifth-meyran,2020-06-23,2020,6,63,rain,71.8,66.0,0.555,0.555,0.0,14.0,16.9,15.06,1,0,0
fifth-meyran,2020-06-24,2020,6,53,rain,66.7,57.2,0.067,0.067,0.0,8.0,14.5,15.06,1,0,0
fifth-meyran,2020-06-25,2020,6,53,rain,69.0,56.9,0.039,0.039,0.0,2.0,10.3,15.05,1,0,0
fifth-meyran,2020-06-26,2020,6,3,cloud,73.3,61.8,0.0,0.0,0.0,0.0,12.8,15.05,0,0,0
fifth-meyran,2020-06-27,2020,6,63,rain,71.4,68.3,0.476,0.476,0.0,12.0,15.0,15.04,1,0,0
fifth-meyran,2020-06-28,2020,6,55,rain,74.2,67.7,0.13,0.13,0.0,10.0,10.0,15.03,1,0,0
fifth-meyran,2020-06-29,2020,6,3,cloud,74.4,62.2,0.0,0.0,0.0,0.0,6.5,15.03,0,0,0
fifth-meyran,2020-06-30,2020,6,51,rain,75.1,63.5,0.008,0.008,0.0,2.0,8.4,15.02,0,0,0
fifth-meyran,2020-07-01,2020,7,3,cloud,74.2,63.8,0.0,0.0,0.0,0.0,9.6,15.01,0,0,0
fifth-meyran,2020-07-02,2020,7,3,cloud,76.4,63.6,0.0,0.0,0.0,0.0,8.4,14.99,0,0,0
fifth-meyran,2020-07-03,2020,7,3,cloud,79.4,65.7,0.0,0.0,0.0,0.0,10.1,14.98,0,0,0
fifth-meyran,2020-07-04,2020,7,51,rain,80.9,69.3,0.004,0.004,0.0,1.0,8.6,14.97,0,0,0
fifth-meyran,2020-07-05,2020,7,3,cloud,80.9,67.6,0.0,0.0,0.0,0.0,5.9,14.95,0,0,0
fifth-meyran,2020-07-06,2020,7,3,cloud,82.5,69.5,0.0,0.0,0.0,0.0,6.8,14.94,0,0,0
fifth-meyran,2020-07-07,2020,7,61,rain,79.9,70.0,0.087,0.087,0.0,3.0,8.4,14.92,1,0,0
fifth-meyran,2020-07-08,2020,7,51,rain,81.1,72.1,0.012,0.012,0.0,1.0,7.9,14.91,1,0,0
fifth-meyran,2020-07-09,2020,7,51,rain,82.1,72.9,0.012,0.012,0.0,3.0,10.5,14.89,1,0,0
fifth-meyran,2020-07-10,2020,7,63,rain,79.2,72.3,0.165,0.165,0.0,5.0,10.7,14.87,1,0,0
fifth-meyran,2020-07-11,2020,7,61,rain,73.8,69.3,0.307,0.307,0.0,16.0,15.7,14.85,1,0,0
fifth-meyran,2020-07-12,2020,7,51,rain,73.2,67.2,0.016,0.016,0.0,4.0,7.3,14.83,1,0,0
fifth-meyran,2020-07-13,2020,7,51,rain,72.2,64.0,0.008,0.008,0.0,2.0,9.5,14.81,0,0,0
fifth-meyran,2020-07-14,2020,7,3,cloud,71.4,60.1,0.0,0.0,0.0,0.0,7.9,14.79,0,0,0
fifth-meyran,2020-07-15,2020,7,3,cloud,76.8,62.8,0.0,0.0,0.0,0.0,5.9,14.77,0,0,0
fifth-meyran,2020-07-16,2020,7,53,rain,80.3,71.7,0.083,0.083,0.0,8.0,12.9,14.74,1,0,0
fifth-meyran,2020-07-17,2020,7,51,rain,79.6,71.6,0.028,0.028,0.0,5.0,9.5,14.72,1,0,0
fifth-meyran,2020-07-18,2020,7,3,cloud,81.5,67.9,0.0,0.0,0.0,0.0,5.8,14.69,0,0,0
fifth-meyran,2020-07-19,2020,7,51,rain,84.2,73.5,0.016,0.016,0.0,2.0,12.1,14.67,1,0,0
fifth-meyran,2020-07-20,2020,7,53,rain,81.6,73.0,0.047,0.047,0.0,5.0,9.2,14.64,1,0,0
fifth-meyran,2020-07-21,2020,7,63,rain,77.4,72.1,0.386,0.386,0.0,5.0,8.0,14.61,1,0,0
fifth-meyran,2020-07-22,2020,7,53,rain,77.1,70.5,0.043,0.043,0.0,5.0,10.6,14.59,1,0,0
fifth-meyran,2020-07-23,2020,7,61,rain,75.8,71.6,0.217,0.217,0.0,12.0,10.2,14.56,1,0,0
fifth-meyran,2020-07-24,2020,7,61,rain,77.1,69.9,0.063,0.063,0.0,3.0,7.7,14.53,1,0,0
fifth-meyran,2020-07-25,2020,7,3,cloud,77.4,67.1,0.0,0.0,0.0,0.0,5.7,14.5,0,0,0
fifth-meyran,2020-07-26,2020,7,3,cloud,80.0,67.6,0.0,0.0,0.0,0.0,8.7,14.47,0,0,0
fifth-meyran,2020-07-27,2020,7,61,rain,80.1,71.2,0.13,0.13,0.0,10.0,12.5,14.44,1,0,0
fifth-meyran,2020-07-28,2020,7,53,rain,77.8,71.6,0.094,0.094,0.0,7.0,10.1,14.41,1,0,0
fifth-meyran,2020-07-29,2020,7,3,cloud,78.4,67.0,0.0,0.0,0.0,0.0,8.7,14.37,0,0,0
fifth-meyran,2020-07-30,2020,7,51,rain,76.1,68.8,0.016,0.016,0.0,2.0,5.4,14.34,1,0,0
fifth-meyran,2020-07-31,2020,7,51,rain,77.2,67.0,0.02,0.02,0.0,3.0,7.9,14.31,1,0,0
fifth-meyran,2020-08-01,2020,8,61,rain,73.7,68.6,0.307,0.307,0.0,11.0,7.2,14.28,1,0,0
fifth-meyran,2020-08-02,2020,8,61,rain,74.3,69.0,0.122,0.122,0.0,10.0,17.8,14.24,1,0,0
fifth-meyran,2020-08-03,2020,8,51,rain,73.3,64.0,0.043,0.043,0.0,7.0,8.0,14.21,1,0,0
fifth-meyran,2020-08-04,2020,8,61,rain,71.2,65.6,0.146,0.146,0.0,11.0,10.8,14.17,1,0,0
fifth-meyran,2020-08-05,2020,8,51,rain,69.1,60.4,0.008,0.008,0.0,2.0,6.4,14.14,0,0,0
fifth-meyran,2020-08-06,2020,8,3,cloud,70.4,60.0,0.0,0.0,0.0,0.0,8.6,14.1,0,0,0
fifth-meyran,2020-08-07,2020,8,51,rain,74.3,64.6,0.024,0.024,0.0,4.0,8.5,14.07,1,0,0
fifth-meyran,2020-08-08,2020,8,3,cloud,74.4,63.7,0.0,0.0,0.0,0.0,5.8,14.03,0,0,0
fifth-meyran,2020-08-09,2020,8,3,cloud,77.2,63.5,0.0,0.0,0.0,0.0,5.7,13.99,0,0,0
fifth-meyran,2020-08-10,2020,8,51,rain,79.7,67.2,0.004,0.004,0.0,1.0,6.5,13.95,0,0,0
fifth-meyran,2020-08-11,2020,8,51,rain,79.0,69.4,0.016,0.016,0.0,3.0,9.6,13.92,1,0,0
fifth-meyran,2020-08-12,2020,8,51,rain,80.1,71.3,0.008,0.008,0.0,2.0,8.1,13.88,0,0,0
fifth-meyran,2020-08-13,2020,8,61,rain,79.9,71.2,0.134,0.134,0.0,7.0,9.5,13.84,1,0,0
fifth-meyran,2020-08-14,2020,8,3,cloud,79.2,69.4,0.0,0.0,0.0,0.0,7.0,13.8,0,0,0
fifth-meyran,2020-08-15,2020,8,55,rain,70.5,65.7,0.244,0.244,0.0,10.0,8.5,13.76,1,0,0
fifth-meyran,2020-08-16,2020,8,3,cloud,72.6,62.5,0.0,0.0,0.0,0.0,8.7,13.72,0,0,0
fifth-meyran,2020-08-17,2020,8,51,rain,73.6,64.0,0.028,0.028,0.0,5.0,11.2,13.68,1,0,0
fifth-meyran,2020-08-18,2020,8,3,cloud,71.9,63.5,0.0,0.0,0.0,0.0,10.6,13.64,0,0,0
fifth-meyran,2020-08-19,2020,8,3,cloud,69.8,59.8,0.0,0.0,0.0,0.0,9.1,13.6,0,0,0
fifth-meyran,2020-08-20,2020,8,3,cloud,71.3,57.0,0.0,0.0,0.0,0.0,6.1,13.56,0,0,0
fifth-meyran,2020-08-21,2020,8,51,rain,74.6,63.2,0.004,0.004,0.0,1.0,11.8,13.52,0,0,0
fifth-meyran,2020-08-22,2020,8,51,rain,77.6,66.4,0.004,0.004,0.0,1.0,7.2,13.48,0,0,0
fifth-meyran,2020-08-23,2020,8,65,rain,74.6,68.1,0.484,0.484,0.0,10.0,6.2,13.44,1,0,0
fifth-meyran,2020-08-24,2020,8,61,rain,76.4,68.1,0.26,0.26,0.0,8.0,9.5,13.4,1,0,0
fifth-meyran,2020-08-25,2020,8,61,rain,76.7,68.1,0.366,0.366,0.0,11.0,14.7,13.36,1,0,0
fifth-meyran,2020-08-26,2020,8,51,rain,72.8,62.2,0.012,0.012,0.0,2.0,9.4,13.32,1,0,0
fifth-meyran,2020-08-27,2020,8,61,rain,78.3,73.0,0.209,0.209,0.0,7.0,13.1,13.27,1,0,0
fifth-meyran,2020-08-28,2020,8,61,rain,74.9,69.3,0.571,0.571,0.0,20.0,10.5,13.23,1,0,0
fifth-meyran,2020-08-29,2020,8,55,rain,73.5,66.6,0.185,0.185,0.0,9.0,14.6,13.19,1,0,0
fifth-meyran,2020-08-30,2020,8,3,cloud,69.0,61.1,0.0,0.0,0.0,0.0,8.4,13.15,0,0,0
fifth-meyran,2020-08-31,2020,8,51,rain,68.2,59.6,0.008,0.008,0.0,1.0,11.0,13.1,0,0,0
fifth-meyran,2020-09-01,2020,9,55,rain,72.5,65.7,0.232,0.232,0.0,19.0,7.7,13.06,1,0,0
fifth-meyran,2020-09-02,2020,9,61,rain,74.0,70.1,0.339,0.339,0.0,20.0,12.0,13.02,1,0,0
fifth-meyran,2020-09-03,2020,9,63,rain,70.3,66.3,0.429,0.429,0.0,11.0,7.1,12.97,1,0,0
fifth-meyran,2020-09-04,2020,9,3,cloud,70.5,61.3,0.0,0.0,0.0,0.0,9.7,12.93,0,0,0
fifth-meyran,2020-09-05,2020,9,2,cloud,66.9,54.7,0.0,0.0,0.0,0.0,10.6,12.89,0,0,0
fifth-meyran,2020-09-06,2020,9,3,cloud,69.5,60.1,0.0,0.0,0.0,0.0,8.9,12.84,0,0,0
fifth-meyran,2020-09-07,2020,9,53,rain,73.0,62.9,0.043,0.043,0.0,3.0,13.2,12.8,1,0,0
fifth-meyran,2020-09-08,2020,9,3,cloud,74.6,64.0,0.0,0.0,0.0,0.0,7.2,12.76,0,0,0
fifth-meyran,2020-09-09,2020,9,0,clear,75.2,63.2,0.0,0.0,0.0,0.0,6.2,12.71,0,0,0
fifth-meyran,2020-09-10,2020,9,3,cloud,75.6,65.0,0.0,0.0,0.0,0.0,9.5,12.67,0,0,0
fifth-meyran,2020-09-11,2020,9,3,cloud,70.1,63.7,0.0,0.0,0.0,0.0,7.7,12.63,0,0,0
fifth-meyran,2020-09-12,2020,9,51,rain,71.3,62.5,0.012,0.012,0.0,3.0,11.1,12.58,1,0,0
fifth-meyran,2020-09-13,2020,9,53,rain,70.6,66.6,0.118,0.118,0.0,9.0,9.9,12.54,1,0,0
fifth-meyran,2020-09-14,2020,9,3,cloud,64.9,56.2,0.0,0.0,0.0,0.0,10.2,12.5,0,0,0
fifth-meyran,2020-09-15,2020,9,0,clear,58.5,48.0,0.0,0.0,0.0,0.0,6.3,12.45,0,0,0
fifth-meyran,2020-09-16,2020,9,3,cloud,63.1,51.0,0.0,0.0,0.0,0.0,7.1,12.41,0,0,0
fifth-meyran,2020-09-17,2020,9,51,rain,65.1,56.6,0.004,0.004,0.0,1.0,8.3,12.36,0,0,0
fifth-meyran,2020-09-18,2020,9,3,cloud,59.8,51.2,0.0,0.0,0.0,0.0,11.3,12.32,0,0,0
fifth-meyran,2020-09-19,2020,9,0,clear,52.5,43.0,0.0,0.0,0.0,0.0,7.6,12.27,0,0,0
fifth-meyran,2020-09-20,2020,9,1,clear,54.3,42.5,0.0,0.0,0.0,0.0,6.3,12.23,0,0,0
fifth-meyran,2020-09-21,2020,9,2,cloud,55.0,44.7,0.0,0.0,0.0,0.0,6.5,12.19,0,0,0
fifth-meyran,2020-09-22,2020,9,2,cloud,55.9,44.0,0.0,0.0,0.0,0.0,7.3,12.14,0,0,0
fifth-meyran,2020-09-23,2020,9,3,cloud,62.6,50.0,0.0,0.0,0.0,0.0,7.6,12.1,0,0,0
fifth-meyran,2020-09-24,2020,9,3,cloud,65.6,56.0,0.0,0.0,0.0,0.0,5.9,12.05,0,0,0
fifth-meyran,2020-09-25,2020,9,0,clear,66.5,53.3,0.0,0.0,0.0,0.0,7.3,12.01,0,0,0
fifth-meyran,2020-09-26,2020,9,3,cloud,66.4,56.1,0.0,0.0,0.0,0.0,6.5,11.96,0,0,0
fifth-meyran,2020-09-27,2020,9,3,cloud,68.4,58.3,0.0,0.0,0.0,0.0,10.2,11.92,0,0,0
fifth-meyran,2020-09-28,2020,9,51,rain,70.4,61.3,0.02,0.02,0.0,3.0,13.0,11.88,1,0,0
fifth-meyran,2020-09-29,2020,9,61,rain,58.4,55.0,0.484,0.484,0.0,19.0,10.6,11.83,1,0,0
fifth-meyran,2020-09-30,2020,9,53,rain,57.7,49.2,0.091,0.091,0.0,7.0,20.3,11.79,1,0,0
fifth-meyran,2020-10-01,2020,10,51,rain,56.1,47.2,0.004,0.004,0.0,1.0,12.8,11.74,0,0,0
fifth-meyran,2020-10-02,2020,10,51,rain,50.8,43.5,0.028,0.028,0.0,5.0,10.1,11.7,1,0,0
fifth-meyran,2020-10-03,2020,10,3,cloud,51.5,42.4,0.0,0.0,0.0,0.0,6.2,11.66,0,0,0
fifth-meyran,2020-10-04,2020,10,61,rain,54.4,46.6,0.193,0.193,0.0,4.0,10.7,11.61,1,0,0
fifth-meyran,2020-10-05,2020,10,51,rain,52.1,46.9,0.008,0.008,0.0,1.0,8.4,11.57,0,0,0
fifth-meyran,2020-10-06,2020,10,3,cloud,54.2,40.4,0.0,0.0,0.0,0.0,10.1,11.52,0,0,0
fifth-meyran,2020-10-07,2020,10,3,cloud,62.4,53.5,0.0,0.0,0.0,0.0,19.7,11.48,0,0,0
fifth-meyran,2020-10-08,2020,10,3,cloud,54.9,46.9,0.0,0.0,0.0,0.0,9.9,11.44,0,0,0
fifth-meyran,2020-10-09,2020,10,3,cloud,59.0,46.7,0.0,0.0,0.0,0.0,8.1,11.39,0,0,0
fifth-meyran,2020-10-10,2020,10,51,rain,66.2,59.2,0.008,0.008,0.0,2.0,13.2,11.35,0,0,0
fifth-meyran,2020-10-11,2020,10,51,rain,64.1,58.8,0.039,0.039,0.0,9.0,8.2,11.3,1,0,0
fifth-meyran,2020-10-12,2020,10,51,rain,61.7,57.2,0.024,0.024,0.0,4.0,12.9,11.26,1,0,0
fifth-meyran,2020-10-13,2020,10,53,rain,58.0,51.3,0.051,0.051,0.0,4.0,13.9,11.22,1,0,0
fifth-meyran,2020-10-14,2020,10,3,cloud,57.0,47.8,0.0,0.0,0.0,0.0,8.8,11.17,0,0,0
fifth-meyran,2020-10-15,2020,10,61,rain,60.4,50.6,0.205,0.205,0.0,9.0,18.0,11.13,1,0,0
fifth-meyran,2020-10-16,2020,10,53,rain,49.3,43.3,0.217,0.217,0.0,9.0,9.0,11.09,1,0,0
fifth-meyran,2020-10-17,2020,10,1,clear,47.3,36.8,0.0,0.0,0.0,0.0,9.3,11.04,0,0,0
fifth-meyran,2020-10-18,2020,10,51,rain,51.8,41.9,0.012,0.012,0.0,2.0,10.7,11.0,1,0,0
fifth-meyran,2020-10-19,2020,10,61,rain,54.0,52.0,0.35,0.35,0.0,15.0,7.3,10.96,1,0,0
fifth-meyran,2020-10-20,2020,10,53,rain,58.8,56.2,0.142,0.142,0.0,17.0,8.4,10.92,1,0,0
fifth-meyran,2020-10-21,2020,10,51,rain,64.1,57.4,0.043,0.043,0.0,5.0,13.6,10.88,1,0,0
fifth-meyran,2020-10-22,2020,10,3,cloud,66.0,57.0,0.0,0.0,0.0,0.0,6.0,10.84,0,0,0
fifth-meyran,2020-10-23,2020,10,3,cloud,66.4,58.4,0.0,0.0,0.0,0.0,12.0,10.79,0,0,0
fifth-meyran,2020-10-24,2020,10,61,rain,52.5,43.1,0.177,0.177,0.0,7.0,11.8,10.75,1,0,0
fifth-meyran,2020-10-25,2020,10,51,rain,44.8,39.7,0.051,0.051,0.0,5.0,8.8,10.71,1,0,0
fifth-meyran,2020-10-26,2020,10,53,rain,51.9,47.1,0.102,0.102,0.0,14.0,7.9,10.67,1,0,0
fifth-meyran,2020-10-27,2020,10,51,rain,48.6,45.1,0.035,0.035,0.0,6.0,5.7,10.63,1,0,0
fifth-meyran,2020-10-28,2020,10,53,rain,50.7,48.1,0.248,0.248,0.0,14.0,6.8,10.59,1,0,0
fifth-meyran,2020-10-29,2020,10,61,rain,48.9,46.4,0.878,0.878,0.0,24.0,10.8,10.55,1,0,0
fifth-meyran,2020-10-30,2020,10,61,rain,43.3,39.0,0.272,0.272,0.0,10.0,12.3,10.51,1,0,0
fifth-meyran,2020-10-31,2020,10,2,cloud,41.2,34.0,0.0,0.0,0.0,0.0,8.5,10.47,0,0,0
fifth-meyran,2020-11-01,2020,11,71,snow,44.5,32.5,0.13,0.126,0.028,8.0,19.1,10.43,1,0,0
fifth-meyran,2020-11-02,2020,11,71,snow,36.3,31.6,0.016,0.0,0.11,4.0,14.6,10.39,0,1,1
fifth-meyran,2020-11-03,2020,11,2,cloud,43.7,35.2,0.0,0.0,0.0,0.0,13.1,10.35,0,0,0
fifth-meyran,2020-11-04,2020,11,0,clear,50.4,39.1,0.0,0.0,0.0,0.0,9.0,10.31,0,0,0
fifth-meyran,2020-11-05,2020,11,3,cloud,54.5,45.4,0.0,0.0,0.0,0.0,8.9,10.27,0,0,0
fifth-meyran,2020-11-06,2020,11,3,cloud,54.8,44.7,0.0,0.0,0.0,0.0,7.6,10.24,0,0,0
fifth-meyran,2020-11-07,2020,11,1,clear,54.9,40.8,0.0,0.0,0.0,0.0,4.3,10.2,0,0,0
fifth-meyran,2020-11-08,2020,11,0,clear,54.4,40.7,0.0,0.0,0.0,0.0,5.8,10.16,0,0,0
fifth-meyran,2020-11-09,2020,11,0,clear,57.0,45.1,0.0,0.0,0.0,0.0,6.2,10.13,0,0,0
fifth-meyran,2020-11-10,2020,11,1,clear,63.0,53.7,0.0,0.0,0.0,0.0,10.8,10.09,0,0,0
fifth-meyran,2020-11-11,2020,11,63,rain,62.1,50.3,0.693,0.693,0.0,18.0,11.0,10.06,1,0,0
fifth-meyran,2020-11-12,2020,11,3,cloud,46.4,41.3,0.0,0.0,0.0,0.0,8.4,10.03,0,0,0
fifth-meyran,2020-11-13,2020,11,2,cloud,43.8,36.7,0.0,0.0,0.0,0.0,11.7,9.99,0,0,0
fifth-meyran,2020-11-14,2020,11,3,cloud,39.7,30.1,0.0,0.0,0.0,0.0,7.1,9.96,0,0,1
fifth-meyran,2020-11-15,2020,11,61,rain,51.0,42.1,0.146,0.146,0.0,8.0,24.5,9.92,1,0,0
fifth-meyran,2020-11-16,2020,11,51,rain,42.4,40.0,0.012,0.012,0.0,3.0,16.0,9.89,1,0,0
fifth-meyran,2020-11-17,2020,11,73,snow,37.0,32.0,0.067,0.035,0.22,8.0,17.6,9.86,1,1,1
fifth-meyran,2020-11-18,2020,11,3,cloud,34.7,31.6,0.0,0.0,0.0,0.0,8.3,9.83,0,0,1
fifth-meyran,2020-11-19,2020,11,3,cloud,45.8,31.4,0.0,0.0,0.0,0.0,13.4,9.8,0,0,1
fifth-meyran,2020-11-20,2020,11,3,cloud,54.5,47.7,0.0,0.0,0.0,0.0,13.8,9.77,0,0,0
fifth-meyran,2020-11-21,2020,11,51,rain,47.3,40.2,0.035,0.035,0.0,6.0,6.8,9.74,1,0,0
fifth-meyran,2020-11-22,2020,11,63,rain,48.0,38.4,0.598,0.598,0.0,11.0,14.6,9.71,1,0,0
fifth-meyran,2020-11-23,2020,11,53,rain,40.7,37.4,0.035,0.035,0.0,2.0,12.4,9.68,1,0,0
fifth-meyran,2020-11-24,2020,11,3,cloud,37.9,31.4,0.0,0.0,0.0,0.0,6.8,9.65,0,0,1
fifth-meyran,2020-11-25,2020,11,61,rain,46.1,39.6,0.189,0.189,0.0,12.0,8.9,9.63,1,0,0
fifth-meyran,2020-11-26,2020,11,61,rain,52.0,48.7,0.181,0.181,0.0,6.0,14.5,9.6,1,0,0
fifth-meyran,2020-11-27,2020,11,3,cloud,48.1,42.8,0.0,0.0,0.0,0.0,7.7,9.58,0,0,0
fifth-meyran,2020-11-28,2020,11,3,cloud,41.0,36.1,0.0,0.0,0.0,0.0,10.0,9.55,0,0,0
fifth-meyran,2020-11-29,2020,11,3,cloud,39.8,30.8,0.0,0.0,0.0,0.0,5.6,9.53,0,0,1
fifth-meyran,2020-11-30,2020,11,61,rain,42.0,36.7,0.516,0.516,0.0,19.0,10.8,9.51,1,0,0
fifth-meyran,2020-12-01,2020,12,75,snow,31.4,29.4,0.535,0.079,3.197,24.0,16.3,9.49,1,1,1
fifth-meyran,2020-12-02,2020,12,71,snow,32.1,27.7,0.02,0.0,0.138,3.0,14.8,9.47,0,1,1
fifth-meyran,2020-12-03,2020,12,3,cloud,32.0,23.5,0.0,0.0,0.0,0.0,9.9,9.45,0,0,1
fifth-meyran,2020-12-04,2020,12,73,snow,38.9,33.1,0.035,0.0,0.248,2.0,12.5,9.43,0,1,0
fifth-meyran,2020-12-05,2020,12,71,snow,36.5,33.1,0.008,0.004,0.028,2.0,11.6,9.42,0,0,0
fifth-meyran,2020-12-06,2020,12,3,cloud,31.7,30.1,0.0,0.0,0.0,0.0,8.2,9.4,0,0,1
fifth-meyran,2020-12-07,2020,12,71,snow,30.0,28.1,0.004,0.0,0.028,1.0,9.4,9.38,0,0,1
fifth-meyran,2020-12-08,2020,12,3,cloud,32.3,29.4,0.0,0.0,0.0,0.0,11.1,9.37,0,0,1
fifth-meyran,2020-12-09,2020,12,73,snow,33.8,27.5,0.028,0.0,0.193,1.0,11.9,9.36,0,1,1
fifth-meyran,2020-12-10,2020,12,3,cloud,37.1,27.9,0.0,0.0,0.0,0.0,6.2,9.34,0,0,1
fifth-meyran,2020-12-11,2020,12,3,cloud,44.4,34.2,0.0,0.0,0.0,0.0,8.8,9.33,0,0,0
fifth-meyran,2020-12-12,2020,12,55,rain,48.5,40.6,0.106,0.106,0.0,4.0,12.1,9.32,1,0,0
fifth-meyran,2020-12-13,2020,12,53,rain,42.9,38.2,0.031,0.031,0.0,3.0,12.6,9.31,1,0,0
fifth-meyran,2020-12-14,2020,12,73,snow,35.3,30.5,0.11,0.055,0.386,7.0,12.9,9.3,1,1,1
fifth-meyran,2020-12-15,2020,12,3,cloud,29.9,26.4,0.0,0.0,0.0,0.0,7.2,9.3,0,0,1
fifth-meyran,2020-12-16,2020,12,75,snow,29.2,27.2,0.63,0.0,4.409,14.0,9.8,9.29,0,1,1
fifth-meyran,2020-12-17,2020,12,75,snow,29.3,27.1,0.276,0.0,1.957,17.0,6.6,9.29,0,1,1
fifth-meyran,2020-12-18,2020,12,71,snow,30.4,28.4,0.031,0.0,0.22,8.0,6.5,9.28,0,1,1
fifth-meyran,2020-12-19,2020,12,3,cloud,29.9,21.1,0.0,0.0,0.0,0.0,6.5,9.28,0,0,1
fifth-meyran,2020-12-20,2020,12,73,snow,34.5,32.3,0.213,0.024,1.323,9.0,8.3,9.28,1,1,0
fifth-meyran,2020-12-21,2020,12,53,rain,35.4,29.3,0.063,0.063,0.0,3.0,12.0,9.28,1,0,1
fifth-meyran,2020-12-22,2020,12,71,snow,36.2,31.9,0.071,0.063,0.055,11.0,14.7,9.28,1,0,1
fifth-meyran,2020-12-23,2020,12,51,rain,38.5,27.1,0.004,0.004,0.0,1.0,11.6,9.28,0,0,1
fifth-meyran,2020-12-24,2020,12,75,snow,44.6,28.1,1.154,1.071,0.579,21.0,15.5,9.28,1,1,1
fifth-meyran,2020-12-25,2020,12,75,snow,19.6,15.0,0.382,0.0,2.673,23.0,14.4,9.29,0,1,1
fifth-meyran,2020-12-26,2020,12,71,snow,16.2,11.5,0.035,0.0,0.276,9.0,12.2,9.29,0,1,1
fifth-meyran,2020-12-27,2020,12,3,cloud,24.4,6.4,0.0,0.0,0.0,0.0,9.8,9.3,0,0,1
fifth-meyran,2020-12-28,2020,12,51,rain,39.8,32.5,0.012,0.012,0.0,2.0,14.3,9.31,1,0,0
fifth-meyran,2020-12-29,2020,12,51,rain,28.3,23.0,0.004,0.004,0.0,1.0,8.9,9.32,0,0,1
fifth-meyran,2020-12-30,2020,12,61,rain,40.1,28.5,0.213,0.213,0.0,6.0,15.3,9.33,1,0,1
fifth-meyran,2020-12-31,2020,12,73,snow,34.9,28.9,0.327,0.248,0.551,9.0,12.2,9.34,1,1,1
fifth-meyran,2021-01-01,2021,1,63,rain,32.2,24.8,0.535,0.535,0.0,10.0,9.6,9.35,1,0,1
fifth-meyran,2021-01-02,2021,1,55,rain,41.9,36.3,0.075,0.075,0.0,3.0,14.0,9.36,1,0,0
fifth-meyran,2021-01-03,2021,1,61,rain,37.6,34.7,0.358,0.358,0.0,13.0,8.8,9.38,1,0,0
fifth-meyran,2021-01-04,2021,1,3,cloud,35.0,32.2,0.0,0.0,0.0,0.0,6.1,9.39,0,0,0
fifth-meyran,2021-01-05,2021,1,71,snow,34.3,32.3,0.012,0.0,0.083,3.0,6.3,9.41,0,0,0
fifth-meyran,2021-01-06,2021,1,3,cloud,33.7,30.0,0.0,0.0,0.0,0.0,10.0,9.42,0,0,1
fifth-meyran,2021-01-07,2021,1,3,cloud,32.7,28.9,0.0,0.0,0.0,0.0,7.8,9.44,0,0,1
fifth-meyran,2021-01-08,2021,1,3,cloud,29.2,25.0,0.0,0.0,0.0,0.0,7.8,9.46,0,0,1
fifth-meyran,2021-01-09,2021,1,3,cloud,28.5,21.8,0.0,0.0,0.0,0.0,7.3,9.48,0,0,1
fifth-meyran,2021-01-10,2021,1,3,cloud,30.4,25.6,0.0,0.0,0.0,0.0,6.1,9.5,0,0,1
fifth-meyran,2021-01-11,2021,1,3,cloud,31.8,26.3,0.0,0.0,0.0,0.0,8.6,9.52,0,0,1
fifth-meyran,2021-01-12,2021,1,3,cloud,28.3,23.1,0.0,0.0,0.0,0.0,9.5,9.54,0,0,1
fifth-meyran,2021-01-13,2021,1,3,cloud,32.6,25.2,0.0,0.0,0.0,0.0,10.1,9.57,0,0,1
fifth-meyran,2021-01-14,2021,1,73,snow,36.7,30.3,0.047,0.0,0.331,4.0,7.2,9.59,0,1,1
fifth-meyran,2021-01-15,2021,1,55,rain,37.4,30.3,0.154,0.154,0.0,7.0,14.1,9.62,1,0,1
fifth-meyran,2021-01-16,2021,1,73,snow,30.3,27.0,0.13,0.004,0.882,10.0,10.1,9.64,0,1,1
fifth-meyran,2021-01-17,2021,1,71,snow,33.6,28.8,0.059,0.008,0.358,12.0,12.5,9.67,0,1,1
fifth-meyran,2021-01-18,2021,1,73,snow,31.8,29.3,0.051,0.004,0.331,8.0,12.8,9.7,0,1,1
fifth-meyran,2021-01-19,2021,1,3,cloud,32.5,28.9,0.0,0.0,0.0,0.0,12.6,9.73,0,0,1
fifth-meyran,2021-01-20,2021,1,73,snow,28.0,22.0,0.039,0.0,0.276,6.0,13.2,9.76,0,1,1
fifth-meyran,2021-01-21,2021,1,3,cloud,33.9,22.6,0.0,0.0,0.0,0.0,14.6,9.79,0,0,1
fifth-meyran,2021-01-22,2021,1,3,cloud,32.1,26.8,0.0,0.0,0.0,0.0,14.1,9.82,0,0,1
fifth-meyran,2021-01-23,2021,1,3,cloud,23.6,19.0,0.0,0.0,0.0,0.0,11.8,9.85,0,0,1
fifth-meyran,2021-01-24,2021,1,3,cloud,23.4,17.1,0.0,0.0,0.0,0.0,5.1,9.88,0,0,1
fifth-meyran,2021-01-25,2021,1,73,snow,30.6,26.3,0.043,0.0,0.303,6.0,8.7,9.91,0,1,1
fifth-meyran,2021-01-26,2021,1,61,rain,36.9,31.6,0.181,0.181,0.0,14.0,15.1,9.95,1,0,1
fifth-meyran,2021-01-27,2021,1,51,rain,30.5,25.7,0.004,0.004,0.0,1.0,9.4,9.98,0,0,1
fifth-meyran,2021-01-28,2021,1,3,cloud,23.8,19.9,0.0,0.0,0.0,0.0,14.0,10.01,0,0,1
fifth-meyran,2021-01-29,2021,1,3,cloud,22.1,18.2,0.0,0.0,0.0,0.0,11.2,10.05,0,0,1
fifth-meyran,2021-01-30,2021,1,3,cloud,23.4,15.2,0.0,0.0,0.0,0.0,7.8,10.08,0,0,1
fifth-meyran,2021-01-31,2021,1,73,snow,29.6,27.3,0.441,0.0,3.087,21.0,11.1,10.12,0,1,1
fifth-meyran,2021-02-01,2021,2,73,snow,29.4,26.8,0.24,0.0,1.681,20.0,9.7,10.15,0,1,1
fifth-meyran,2021-02-02,2021,2,73,snow,27.3,23.9,0.094,0.004,0.634,11.0,12.7,10.19,0,1,1
fifth-meyran,2021-02-03,2021,2,71,snow,26.7,18.9,0.004,0.0,0.028,1.0,12.7,10.23,0,0,1
fifth-meyran,2021-02-04,2021,2,73,snow,21.7,3.7,0.028,0.0,0.193,2.0,10.0,10.27,0,1,1
fifth-meyran,2021-02-05,2021,2,73,snow,32.4,27.6,0.11,0.067,0.303,7.0,15.6,10.3,1,1,1
fifth-meyran,2021-02-06,2021,2,73,snow,25.1,14.9,0.024,0.0,0.165,3.0,11.1,10.34,0,1,1
fifth-meyran,2021-02-07,2021,2,71,snow,20.1,6.5,0.02,0.0,0.138,5.0,9.8,10.38,0,1,1
fifth-meyran,2021-02-08,2021,2,71,snow,17.7,4.4,0.008,0.0,0.055,1.0,6.6,10.42,0,0,1
fifth-meyran,2021-02-09,2021,2,73,snow,25.5,15.0,0.331,0.0,2.315,16.0,6.3,10.46,0,1,1
fifth-meyran,2021-02-10,2021,2,73,snow,20.7,12.7,0.157,0.0,1.102,9.0,7.6,10.5,0,1,1
fifth-meyran,2021-02-11,2021,2,73,snow,23.5,19.2,0.055,0.0,0.386,9.0,8.6,10.54,0,1,1
fifth-meyran,2021-02-12,2021,2,3,cloud,22.8,16.1,0.0,0.0,0.0,0.0,9.4,10.58,0,0,1
fifth-meyran,2021-02-13,2021,2,3,cloud,25.9,21.5,0.0,0.0,0.0,0.0,8.7,10.62,0,0,1
fifth-meyran,2021-02-14,2021,2,3,cloud,26.0,22.9,0.0,0.0,0.0,0.0,6.8,10.67,0,0,1
fifth-meyran,2021-02-15,2021,2,73,snow,26.6,21.9,0.425,0.327,0.689,12.0,10.3,10.71,1,1,1
fifth-meyran,2021-02-16,2021,2,71,snow,29.0,18.0,0.197,0.177,0.138,11.0,14.3,10.75,1,1,1
fifth-meyran,2021-02-17,2021,2,71,snow,17.9,2.9,0.004,0.0,0.028,1.0,9.2,10.79,0,0,1
fifth-meyran,2021-02-18,2021,2,73,snow,25.3,22.2,0.181,0.004,1.268,18.0,8.4,10.83,0,1,1
fifth-meyran,2021-02-19,2021,2,71,snow,27.3,22.8,0.047,0.0,0.386,8.0,9.2,10.87,0,1,1
fifth-meyran,2021-02-20,2021,2,71,snow,18.8,12.0,0.012,0.0,0.083,3.0,11.7,10.91,0,0,1
fifth-meyran,2021-02-21,2021,2,3,cloud,20.2,3.6,0.0,0.0,0.0,0.0,8.4,10.96,0,0,1
fifth-meyran,2021-02-22,2021,2,73,snow,35.2,28.2,0.217,0.13,0.606,11.0,17.5,11.0,1,1,1
fifth-meyran,2021-02-23,2021,2,71,snow,37.6,30.2,0.012,0.0,0.083,3.0,18.1,11.04,0,0,1
fifth-meyran,2021-02-24,2021,2,51,rain,43.0,27.6,0.02,0.02,0.0,3.0,16.1,11.09,1,0,1
fifth-meyran,2021-02-25,2021,2,3,cloud,35.8,28.1,0.0,0.0,0.0,0.0,11.1,11.13,0,0,1
fifth-meyran,2021-02-26,2021,2,3,cloud,35.3,25.5,0.0,0.0,0.0,0.0,10.4,11.18,0,0,1
fifth-meyran,2021-02-27,2021,2,53,rain,44.1,37.0,0.051,0.051,0.0,4.0,9.9,11.22,1,0,0
fifth-meyran,2021-02-28,2021,2,63,rain,45.0,37.2,0.819,0.819,0.0,17.0,9.9,11.26,1,0,0
fifth-meyran,2021-03-01,2021,3,61,rain,42.1,28.0,0.272,0.272,0.0,9.0,18.7,11.31,1,0,1
fifth-meyran,2021-03-02,2021,3,0,clear,28.4,19.0,0.0,0.0,0.0,0.0,10.4,11.35,0,0,1
fifth-meyran,2021-03-03,2021,3,2,cloud,38.9,26.2,0.0,0.0,0.0,0.0,11.9,11.4,0,0,1
fifth-meyran,2021-03-04,2021,3,3,cloud,32.8,24.7,0.0,0.0,0.0,0.0,13.8,11.44,0,0,1
fifth-meyran,2021-03-05,2021,3,2,cloud,27.1,19.3,0.0,0.0,0.0,0.0,15.3,11.49,0,0,1
fifth-meyran,2021-03-06,2021,3,3,cloud,29.4,24.3,0.0,0.0,0.0,0.0,11.7,11.53,0,0,1
fifth-meyran,2021-03-07,2021,3,1,clear,29.8,21.2,0.0,0.0,0.0,0.0,8.1,11.58,0,0,1
fifth-meyran,2021-03-08,2021,3,3,cloud,36.0,21.4,0.0,0.0,0.0,0.0,9.2,11.62,0,0,1
fifth-meyran,2021-03-09,2021,3,3,cloud,50.5,42.2,0.0,0.0,0.0,0.0,8.7,11.66,0,0,0
fifth-meyran,2021-03-10,2021,3,3,cloud,51.4,36.4,0.0,0.0,0.0,0.0,12.5,11.71,0,0,0
fifth-meyran,2021-03-11,2021,3,55,rain,57.4,52.3,0.157,0.157,0.0,6.0,14.6,11.75,1,0,0
fifth-meyran,2021-03-12,2021,3,63,rain,50.7,40.1,0.307,0.307,0.0,5.0,13.3,11.8,1,0,0
fifth-meyran,2021-03-13,2021,3,3,cloud,37.3,26.5,0.0,0.0,0.0,0.0,10.6,11.84,0,0,1
fifth-meyran,2021-03-14,2021,3,3,cloud,39.5,29.4,0.0,0.0,0.0,0.0,15.6,11.89,0,0,1
fifth-meyran,2021-03-15,2021,3,3,cloud,32.3,21.2,0.0,0.0,0.0,0.0,9.6,11.93,0,0,1
fifth-meyran,2021-03-16,2021,3,51,rain,46.3,37.2,0.059,0.059,0.0,7.0,9.9,11.98,1,0,0
fifth-meyran,2021-03-17,2021,3,3,cloud,49.5,35.8,0.0,0.0,0.0,0.0,7.9,12.02,0,0,0
fifth-meyran,2021-03-18,2021,3,63,rain,45.9,39.5,1.445,1.445,0.0,22.0,16.1,12.07,1,0,0
fifth-meyran,2021-03-19,2021,3,51,rain,37.0,28.6,0.004,0.004,0.0,1.0,15.0,12.11,0,0,1
fifth-meyran,2021-03-20,2021,3,0,clear,39.9,25.2,0.0,0.0,0.0,0.0,6.9,12.16,0,0,1
fifth-meyran,2021-03-21,2021,3,0,clear,45.9,30.7,0.0,0.0,0.0,0.0,7.3,12.2,0,0,1
fifth-meyran,2021-03-22,2021,3,3,cloud,49.1,33.3,0.0,0.0,0.0,0.0,8.4,12.25,0,0,0
fifth-meyran,2021-03-23,2021,3,3,cloud,51.2,36.8,0.0,0.0,0.0,0.0,12.0,12.29,0,0,0
fifth-meyran,2021-03-24,2021,3,61,rain,59.3,50.4,0.126,0.126,0.0,9.0,10.8,12.34,1,0,0
fifth-meyran,2021-03-25,2021,3,51,rain,59.8,48.7,0.031,0.031,0.0,4.0,9.9,12.38,1,0,0
fifth-meyran,2021-03-26,2021,3,61,rain,56.3,47.2,0.248,0.248,0.0,5.0,23.4,12.43,1,0,0
fifth-meyran,2021-03-27,2021,3,3,cloud,54.8,43.0,0.0,0.0,0.0,0.0,7.9,12.47,0,0,0
fifth-meyran,2021-03-28,2021,3,63,rain,52.0,38.8,0.591,0.591,0.0,17.0,19.5,12.52,1,0,0
fifth-meyran,2021-03-29,2021,3,71,snow,42.0,35.4,0.008,0.0,0.055,2.0,16.9,12.56,0,0,0
fifth-meyran,2021-03-30,2021,3,3,cloud,53.0,36.2,0.0,0.0,0.0,0.0,13.3,12.6,0,0,0
fifth-meyran,2021-03-31,2021,3,63,rain,53.2,41.5,0.555,0.555,0.0,12.0,11.2,12.65,1,0,0
fifth-meyran,2021-04-01,2021,4,73,snow,34.1,25.8,0.106,0.028,0.551,11.0,16.6,12.69,1,1,1
fifth-meyran,2021-04-02,2021,4,3,cloud,31.1,23.5,0.0,0.0,0.0,0.0,14.5,12.74,0,0,1
fifth-meyran,2021-04-03,2021,4,3,cloud,38.5,24.6,0.0,0.0,0.0,0.0,9.1,12.78,0,0,1
fifth-meyran,2021-04-04,2021,4,2,cloud,52.1,40.6,0.0,0.0,0.0,0.0,10.6,12.83,0,0,0
fifth-meyran,2021-04-05,2021,4,51,rain,52.0,37.9,0.004,0.004,0.0,1.0,5.9,12.87,0,0,0
fifth-meyran,2021-04-06,2021,4,3,cloud,59.4,43.7,0.0,0.0,0.0,0.0,6.6,12.91,0,0,0
fifth-meyran,2021-04-07,2021,4,51,rain,63.5,49.9,0.02,0.02,0.0,2.0,7.0,12.96,1,0,0
fifth-meyran,2021-04-08,2021,4,55,rain,65.2,52.9,0.063,0.063,0.0,3.0,14.0,13.0,1,0,0
fifth-meyran,2021-04-09,2021,4,53,rain,62.1,54.1,0.047,0.047,0.0,3.0,11.1,13.05,1,0,0
fifth-meyran,2021-04-10,2021,4,63,rain,63.7,51.8,0.236,0.236,0.0,3.0,13.8,13.09,1,0,0
fifth-meyran,2021-04-11,2021,4,63,rain,59.9,54.1,0.89,0.89,0.0,7.0,13.1,13.13,1,0,0
fifth-meyran,2021-04-12,2021,4,63,rain,51.8,48.0,0.39,0.39,0.0,10.0,11.3,13.18,1,0,0
fifth-meyran,2021-04-13,2021,4,51,rain,55.1,43.0,0.008,0.008,0.0,1.0,6.7,13.22,0,0,0
fifth-meyran,2021-04-14,2021,4,51,rain,53.7,46.5,0.012,0.012,0.0,1.0,10.4,13.26,1,0,0
fifth-meyran,2021-04-15,2021,4,51,rain,44.9,39.1,0.075,0.075,0.0,10.0,12.8,13.31,1,0,0
fifth-meyran,2021-04-16,2021,4,53,rain,43.5,38.2,0.102,0.102,0.0,12.0,12.8,13.35,1,0,0
fifth-meyran,2021-04-17,2021,4,3,cloud,44.9,37.7,0.0,0.0,0.0,0.0,8.2,13.39,0,0,0
fifth-meyran,2021-04-18,2021,4,51,rain,47.5,35.2,0.016,0.016,0.0,2.0,5.9,13.43,1,0,0
fifth-meyran,2021-04-19,2021,4,3,cloud,51.5,38.2,0.0,0.0,0.0,0.0,11.4,13.47,0,0,0
fifth-meyran,2021-04-20,2021,4,53,rain,51.8,41.5,0.043,0.043,0.0,4.0,11.7,13.51,1,0,0
fifth-meyran,2021-04-21,2021,4,73,snow,37.4,32.2,0.106,0.016,0.634,9.0,16.0,13.55,1,1,0
fifth-meyran,2021-04-22,2021,4,73,snow,37.8,29.8,0.055,0.008,0.331,7.0,15.1,13.59,0,1,1
fifth-meyran,2021-04-23,2021,4,3,cloud,46.1,31.8,0.0,0.0,0.0,0.0,12.3,13.64,0,0,1
fifth-meyran,2021-04-24,2021,4,53,rain,49.3,36.1,0.154,0.154,0.0,7.0,8.2,13.68,1,0,0
fifth-meyran,2021-04-25,2021,4,51,rain,50.6,40.7,0.063,0.063,0.0,6.0,14.8,13.72,1,0,0
fifth-meyran,2021-04-26,2021,4,2,cloud,46.8,32.7,0.0,0.0,0.0,0.0,6.8,13.76,0,0,0
fifth-meyran,2021-04-27,2021,4,51,rain,63.3,43.7,0.02,0.02,0.0,2.0,11.9,13.8,1,0,0
fifth-meyran,2021-04-28,2021,4,51,rain,69.0,58.8,0.039,0.039,0.0,6.0,13.3,13.84,1,0,0
fifth-meyran,2021-04-29,2021,4,63,rain,62.8,51.6,1.335,1.335,0.0,22.0,16.9,13.88,1,0,0
fifth-meyran,2021-04-30,2021,4,55,rain,50.5,42.1,0.154,0.154,0.0,9.0,20.5,13.91,1,0,0
fifth-meyran,2021-05-01,2021,5,3,cloud,49.1,35.2,0.0,0.0,0.0,0.0,12.2,13.95,0,0,0
fifth-meyran,2021-05-02,2021,5,3,cloud,65.3,53.7,0.0,0.0,0.0,0.0,12.8,13.99,0,0,0
fifth-meyran,2021-05-03,2021,5,63,rain,61.8,55.7,0.839,0.839,0.0,18.0,7.6,14.03,1,0,0
fifth-meyran,2021-05-04,2021,5,63,rain,65.4,60.2,0.488,0.488,0.0,9.0,14.5,14.07,1,0,0
fifth-meyran,2021-05-05,2021,5,61,rain,52.6,46.3,0.276,0.276,0.0,10.0,12.7,14.1,1,0,0
fifth-meyran,2021-05-06,2021,5,3,cloud,48.8,38.6,0.0,0.0,0.0,0.0,7.9,14.14,0,0,0
fifth-meyran,2021-05-07,2021,5,55,rain,46.8,42.5,0.189,0.189,0.0,8.0,12.0,14.17,1,0,0
fifth-meyran,2021-05-08,2021,5,53,rain,46.0,41.2,0.091,0.091,0.0,9.0,14.1,14.21,1,0,0
fifth-meyran,2021-05-09,2021,5,63,rain,43.7,41.1,0.965,0.965,0.0,16.0,12.1,14.24,1,0,0
fifth-meyran,2021-05-10,2021,5,3,cloud,47.2,37.8,0.0,0.0,0.0,0.0,12.3,14.28,0,0,0
fifth-meyran,2021-05-11,2021,5,51,rain,47.6,39.9,0.016,0.016,0.0,2.0,13.3,14.31,1,0,0
fifth-meyran,2021-05-12,2021,5,51,rain,48.1,35.6,0.012,0.012,0.0,3.0,9.6,14.34,1,0,0
fifth-meyran,2021-05-13,2021,5,3,cloud,51.2,37.9,0.0,0.0,0.0,0.0,7.0,14.38,0,0,0
fifth-meyran,2021-05-14,2021,5,3,cloud,53.5,40.4,0.0,0.0,0.0,0.0,4.3,14.41,0,0,0
fifth-meyran,2021-05-15,2021,5,3,cloud,56.3,43.6,0.0,0.0,0.0,0.0,4.6,14.44,0,0,0
fifth-meyran,2021-05-16,2021,5,3,cloud,57.8,48.2,0.0,0.0,0.0,0.0,5.3,14.47,0,0,0
fifth-meyran,2021-05-17,2021,5,3,cloud,59.4,47.3,0.0,0.0,0.0,0.0,4.2,14.5,0,0,0
fifth-meyran,2021-05-18,2021,5,3,cloud,63.4,48.3,0.0,0.0,0.0,0.0,4.8,14.53,0,0,0
fifth-meyran,2021-05-19,2021,5,3,cloud,67.2,51.2,0.0,0.0,0.0,0.0,4.4,14.56,0,0,0
fifth-meyran,2021-05-20,2021,5,3,cloud,70.9,57.2,0.0,0.0,0.0,0.0,6.4,14.59,0,0,0
fifth-meyran,2021-05-21,2021,5,3,cloud,73.5,59.6,0.0,0.0,0.0,0.0,7.6,14.62,0,0,0
fifth-meyran,2021-05-22,2021,5,3,cloud,72.3,60.0,0.0,0.0,0.0,0.0,9.7,14.65,0,0,0
fifth-meyran,2021-05-23,2021,5,51,rain,75.7,65.7,0.028,0.028,0.0,3.0,11.9,14.67,1,0,0
fifth-meyran,2021-05-24,2021,5,63,rain,70.1,65.9,0.409,0.409,0.0,15.0,5.4,14.7,1,0,0
fifth-meyran,2021-05-25,2021,5,51,rain,74.2,63.5,0.008,0.008,0.0,2.0,10.5,14.72,0,0,0
fifth-meyran,2021-05-26,2021,5,53,rain,73.2,65.1,0.063,0.063,0.0,7.0,14.8,14.75,1,0,0
fifth-meyran,2021-05-27,2021,5,51,rain,67.0,59.8,0.016,0.016,0.0,2.0,8.0,14.77,1,0,0
fifth-meyran,2021-05-28,2021,5,63,rain,62.0,55.5,0.697,0.697,0.0,13.0,10.0,14.79,1,0,0
fifth-meyran,2021-05-29,2021,5,55,rain,51.2,48.9,0.169,0.169,0.0,16.0,11.8,14.81,1,0,0
fifth-meyran,2021-05-30,2021,5,51,rain,51.3,47.5,0.004,0.004,0.0,1.0,7.7,14.84,0,0,0
fifth-meyran,2021-05-31,2021,5,3,cloud,57.7,42.5,0.0,0.0,0.0,0.0,5.6,14.86,0,0,0
fifth-meyran,2021-06-01,2021,6,3,cloud,63.1,51.2,0.0,0.0,0.0,0.0,4.6,14.87,0,0,0
fifth-meyran,2021-06-02,2021,6,53,rain,64.6,56.8,0.059,0.059,0.0,6.0,6.5,14.89,1,0,0
fifth-meyran,2021-06-03,2021,6,61,rain,66.0,61.2,0.441,0.441,0.0,17.0,13.5,14.91,1,0,0
fifth-meyran,2021-06-04,2021,6,53,rain,69.1,60.0,0.067,0.067,0.0,5.0,11.1,14.93,1,0,0
fifth-meyran,2021-06-05,2021,6,2,cloud,74.6,63.7,0.0,0.0,0.0,0.0,9.1,14.94,0,0,0
fifth-meyran,2021-06-06,2021,6,3,cloud,75.2,61.6,0.0,0.0,0.0,0.0,7.8,14.96,0,0,0
fifth-meyran,2021-06-07,2021,6,53,rain,77.8,70.0,0.059,0.059,0.0,3.0,6.3,14.97,1,0,0
fifth-meyran,2021-06-08,2021,6,53,rain,76.1,70.2,0.142,0.142,0.0,15.0,7.9,14.99,1,0,0
fifth-meyran,2021-06-09,2021,6,53,rain,73.7,69.4,0.083,0.083,0.0,8.0,7.0,15.0,1,0,0
fifth-meyran,2021-06-10,2021,6,63,rain,73.3,67.8,0.268,0.268,0.0,12.0,8.5,15.01,1,0,0
fifth-meyran,2021-06-11,2021,6,63,rain,71.0,66.3,0.803,0.803,0.0,20.0,8.8,15.02,1,0,0
fifth-meyran,2021-06-12,2021,6,51,rain,70.7,59.6,0.016,0.016,0.0,2.0,5.4,15.03,1,0,0
fifth-meyran,2021-06-13,2021,6,63,rain,72.6,66.9,0.669,0.669,0.0,10.0,5.7,15.04,1,0,0
fifth-meyran,2021-06-14,2021,6,63,rain,67.4,57.9,0.65,0.65,0.0,5.0,7.7,15.04,1,0,0
fifth-meyran,2021-06-15,2021,6,51,rain,64.6,56.5,0.02,0.02,0.0,3.0,10.6,15.05,1,0,0
fifth-meyran,2021-06-16,2021,6,3,cloud,61.4,50.6,0.0,0.0,0.0,0.0,8.9,15.05,0,0,0
fifth-meyran,2021-06-17,2021,6,2,cloud,63.7,50.5,0.0,0.0,0.0,0.0,5.0,15.06,0,0,0
fifth-meyran,2021-06-18,2021,6,61,rain,70.4,57.3,0.138,0.138,0.0,3.0,14.4,15.06,1,0,0
fifth-meyran,2021-06-19,2021,6,63,rain,71.4,67.9,0.409,0.409,0.0,18.0,11.5,15.06,1,0,0
fifth-meyran,2021-06-20,2021,6,55,rain,74.6,66.0,0.142,0.142,0.0,10.0,8.9,15.06,1,0,0
fifth-meyran,2021-06-21,2021,6,63,rain,73.4,66.3,0.335,0.335,0.0,11.0,16.0,15.06,1,0,0
fifth-meyran,2021-06-22,2021,6,53,rain,61.2,54.7,0.083,0.083,0.0,8.0,10.0,15.06,1,0,0
fifth-meyran,2021-06-23,2021,6,3,cloud,62.1,48.8,0.0,0.0,0.0,0.0,7.3,15.06,0,0,0
fifth-meyran,2021-06-24,2021,6,3,cloud,68.4,55.2,0.0,0.0,0.0,0.0,11.0,15.06,0,0,0
fifth-meyran,2021-06-25,2021,6,3,cloud,71.9,60.5,0.0,0.0,0.0,0.0,11.9,15.05,0,0,0
fifth-meyran,2021-06-26,2021,6,51,rain,75.7,66.3,0.008,0.008,0.0,1.0,12.9,15.05,0,0,0
fifth-meyran,2021-06-27,2021,6,53,rain,78.0,68.3,0.047,0.047,0.0,5.0,12.8,15.04,1,0,0
fifth-meyran,2021-06-28,2021,6,51,rain,80.2,69.7,0.012,0.012,0.0,3.0,6.4,15.03,1,0,0
fifth-meyran,2021-06-29,2021,6,55,rain,81.8,72.4,0.039,0.039,0.0,1.0,8.0,15.03,1,0,0
fifth-meyran,2021-06-30,2021,6,63,rain,76.0,71.2,0.398,0.398,0.0,9.0,8.1,15.02,1,0,0
fifth-meyran,2021-07-01,2021,7,63,rain,69.9,66.4,0.949,0.949,0.0,17.0,8.7,15.01,1,0,0
fifth-meyran,2021-07-02,2021,7,53,rain,64.0,56.8,0.043,0.043,0.0,5.0,11.2,15.0,1,0,0
fifth-meyran,2021-07-03,2021,7,51,rain,66.6,58.2,0.004,0.004,0.0,1.0,10.6,14.99,0,0,0
fifth-meyran,2021-07-04,2021,7,53,rain,69.5,61.5,0.094,0.094,0.0,10.0,6.1,14.97,1,0,0
fifth-meyran,2021-07-05,2021,7,51,rain,74.7,62.1,0.016,0.016,0.0,3.0,8.1,14.96,1,0,0
fifth-meyran,2021-07-06,2021,7,51,rain,80.4,70.9,0.008,0.008,0.0,2.0,9.9,14.94,0,0,0
fifth-meyran,2021-07-07,2021,7,55,rain,78.7,72.3,0.122,0.122,0.0,7.0,9.8,14.93,1,0,0
fifth-meyran,2021-07-08,2021,7,65,rain,71.4,68.8,1.063,1.063,0.0,18.0,9.2,14.91,1,0,0
fifth-meyran,2021-07-09,2021,7,53,rain,71.2,63.4,0.193,0.193,0.0,15.0,11.0,14.9,1,0,0
fifth-meyran,2021-07-10,2021,7,3,cloud,66.9,56.5,0.0,0.0,0.0,0.0,5.3,14.88,0,0,0
fifth-meyran,2021-07-11,2021,7,61,rain,72.2,63.5,0.311,0.311,0.0,12.0,11.2,14.86,1,0,0
fifth-meyran,2021-07-12,2021,7,63,rain,75.4,69.9,0.374,0.374,0.0,15.0,10.6,14.84,1,0,0
fifth-meyran,2021-07-13,2021,7,55,rain,76.1,70.0,0.122,0.122,0.0,7.0,12.1,14.82,1,0,0
fifth-meyran,2021-07-14,2021,7,63,rain,74.9,69.7,0.173,0.173,0.0,7.0,9.2,14.79,1,0,0
fifth-meyran,2021-07-15,2021,7,51,rain,76.4,67.6,0.035,0.035,0.0,5.0,10.8,14.77,1,0,0
fifth-meyran,2021-07-16,2021,7,51,rain,76.8,68.8,0.043,0.043,0.0,5.0,13.5,14.75,1,0,0
fifth-meyran,2021-07-17,2021,7,63,rain,72.1,63.6,0.323,0.323,0.0,9.0,12.0,14.72,1,0,0
fifth-meyran,2021-07-18,2021,7,53,rain,70.2,60.2,0.067,0.067,0.0,7.0,10.4,14.7,1,0,0
fifth-meyran,2021-07-19,2021,7,51,rain,72.8,60.8,0.004,0.004,0.0,1.0,6.2,14.67,0,0,0
fifth-meyran,2021-07-20,2021,7,51,rain,74.4,64.4,0.02,0.02,0.0,4.0,6.2,14.65,1,0,0
fifth-meyran,2021-07-21,2021,7,61,rain,70.7,63.3,0.197,0.197,0.0,11.0,11.3,14.62,1,0,0
fifth-meyran,2021-07-22,2021,7,3,cloud,68.2,57.0,0.0,0.0,0.0,0.0,5.7,14.59,0,0,0
fifth-meyran,2021-07-23,2021,7,3,cloud,70.2,60.6,0.0,0.0,0.0,0.0,5.8,14.56,0,0,0
fifth-meyran,2021-07-24,2021,7,3,cloud,74.2,65.8,0.0,0.0,0.0,0.0,5.8,14.54,0,0,0
fifth-meyran,2021-07-25,2021,7,61,rain,76.0,67.8,0.197,0.197,0.0,8.0,7.8,14.51,1,0,0
fifth-meyran,2021-07-26,2021,7,3,cloud,77.3,68.5,0.0,0.0,0.0,0.0,11.2,14.48,0,0,0
fifth-meyran,2021-07-27,2021,7,3,cloud,76.1,62.2,0.0,0.0,0.0,0.0,7.7,14.45,0,0,0
fifth-meyran,2021-07-28,2021,7,51,rain,75.7,66.3,0.039,0.039,0.0,5.0,7.1,14.42,1,0,0
fifth-meyran,2021-07-29,2021,7,65,rain,72.8,65.9,0.567,0.567,0.0,9.0,14.5,14.38,1,0,0
fifth-meyran,2021-07-30,2021,7,51,rain,71.6,64.1,0.004,0.004,0.0,1.0,10.5,14.35,0,0,0
fifth-meyran,2021-07-31,2021,7,3,cloud,67.9,57.2,0.0,0.0,0.0,0.0,4.7,14.32,0,0,0
fifth-meyran,2021-08-01,2021,8,61,rain,68.9,62.0,0.118,0.118,0.0,6.0,11.7,14.29,1,0,0
fifth-meyran,2021-08-02,2021,8,3,cloud,66.5,56.7,0.0,0.0,0.0,0.0,7.0,14.25,0,0,0
fifth-meyran,2021-08-03,2021,8,3,cloud,69.1,58.3,0.0,0.0,0.0,0.0,6.8,14.22,0,0,0
fifth-meyran,2021-08-04,2021,8,51,rain,70.3,62.5,0.016,0.016,0.0,2.0,4.6,14.18,1,0,0
fifth-meyran,2021-08-05,2021,8,51,rain,72.4,63.1,0.004,0.004,0.0,1.0,6.3,14.15,0,0,0
fifth-meyran,2021-08-06,2021,8,3,cloud,76.3,65.4,0.0,0.0,0.0,0.0,9.5,14.11,0,0,0
fifth-meyran,2021-08-07,2021,8,51,rain,75.9,66.8,0.02,0.02,0.0,2.0,7.9,14.07,1,0,0
fifth-meyran,2021-08-08,2021,8,51,rain,76.1,66.6,0.016,0.016,0.0,2.0,6.4,14.04,1,0,0
fifth-meyran,2021-08-09,2021,8,51,rain,79.0,67.8,0.02,0.02,0.0,3.0,8.7,14.0,1,0,0
fifth-meyran,2021-08-10,2021,8,61,rain,79.7,70.8,0.252,0.252,0.0,12.0,14.7,13.96,1,0,0
fifth-meyran,2021-08-11,2021,8,53,rain,80.8,73.7,0.083,0.083,0.0,9.0,11.7,13.92,1,0,0
fifth-meyran,2021-08-12,2021,8,65,rain,79.2,72.7,0.972,0.972,0.0,6.0,11.3,13.89,1,0,0
fifth-meyran,2021-08-13,2021,8,63,rain,77.8,71.5,0.406,0.406,0.0,6.0,8.9,13.85,1,0,0
fifth-meyran,2021-08-14,2021,8,61,rain,74.3,67.0,0.343,0.343,0.0,13.0,7.8,13.81,1,0,0
fifth-meyran,2021-08-15,2021,8,3,cloud,69.9,61.7,0.0,0.0,0.0,0.0,7.3,13.77,0,0,0
fifth-meyran,2021-08-16,2021,8,63,rain,70.8,67.6,0.953,0.953,0.0,22.0,7.7,13.73,1,0,0
fifth-meyran,2021-08-17,2021,8,51,rain,73.7,69.1,0.079,0.079,0.0,11.0,6.9,13.69,1,0,0
fifth-meyran,2021-08-18,2021,8,63,rain,72.7,70.3,0.744,0.744,0.0,20.0,14.4,13.65,1,0,0
fifth-meyran,2021-08-19,2021,8,53,rain,72.1,66.7,0.118,0.118,0.0,10.0,6.3,13.61,1,0,0
fifth-meyran,2021-08-20,2021,8,61,rain,73.9,67.2,0.102,0.102,0.0,5.0,5.6,13.57,1,0,0
fifth-meyran,2021-08-21,2021,8,3,cloud,74.6,64.5,0.0,0.0,0.0,0.0,4.7,13.53,0,0,0
fifth-meyran,2021-08-22,2021,8,51,rain,74.7,66.5,0.004,0.004,0.0,1.0,5.2,13.49,0,0,0
fifth-meyran,2021-08-23,2021,8,55,rain,77.0,69.8,0.059,0.059,0.0,3.0,10.1,13.45,1,0,0
fifth-meyran,2021-08-24,2021,8,3,cloud,77.5,66.6,0.0,0.0,0.0,0.0,6.1,13.41,0,0,0
fifth-meyran,2021-08-25,2021,8,51,rain,77.6,69.6,0.012,0.012,0.0,3.0,4.3,13.37,1,0,0
fifth-meyran,2021-08-26,2021,8,51,rain,77.5,70.5,0.016,0.016,0.0,3.0,5.1,13.32,1,0,0
fifth-meyran,2021-08-27,2021,8,61,rain,77.4,71.0,0.134,0.134,0.0,5.0,4.0,13.28,1,0,0
fifth-meyran,2021-08-28,2021,8,63,rain,78.1,71.4,0.543,0.543,0.0,8.0,5.7,13.24,1,0,0
fifth-meyran,2021-08-29,2021,8,53,rain,77.4,70.7,0.118,0.118,0.0,9.0,7.1,13.2,1,0,0
fifth-meyran,2021-08-30,2021,8,61,rain,74.9,71.1,0.366,0.366,0.0,13.0,8.5,13.15,1,0,0
fifth-meyran,2021-08-31,2021,8,63,rain,70.6,68.6,1.346,1.346,0.0,16.0,4.8,13.11,1,0,0
fifth-meyran,2021-09-01,2021,9,65,rain,66.9,63.4,1.614,1.614,0.0,17.0,15.0,13.07,1,0,0
fifth-meyran,2021-09-02,2021,9,0,clear,63.6,55.0,0.0,0.0,0.0,0.0,9.0,13.03,0,0,0
fifth-meyran,2021-09-03,2021,9,3,cloud,61.9,52.0,0.0,0.0,0.0,0.0,7.7,12.98,0,0,0
fifth-meyran,2021-09-04,2021,9,3,cloud,66.3,56.2,0.0,0.0,0.0,0.0,5.1,12.94,0,0,0
fifth-meyran,2021-09-05,2021,9,63,rain,68.2,62.2,0.72,0.72,0.0,20.0,10.4,12.9,1,0,0
fifth-meyran,2021-09-06,2021,9,51,rain,66.6,57.0,0.008,0.008,0.0,1.0,13.2,12.86,0,0,0
fifth-meyran,2021-09-07,2021,9,51,rain,68.1,57.7,0.012,0.012,0.0,3.0,9.9,12.81,1,0,0
fifth-meyran,2021-09-08,2021,9,53,rain,67.7,63.0,0.094,0.094,0.0,6.0,11.7,12.77,1,0,0
fifth-meyran,2021-09-09,2021,9,63,rain,62.8,55.2,0.13,0.13,0.0,4.0,11.9,12.73,1,0,0
fifth-meyran,2021-09-10,2021,9,51,rain,61.7,53.4,0.008,0.008,0.0,2.0,8.1,12.68,0,0,0
fifth-meyran,2021-09-11,2021,9,3,cloud,64.5,53.4,0.0,0.0,0.0,0.0,10.5,12.64,0,0,0
fifth-meyran,2021-09-12,2021,9,2,cloud,72.8,64.3,0.0,0.0,0.0,0.0,12.9,12.59,0,0,0
fifth-meyran,2021-09-13,2021,9,55,rain,73.2,66.9,0.043,0.043,0.0,1.0,9.7,12.55,1,0,0
fifth-meyran,2021-09-14,2021,9,51,rain,74.2,65.3,0.012,0.012,0.0,2.0,10.8,12.51,1,0,0
fifth-meyran,2021-09-15,2021,9,63,rain,69.4,63.3,1.067,1.067,0.0,14.0,11.0,12.46,1,0,0
fifth-meyran,2021-09-16,2021,9,51,rain,67.8,58.8,0.035,0.035,0.0,5.0,7.1,12.42,1,0,0
fifth-meyran,2021-09-17,2021,9,51,rain,71.8,63.7,0.008,0.008,0.0,2.0,6.0,12.37,0,0,0
fifth-meyran,2021-09-18,2021,9,51,rain,72.3,65.1,0.024,0.024,0.0,4.0,7.6,12.33,1,0,0
fifth-meyran,2021-09-19,2021,9,3,cloud,69.5,62.0,0.0,0.0,0.0,0.0,5.7,12.28,0,0,0
fifth-meyran,2021-09-20,2021,9,51,rain,71.3,62.6,0.016,0.016,0.0,2.0,10.0,12.24,1,0,0
fifth-meyran,2021-09-21,2021,9,63,rain,69.0,64.5,0.232,0.232,0.0,4.0,9.7,12.2,1,0,0
fifth-meyran,2021-09-22,2021,9,63,rain,69.7,60.4,0.756,0.756,0.0,16.0,14.3,12.15,1,0,0
fifth-meyran,2021-09-23,2021,9,51,rain,57.2,54.1,0.039,0.039,0.0,5.0,14.7,12.11,1,0,0
fifth-meyran,2021-09-24,2021,9,1,clear,59.8,52.2,0.0,0.0,0.0,0.0,11.1,12.06,0,0,0
fifth-meyran,2021-09-25,2021,9,51,rain,58.9,50.2,0.008,0.008,0.0,2.0,11.6,12.02,0,0,0
fifth-meyran,2021-09-26,2021,9,2,cloud,59.7,48.7,0.0,0.0,0.0,0.0,12.4,11.98,0,0,0
fifth-meyran,2021-09-27,2021,9,3,cloud,65.9,54.6,0.0,0.0,0.0,0.0,13.3,11.93,0,0,0
fifth-meyran,2021-09-28,2021,9,65,rain,65.9,55.9,0.937,0.937,0.0,12.0,12.2,11.89,1,0,0
fifth-meyran,2021-09-29,2021,9,2,cloud,59.0,51.0,0.0,0.0,0.0,0.0,6.7,11.84,0,0,0
fifth-meyran,2021-09-30,2021,9,2,cloud,57.8,48.5,0.0,0.0,0.0,0.0,7.4,11.8,0,0,0
fifth-meyran,2021-10-01,2021,10,1,clear,57.2,47.2,0.0,0.0,0.0,0.0,4.0,11.75,0,0,0
fifth-meyran,2021-10-02,2021,10,3,cloud,60.0,47.7,0.0,0.0,0.0,0.0,5.4,11.71,0,0,0
fifth-meyran,2021-10-03,2021,10,61,rain,65.7,60.7,0.213,0.213,0.0,11.0,9.8,11.67,1,0,0
fifth-meyran,2021-10-04,2021,10,65,rain,66.2,63.0,1.201,1.201,0.0,15.0,7.0,11.62,1,0,0
fifth-meyran,2021-10-05,2021,10,51,rain,66.0,58.5,0.004,0.004,0.0,1.0,5.5,11.58,0,0,0
fifth-meyran,2021-10-06,2021,10,61,rain,68.3,60.4,0.075,0.075,0.0,4.0,6.3,11.53,1,0,0
fifth-meyran,2021-10-07,2021,10,53,rain,68.5,62.1,0.098,0.098,0.0,7.0,4.9,11.49,1,0,0
fifth-meyran,2021-10-08,2021,10,63,rain,68.0,61.7,0.512,0.512,0.0,13.0,4.7,11.44,1,0,0
fifth-meyran,2021-10-09,2021,10,65,rain,65.7,62.1,0.638,0.638,0.0,20.0,11.3,11.4,1,0,0
fifth-meyran,2021-10-10,2021,10,51,rain,66.1,59.3,0.008,0.008,0.0,2.0,8.1,11.36,0,0,0
fifth-meyran,2021-10-11,2021,10,3,cloud,66.2,57.4,0.0,0.0,0.0,0.0,9.8,11.31,0,0,0
fifth-meyran,2021-10-12,2021,10,51,rain,66.4,57.4,0.008,0.008,0.0,2.0,9.0,11.27,0,0,0
fifth-meyran,2021-10-13,2021,10,51,rain,65.0,58.3,0.004,0.004,0.0,1.0,7.5,11.23,0,0,0
fifth-meyran,2021-10-14,2021,10,3,cloud,66.4,54.6,0.0,0.0,0.0,0.0,5.9,11.18,0,0,0
fifth-meyran,2021-10-15,2021,10,63,rain,70.6,64.0,0.382,0.382,0.0,8.0,11.1,11.14,1,0,0
fifth-meyran,2021-10-16,2021,10,63,rain,60.4,52.5,0.488,0.488,0.0,15.0,14.4,11.1,1,0,0
fifth-meyran,2021-10-17,2021,10,3,cloud,51.9,48.2,0.0,0.0,0.0,0.0,17.0,11.06,0,0,0
fifth-meyran,2021-10-18,2021,10,3,cloud,52.5,45.3,0.0,0.0,0.0,0.0,12.9,11.01,0,0,0
fifth-meyran,2021-10-19,2021,10,0,clear,55.0,43.2,0.0,0.0,0.0,0.0,10.1,10.97,0,0,0
fifth-meyran,2021-10-20,2021,10,3,cloud,58.5,48.9,0.0,0.0,0.0,0.0,9.3,10.93,0,0,0
fifth-meyran,2021-10-21,2021,10,63,rain,59.5,51.9,0.268,0.268,0.0,7.0,16.0,10.89,1,0,0
fifth-meyran,2021-10-22,2021,10,53,rain,52.8,50.8,0.071,0.071,0.0,8.0,8.6,10.85,1,0,0
fifth-meyran,2021-10-23,2021,10,61,rain,48.6,45.8,0.185,0.185,0.0,9.0,7.2,10.8,1,0,0
fifth-meyran,2021-10-24,2021,10,63,rain,53.4,46.9,0.276,0.276,0.0,10.0,9.0,10.76,1,0,0
fifth-meyran,2021-10-25,2021,10,61,rain,59.5,53.5,0.118,0.118,0.0,5.0,10.3,10.72,1,0,0
fifth-meyran,2021-10-26,2021,10,53,rain,49.3,46.1,0.083,0.083,0.0,8.0,17.3,10.68,1,0,0
fifth-meyran,2021-10-27,2021,10,3,cloud,50.5,46.3,0.0,0.0,0.0,0.0,10.9,10.64,0,0,0
fifth-meyran,2021-10-28,2021,10,53,rain,54.0,43.8,0.043,0.043,0.0,2.0,10.8,10.6,1,0,0
fifth-meyran,2021-10-29,2021,10,63,rain,52.8,48.2,1.071,1.071,0.0,19.0,13.1,10.56,1,0,0
fifth-meyran,2021-10-30,2021,10,61,rain,51.5,45.9,0.339,0.339,0.0,14.0,6.1,10.52,1,0,0
fifth-meyran,2021-10-31,2021,10,61,rain,53.6,51.0,0.138,0.138,0.0,12.0,14.0,10.48,1,0,0
fifth-meyran,2021-11-01,2021,11,3,cloud,47.8,41.9,0.0,0.0,0.0,0.0,12.0,10.44,0,0,0
fifth-meyran,2021-11-02,2021,11,3,cloud,44.0,38.1,0.0,0.0,0.0,0.0,11.0,10.4,0,0,0
fifth-meyran,2021-11-03,2021,11,3,cloud,39.7,33.3,0.0,0.0,0.0,0.0,8.6,10.36,0,0,0
fifth-meyran,2021-11-04,2021,11,3,cloud,38.9,29.7,0.0,0.0,0.0,0.0,6.5,10.32,0,0,1
fifth-meyran,2021-11-05,2021,11,3,cloud,37.3,30.1,0.0,0.0,0.0,0.0,5.7,10.29,0,0,1
fifth-meyran,2021-11-06,2021,11,0,clear,39.2,29.3,0.0,0.0,0.0,0.0,5.2,10.25,0,0,1
fifth-meyran,2021-11-07,2021,11,0,clear,40.9,28.3,0.0,0.0,0.0,0.0,5.1,10.21,0,0,1
fifth-meyran,2021-11-08,2021,11,2,cloud,47.2,35.4,0.0,0.0,0.0,0.0,8.2,10.18,0,0,0
fifth-meyran,2021-11-09,2021,11,3,cloud,52.7,43.6,0.0,0.0,0.0,0.0,7.0,10.14,0,0,0
fifth-meyran,2021-11-10,2021,11,3,cloud,51.1,45.6,0.0,0.0,0.0,0.0,7.9,10.1,0,0,0
fifth-meyran,2021-11-11,2021,11,53,rain,56.6,46.5,0.039,0.039,0.0,2.0,15.8,10.07,1,0,0
fifth-meyran,2021-11-12,2021,11,63,rain,51.3,43.3,0.303,0.303,0.0,7.0,16.0,10.03,1,0,0
fifth-meyran,2021-11-13,2021,11,51,rain,40.2,35.5,0.055,0.055,0.0,6.0,16.6,10.0,1,0,0
fifth-meyran,2021-11-14,2021,11,73,snow,35.9,33.4,0.146,0.079,0.469,10.0,12.5,9.96,1,1,0
fifth-meyran,2021-11-15,2021,11,71,snow,36.5,33.1,0.059,0.035,0.165,12.0,15.5,9.93,1,1,0
fifth-meyran,2021-11-16,2021,11,3,cloud,37.9,29.8,0.0,0.0,0.0,0.0,5.5,9.9,0,0,1
fifth-meyran,2021-11-17,2021,11,51,rain,52.1,35.6,0.016,0.016,0.0,3.0,15.7,9.86,1,0,0
fifth-meyran,2021-11-18,2021,11,63,rain,49.5,37.9,0.28,0.28,0.0,8.0,12.0,9.83,1,0,0
fifth-meyran,2021-11-19,2021,11,3,cloud,34.1,28.8,0.0,0.0,0.0,0.0,12.3,9.8,0,0,1
fifth-meyran,2021-11-20,2021,11,3,cloud,36.3,26.4,0.0,0.0,0.0,0.0,8.3,9.77,0,0,1
fifth-meyran,2021-11-21,2021,11,53,rain,40.7,34.8,0.161,0.161,0.0,10.0,8.5,9.74,1,0,0
fifth-meyran,2021-11-22,2021,11,51,rain,37.2,32.0,0.004,0.004,0.0,1.0,12.0,9.72,0,0,1
fifth-meyran,2021-11-23,2021,11,3,cloud,30.9,24.9,0.0,0.0,0.0,0.0,9.0,9.69,0,0,1
fifth-meyran,2021-11-24,2021,11,3,cloud,33.8,25.6,0.0,0.0,0.0,0.0,7.0,9.66,0,0,1
fifth-meyran,2021-11-25,2021,11,53,rain,43.0,37.3,0.079,0.079,0.0,8.0,10.7,9.64,1,0,0
fifth-meyran,2021-11-26,2021,11,55,rain,33.0,28.0,0.102,0.102,0.0,5.0,17.5,9.61,1,0,1
fifth-meyran,2021-11-27,2021,11,73,snow,31.3,27.3,0.043,0.0,0.331,6.0,10.7,9.59,0,1,1
fifth-meyran,2021-11-28,2021,11,73,snow,36.3,30.6,0.087,0.024,0.469,9.0,13.0,9.56,1,1,1
fifth-meyran,2021-11-29,2021,11,71,snow,33.5,28.4,0.004,0.0,0.028,1.0,10.8,9.54,0,0,1
fifth-meyran,2021-11-30,2021,11,73,snow,38.3,31.6,0.031,0.0,0.22,3.0,13.2,9.52,0,1,1
fifth-meyran,2021-12-01,2021,12,53,rain,40.8,34.3,0.075,0.075,0.0,5.0,8.8,9.5,1,0,0
fifth-meyran,2021-12-02,2021,12,55,rain,49.9,43.3,0.106,0.106,0.0,5.0,20.3,9.48,1,0,0
fifth-meyran,2021-12-03,2021,12,51,rain,39.0,34.5,0.012,0.012,0.0,2.0,9.3,9.46,1,0,0
fifth-meyran,2021-12-04,2021,12,3,cloud,39.7,31.4,0.0,0.0,0.0,0.0,9.7,9.44,0,0,1
fifth-meyran,2021-12-05,2021,12,3,cloud,40.7,30.7,0.0,0.0,0.0,0.0,12.7,9.42,0,0,1
fifth-meyran,2021-12-06,2021,12,63,rain,46.6,30.2,0.543,0.543,0.0,9.0,17.5,9.4,1,0,1
fifth-meyran,2021-12-07,2021,12,3,cloud,28.2,23.5,0.0,0.0,0.0,0.0,10.3,9.39,0,0,1
fifth-meyran,2021-12-08,2021,12,71,snow,29.5,26.1,0.02,0.0,0.138,5.0,10.5,9.37,0,1,1
fifth-meyran,2021-12-09,2021,12,3,cloud,31.6,25.1,0.0,0.0,0.0,0.0,9.4,9.36,0,0,1
fifth-meyran,2021-12-10,2021,12,55,rain,48.4,38.7,0.075,0.075,0.0,4.0,7.8,9.34,1,0,0
fifth-meyran,2021-12-11,2021,12,63,rain,53.6,37.5,0.728,0.728,0.0,18.0,23.4,9.33,1,0,0
fifth-meyran,2021-12-12,2021,12,0,clear,36.2,29.9,0.0,0.0,0.0,0.0,12.1,9.32,0,0,1
fifth-meyran,2021-12-13,2021,12,3,cloud,37.5,29.3,0.0,0.0,0.0,0.0,9.8,9.31,0,0,1
fifth-meyran,2021-12-14,2021,12,3,cloud,38.4,28.9,0.0,0.0,0.0,0.0,7.7,9.31,0,0,1
fifth-meyran,2021-12-15,2021,12,51,rain,46.0,38.3,0.012,0.012,0.0,2.0,9.4,9.3,1,0,0
fifth-meyran,2021-12-16,2021,12,51,rain,56.4,50.8,0.012,0.012,0.0,2.0,13.7,9.29,1,0,0
fifth-meyran,2021-12-17,2021,12,51,rain,42.4,34.6,0.004,0.004,0.0,1.0,11.2,9.29,0,0,0
fifth-meyran,2021-12-18,2021,12,63,rain,44.9,38.6,0.587,0.587,0.0,22.0,12.7,9.28,1,0,0
fifth-meyran,2021-12-19,2021,12,3,cloud,33.7,29.9,0.0,0.0,0.0,0.0,12.1,9.28,0,0,1
fifth-meyran,2021-12-20,2021,12,3,cloud,31.6,25.7,0.0,0.0,0.0,0.0,6.5,9.28,0,0,1
fifth-meyran,2021-12-21,2021,12,3,cloud,32.2,26.0,0.0,0.0,0.0,0.0,7.9,9.28,0,0,1
fifth-meyran,2021-12-22,2021,12,3,cloud,30.7,23.6,0.0,0.0,0.0,0.0,14.9,9.28,0,0,1
fifth-meyran,2021-12-23,2021,12,3,cloud,29.2,21.8,0.0,0.0,0.0,0.0,12.0,9.28,0,0,1
fifth-meyran,2021-12-24,2021,12,51,rain,48.6,43.3,0.004,0.004,0.0,1.0,11.8,9.28,0,0,0
fifth-meyran,2021-12-25,2021,12,63,rain,54.1,45.7,0.492,0.492,0.0,18.0,14.3,9.29,1,0,0
fifth-meyran,2021-12-26,2021,12,3,cloud,40.8,34.0,0.0,0.0,0.0,0.0,7.5,9.29,0,0,0
fifth-meyran,2021-12-27,2021,12,71,snow,40.6,30.3,0.689,0.685,0.028,15.0,13.5,9.3,1,0,1
fifth-meyran,2021-12-28,2021,12,63,rain,41.8,37.0,0.535,0.535,0.0,7.0,11.8,9.31,1,0,0
fifth-meyran,2021-12-29,2021,12,63,rain,45.6,39.8,0.283,0.283,0.0,4.0,11.5,9.31,1,0,0
fifth-meyran,2021-12-30,2021,12,51,rain,46.4,41.5,0.047,0.047,0.0,6.0,7.8,9.32,1,0,0
fifth-meyran,2021-12-31,2021,12,51,rain,47.6,40.4,0.016,0.016,0.0,3.0,7.7,9.33,1,0,0
fifth-meyran,2022-01-01,2022,1,63,rain,53.1,51.0,1.283,1.283,0.0,23.0,10.7,9.35,1,0,0
fifth-meyran,2022-01-02,2022,1,53,rain,39.4,29.0,0.035,0.035,0.0,4.0,11.1,9.36,1,0,1
fifth-meyran,2022-01-03,2022,1,3,cloud,26.1,22.6,0.0,0.0,0.0,0.0,11.2,9.37,0,0,1
fifth-meyran,2022-01-04,2022,1,3,cloud,28.8,21.9,0.0,0.0,0.0,0.0,10.3,9.39,0,0,1
fifth-meyran,2022-01-05,2022,1,3,cloud,40.5,33.9,0.0,0.0,0.0,0.0,22.8,9.4,0,0,0
fifth-meyran,2022-01-06,2022,1,73,snow,23.8,18.1,0.15,0.0,1.075,7.0,12.5,9.42,0,1,1
fifth-meyran,2022-01-07,2022,1,73,snow,20.7,18.1,0.055,0.0,0.386,5.0,14.4,9.44,0,1,1
fifth-meyran,2022-01-08,2022,1,3,cloud,23.4,12.4,0.0,0.0,0.0,0.0,7.9,9.45,0,0,1
fifth-meyran,2022-01-09,2022,1,63,rain,37.1,27.8,0.535,0.535,0.0,15.0,12.8,9.47,1,0,1
fifth-meyran,2022-01-10,2022,1,3,cloud,21.5,17.3,0.0,0.0,0.0,0.0,14.1,9.5,0,0,1
fifth-meyran,2022-01-11,2022,1,71,snow,19.2,13.6,0.004,0.0,0.028,1.0,13.1,9.52,0,0,1
fifth-meyran,2022-01-12,2022,1,3,cloud,33.4,23.6,0.0,0.0,0.0,0.0,12.8,9.54,0,0,1
fifth-meyran,2022-01-13,2022,1,71,snow,34.8,29.0,0.169,0.157,0.083,12.0,6.2,9.56,1,0,1
fifth-meyran,2022-01-14,2022,1,3,cloud,32.2,26.3,0.0,0.0,0.0,0.0,9.6,9.59,0,0,1
fifth-meyran,2022-01-15,2022,1,3,cloud,19.1,14.2,0.0,0.0,0.0,0.0,7.9,9.61,0,0,1
fifth-meyran,2022-01-16,2022,1,75,snow,21.5,15.4,0.335,0.008,2.287,8.0,12.6,9.64,0,1,1
fifth-meyran,2022-01-17,2022,1,75,snow,26.5,22.1,0.476,0.0,3.335,16.0,20.5,9.67,0,1,1
fifth-meyran,2022-01-18,2022,1,71,snow,26.1,19.4,0.012,0.0,0.083,2.0,11.6,9.69,0,0,1
fifth-meyran,2022-01-19,2022,1,51,rain,35.3,19.2,0.004,0.004,0.0,1.0,11.7,9.72,0,0,1
fifth-meyran,2022-01-20,2022,1,71,snow,21.7,9.9,0.024,0.0,0.165,6.0,10.4,9.75,0,1,1
fifth-meyran,2022-01-21,2022,1,3,cloud,8.5,-1.4,0.0,0.0,0.0,0.0,7.3,9.78,0,0,1
fifth-meyran,2022-01-22,2022,1,3,cloud,16.1,2.2,0.0,0.0,0.0,0.0,9.1,9.81,0,0,1
fifth-meyran,2022-01-23,2022,1,73,snow,23.6,19.0,0.165,0.0,1.157,12.0,10.6,9.84,0,1,1
fifth-meyran,2022-01-24,2022,1,73,snow,21.7,14.5,0.138,0.0,0.965,9.0,8.6,9.87,0,1,1
fifth-meyran,2022-01-25,2022,1,71,snow,23.7,9.5,0.031,0.0,0.22,6.0,9.3,9.9,0,1,1
fifth-meyran,2022-01-26,2022,1,3,cloud,10.6,1.0,0.0,0.0,0.0,0.0,7.4,9.93,0,0,1
fifth-meyran,2022-01-27,2022,1,71,snow,12.3,-9.4,0.016,0.0,0.11,3.0,7.1,9.97,0,1,1
fifth-meyran,2022-01-28,2022,1,73,snow,25.6,14.8,0.11,0.0,0.772,15.0,9.5,10.0,0,1,1
fifth-meyran,2022-01-29,2022,1,3,cloud,8.7,-0.3,0.0,0.0,0.0,0.0,9.6,10.04,0,0,1
fifth-meyran,2022-01-30,2022,1,71,snow,8.8,-7.1,0.004,0.0,0.028,1.0,6.5,10.07,0,0,1
fifth-meyran,2022-01-31,2022,1,3,cloud,16.7,-0.0,0.0,0.0,0.0,0.0,6.4,10.11,0,0,1
fifth-meyran,2022-02-01,2022,2,3,cloud,27.7,13.7,0.0,0.0,0.0,0.0,9.1,10.15,0,0,1
fifth-meyran,2022-02-02,2022,2,55,rain,33.7,22.3,0.098,0.098,0.0,4.0,8.7,10.18,1,0,1
fifth-meyran,2022-02-03,2022,2,63,rain,36.5,31.9,1.291,1.291,0.0,24.0,11.0,10.22,1,0,1
fifth-meyran,2022-02-04,2022,2,75,snow,24.5,21.4,0.76,0.437,2.26,24.0,9.6,10.26,1,1,1
fifth-meyran,2022-02-05,2022,2,71,snow,17.9,13.4,0.024,0.0,0.165,5.0,9.2,10.3,0,1,1
fifth-meyran,2022-02-06,2022,2,3,cloud,22.1,7.3,0.0,0.0,0.0,0.0,6.5,10.34,0,0,1
fifth-meyran,2022-02-07,2022,2,3,cloud,28.2,16.3,0.0,0.0,0.0,0.0,7.1,10.37,0,0,1
fifth-meyran,2022-02-08,2022,2,71,snow,25.3,20.7,0.004,0.0,0.028,1.0,9.1,10.41,0,0,1
fifth-meyran,2022-02-09,2022,2,53,rain,37.7,21.9,0.031,0.031,0.0,1.0,13.8,10.45,1,0,1
fifth-meyran,2022-02-10,2022,2,71,snow,36.6,28.3,0.008,0.004,0.028,2.0,16.7,10.49,0,0,1
fifth-meyran,2022-02-11,2022,2,3,cloud,41.1,25.8,0.0,0.0,0.0,0.0,18.5,10.53,0,0,1
fifth-meyran,2022-02-12,2022,2,51,rain,36.4,25.6,0.031,0.031,0.0,5.0,13.4,10.57,1,0,1
fifth-meyran,2022-02-13,2022,2,71,snow,23.6,18.9,0.016,0.0,0.11,4.0,9.6,10.61,0,1,1
fifth-meyran,2022-02-14,2022,2,71,snow,19.0,14.7,0.004,0.0,0.028,1.0,10.4,10.65,0,0,1
fifth-meyran,2022-02-15,2022,2,3,cloud,25.2,16.6,0.0,0.0,0.0,0.0,7.4,10.69,0,0,1
fifth-meyran,2022-02-16,2022,2,3,cloud,44.1,27.5,0.0,0.0,0.0,0.0,16.6,10.74,0,0,1
fifth-meyran,2022-02-17,2022,2,63,rain,53.1,50.6,1.394,1.394,0.0,15.0,17.8,10.78,1,0,0
fifth-meyran,2022-02-18,2022,2,71,snow,30.2,22.2,0.181,0.169,0.083,6.0,24.3,10.82,1,0,1
fifth-meyran,2022-02-19,2022,2,73,snow,24.1,17.7,0.028,0.0,0.193,3.0,21.2,10.86,0,1,1
fifth-meyran,2022-02-20,2022,2,3,cloud,31.0,17.2,0.0,0.0,0.0,0.0,12.0,10.91,0,0,1
fifth-meyran,2022-02-21,2022,2,3,cloud,46.0,33.6,0.0,0.0,0.0,0.0,10.0,10.95,0,0,0
fifth-meyran,2022-02-22,2022,2,63,rain,52.2,44.8,0.72,0.72,0.0,14.0,18.1,10.99,1,0,0
fifth-meyran,2022-02-23,2022,2,53,rain,43.0,28.8,0.051,0.051,0.0,6.0,15.2,11.04,1,0,1
fifth-meyran,2022-02-24,2022,2,63,rain,30.3,25.1,0.209,0.209,0.0,5.0,9.9,11.08,1,0,1
fifth-meyran,2022-02-25,2022,2,71,snow,33.9,25.3,0.799,0.795,0.028,11.0,16.5,11.12,1,0,1
fifth-meyran,2022-02-26,2022,2,3,cloud,28.6,23.9,0.0,0.0,0.0,0.0,9.5,11.17,0,0,1
fifth-meyran,2022-02-27,2022,2,3,cloud,33.0,23.9,0.0,0.0,0.0,0.0,16.6,11.21,0,0,1
fifth-meyran,2022-02-28,2022,2,3,cloud,32.4,24.0,0.0,0.0,0.0,0.0,7.8,11.25,0,0,1
fifth-meyran,2022-03-01,2022,3,53,rain,42.3,30.9,0.067,0.067,0.0,4.0,12.2,11.3,1,0,1
fifth-meyran,2022-03-02,2022,3,61,rain,41.8,29.1,0.106,0.106,0.0,5.0,9.6,11.34,1,0,1
fifth-meyran,2022-03-03,2022,3,71,snow,32.4,22.2,0.138,0.13,0.055,6.0,12.9,11.39,1,0,1
fifth-meyran,2022-03-04,2022,3,3,cloud,29.7,20.0,0.0,0.0,0.0,0.0,5.9,11.43,0,0,1
fifth-meyran,2022-03-05,2022,3,3,cloud,45.7,30.0,0.0,0.0,0.0,0.0,10.5,11.47,0,0,1
fifth-meyran,2022-03-06,2022,3,61,rain,60.9,56.3,0.15,0.15,0.0,10.0,20.4,11.52,1,0,0
fifth-meyran,2022-03-07,2022,3,63,rain,54.4,37.7,0.634,0.634,0.0,19.0,20.8,11.56,1,0,0
fifth-meyran,2022-03-08,2022,3,71,snow,36.6,33.2,0.043,0.016,0.193,6.0,11.5,11.61,1,1,0
fifth-meyran,2022-03-09,2022,3,75,snow,35.3,31.7,0.272,0.094,1.24,13.0,8.8,11.65,1,1,1
fifth-meyran,2022-03-10,2022,3,3,cloud,36.9,25.6,0.0,0.0,0.0,0.0,5.6,11.7,0,0,1
fifth-meyran,2022-03-11,2022,3,73,snow,41.5,29.8,0.031,0.012,0.138,1.0,14.0,11.74,1,1,1
fifth-meyran,2022-03-12,2022,3,75,snow,23.3,15.7,0.591,0.008,4.079,14.0,19.4,11.79,0,1,1
fifth-meyran,2022-03-13,2022,3,71,snow,21.0,6.8,0.008,0.0,0.055,2.0,14.1,11.83,0,0,1
fifth-meyran,2022-03-14,2022,3,3,cloud,39.2,26.2,0.0,0.0,0.0,0.0,10.0,11.88,0,0,1
fifth-meyran,2022-03-15,2022,3,3,cloud,47.9,36.3,0.0,0.0,0.0,0.0,11.2,11.92,0,0,0
fifth-meyran,2022-03-16,2022,3,3,cloud,52.4,36.8,0.0,0.0,0.0,0.0,6.9,11.97,0,0,0
fifth-meyran,2022-03-17,2022,3,51,rain,55.1,43.9,0.004,0.004,0.0,1.0,7.0,12.01,0,0,0
fifth-meyran,2022-03-18,2022,3,63,rain,57.3,44.4,0.374,0.374,0.0,3.0,10.2,12.06,1,0,0
fifth-meyran,2022-03-19,2022,3,61,rain,54.6,46.2,0.091,0.091,0.0,5.0,20.1,12.1,1,0,0
fifth-meyran,2022-03-20,2022,3,51,rain,43.6,39.0,0.087,0.087,0.0,11.0,15.5,12.15,1,0,0
fifth-meyran,2022-03-21,2022,3,3,cloud,48.3,35.6,0.0,0.0,0.0,0.0,8.9,12.19,0,0,0
fifth-meyran,2022-03-22,2022,3,53,rain,46.5,39.3,0.031,0.031,0.0,3.0,10.3,12.24,1,0,0
fifth-meyran,2022-03-23,2022,3,63,rain,50.6,44.0,0.382,0.382,0.0,11.0,15.8,12.28,1,0,0
fifth-meyran,2022-03-24,2022,3,55,rain,53.5,44.2,0.122,0.122,0.0,6.0,12.5,12.33,1,0,0
fifth-meyran,2022-03-25,2022,3,51,rain,41.9,36.8,0.079,0.079,0.0,8.0,14.5,12.37,1,0,0
fifth-meyran,2022-03-26,2022,3,75,snow,37.4,33.3,0.189,0.043,1.02,15.0,18.4,12.41,1,1,0
fifth-meyran,2022-03-27,2022,3,71,snow,28.8,24.2,0.055,0.0,0.386,11.0,16.6,12.46,0,1,1
fifth-meyran,2022-03-28,2022,3,71,snow,23.9,20.2,0.059,0.0,0.413,11.0,19.7,12.5,0,1,1
fifth-meyran,2022-03-29,2022,3,3,cloud,29.1,18.6,0.0,0.0,0.0,0.0,7.4,12.55,0,0,1
fifth-meyran,2022-03-30,2022,3,55,rain,49.1,29.6,0.075,0.075,0.0,2.0,14.0,12.59,1,0,1
fifth-meyran,2022-03-31,2022,3,63,rain,60.3,45.7,0.335,0.335,0.0,12.0,19.4,12.64,1,0,0
fifth-meyran,2022-04-01,2022,4,71,snow,39.8,35.7,0.075,0.067,0.055,12.0,18.3,12.68,1,0,0
fifth-meyran,2022-04-02,2022,4,3,cloud,40.6,30.0,0.0,0.0,0.0,0.0,7.7,12.73,0,0,1
fifth-meyran,2022-04-03,2022,4,55,rain,41.0,35.3,0.126,0.126,0.0,9.0,16.5,12.77,1,0,0
fifth-meyran,2022-04-04,2022,4,51,rain,37.7,27.8,0.028,0.028,0.0,2.0,6.3,12.82,1,0,1
fifth-meyran,2022-04-05,2022,4,63,rain,47.2,33.3,0.346,0.346,0.0,7.0,8.3,12.86,1,0,0
fifth-meyran,2022-04-06,2022,4,63,rain,54.5,46.9,0.776,0.776,0.0,14.0,13.5,12.91,1,0,0
fifth-meyran,2022-04-07,2022,4,63,rain,49.9,43.2,0.819,0.819,0.0,19.0,13.3,12.95,1,0,0
fifth-meyran,2022-04-08,2022,4,73,snow,41.8,33.9,0.071,0.055,0.11,6.0,11.9,12.99,1,1,0
fifth-meyran,2022-04-09,2022,4,73,snow,39.4,34.4,0.189,0.142,0.331,15.0,10.0,13.04,1,1,0
fifth-meyran,2022-04-10,2022,4,71,snow,40.1,33.4,0.035,0.028,0.055,7.0,14.5,13.08,1,0,0
fifth-meyran,2022-04-11,2022,4,63,rain,48.3,33.7,0.378,0.378,0.0,9.0,12.3,13.12,1,0,0
fifth-meyran,2022-04-12,2022,4,53,rain,57.3,48.5,0.102,0.102,0.0,6.0,10.1,13.17,1,0,0
fifth-meyran,2022-04-13,2022,4,53,rain,64.3,52.1,0.039,0.039,0.0,3.0,14.3,13.21,1,0,0
fifth-meyran,2022-04-14,2022,4,53,rain,56.8,48.7,0.079,0.079,0.0,6.0,18.8,13.25,1,0,0
fifth-meyran,2022-04-15,2022,4,3,cloud,54.8,40.2,0.0,0.0,0.0,0.0,18.2,13.29,0,0,0
fifth-meyran,2022-04-16,2022,4,61,rain,51.3,42.1,0.382,0.382,0.0,15.0,14.0,13.33,1,0,0
fifth-meyran,2022-04-17,2022,4,71,snow,39.5,34.4,0.008,0.0,0.055,2.0,11.1,13.38,0,0,0
fifth-meyran,2022-04-18,2022,4,73,snow,37.7,34.7,0.622,0.579,0.303,12.0,13.3,13.42,1,1,0
fifth-meyran,2022-04-19,2022,4,73,snow,37.7,33.2,0.075,0.028,0.331,11.0,17.3,13.46,1,1,0
fifth-meyran,2022-04-20,2022,4,3,cloud,42.5,28.7,0.0,0.0,0.0,0.0,7.8,13.5,0,0,1
fifth-meyran,2022-04-21,2022,4,63,rain,53.0,45.1,0.201,0.201,0.0,8.0,13.2,13.54,1,0,0
fifth-meyran,2022-04-22,2022,4,3,cloud,54.5,41.4,0.0,0.0,0.0,0.0,7.3,13.59,0,0,0
fifth-meyran,2022-04-23,2022,4,53,rain,63.0,47.8,0.02,0.02,0.0,1.0,9.4,13.63,1,0,0
fifth-meyran,2022-04-24,2022,4,3,cloud,68.4,56.4,0.0,0.0,0.0,0.0,10.0,13.67,0,0,0
fifth-meyran,2022-04-25,2022,4,61,rain,68.4,56.6,0.181,0.181,0.0,4.0,13.4,13.71,1,0,0
fifth-meyran,2022-04-26,2022,4,61,rain,52.5,44.8,0.114,0.114,0.0,8.0,12.4,13.75,1,0,0
fifth-meyran,2022-04-27,2022,4,3,cloud,40.4,32.5,0.0,0.0,0.0,0.0,14.2,13.79,0,0,0
fifth-meyran,2022-04-28,2022,4,3,cloud,39.9,28.3,0.0,0.0,0.0,0.0,8.8,13.83,0,0,1
fifth-meyran,2022-04-29,2022,4,3,cloud,45.7,30.4,0.0,0.0,0.0,0.0,5.7,13.87,0,0,1
fifth-meyran,2022-04-30,2022,4,53,rain,52.5,38.4,0.035,0.035,0.0,1.0,7.8,13.91,1,0,0
fifth-meyran,2022-05-01,2022,5,63,rain,58.0,49.4,1.134,1.134,0.0,14.0,11.4,13.94,1,0,0
fifth-meyran,2022-05-02,2022,5,3,cloud,55.8,49.7,0.0,0.0,0.0,0.0,10.5,13.98,0,0,0
fifth-meyran,2022-05-03,2022,5,63,rain,59.7,47.8,0.551,0.551,0.0,8.0,9.1,14.02,1,0,0
fifth-meyran,2022-05-04,2022,5,61,rain,60.0,55.0,0.13,0.13,0.0,9.0,11.4,14.06,1,0,0
fifth-meyran,2022-05-05,2022,5,51,rain,57.7,46.6,0.004,0.004,0.0,1.0,6.5,14.09,0,0,0
fifth-meyran,2022-05-06,2022,5,65,rain,55.7,51.4,2.11,2.11,0.0,24.0,13.9,14.13,1,0,0
fifth-meyran,2022-05-07,2022,5,63,rain,49.7,47.3,0.843,0.843,0.0,20.0,15.1,14.16,1,0,0
fifth-meyran,2022-05-08,2022,5,3,cloud,51.3,38.7,0.0,0.0,0.0,0.0,8.0,14.2,0,0,0
fifth-meyran,2022-05-09,2022,5,3,cloud,55.3,41.8,0.0,0.0,0.0,0.0,8.1,14.23,0,0,0
fifth-meyran,2022-05-10,2022,5,3,cloud,59.7,46.9,0.0,0.0,0.0,0.0,7.7,14.27,0,0,0
fifth-meyran,2022-05-11,2022,5,3,cloud,62.3,46.9,0.0,0.0,0.0,0.0,7.4,14.3,0,0,0
fifth-meyran,2022-05-12,2022,5,3,cloud,65.2,49.4,0.0,0.0,0.0,0.0,11.5,14.34,0,0,0
fifth-meyran,2022-05-13,2022,5,55,rain,67.1,58.1,0.083,0.083,0.0,8.0,11.1,14.37,1,0,0
fifth-meyran,2022-05-14,2022,5,61,rain,66.8,55.7,0.138,0.138,0.0,4.0,6.2,14.4,1,0,0
fifth-meyran,2022-05-15,2022,5,51,rain,67.4,58.1,0.035,0.035,0.0,7.0,5.9,14.43,1,0,0
fifth-meyran,2022-05-16,2022,5,63,rain,61.3,53.8,0.429,0.429,0.0,9.0,13.2,14.47,1,0,0
fifth-meyran,2022-05-17,2022,5,3,cloud,59.3,50.5,0.0,0.0,0.0,0.0,14.3,14.5,0,0,0
fifth-meyran,2022-05-18,2022,5,61,rain,55.9,46.7,0.28,0.28,0.0,8.0,7.5,14.53,1,0,0
fifth-meyran,2022-05-19,2022,5,53,rain,65.0,56.5,0.067,0.067,0.0,8.0,14.5,14.56,1,0,0
fifth-meyran,2022-05-20,2022,5,63,rain,69.9,60.6,0.469,0.469,0.0,3.0,13.7,14.59,1,0,0
fifth-meyran,2022-05-21,2022,5,3,cloud,75.9,66.3,0.0,0.0,0.0,0.0,12.1,14.61,0,0,0
fifth-meyran,2022-05-22,2022,5,63,rain,66.6,54.7,0.232,0.232,0.0,6.0,13.7,14.64,1,0,0
fifth-meyran,2022-05-23,2022,5,3,cloud,57.1,51.3,0.0,0.0,0.0,0.0,7.2,14.67,0,0,0
fifth-meyran,2022-05-24,2022,5,3,cloud,61.2,51.2,0.0,0.0,0.0,0.0,7.9,14.69,0,0,0
fifth-meyran,2022-05-25,2022,5,3,cloud,63.7,54.0,0.0,0.0,0.0,0.0,12.4,14.72,0,0,0
fifth-meyran,2022-05-26,2022,5,63,rain,66.6,58.6,0.35,0.35,0.0,9.0,9.4,14.74,1,0,0
fifth-meyran,2022-05-27,2022,5,65,rain,65.7,60.2,0.906,0.906,0.0,15.0,9.9,14.76,1,0,0
fifth-meyran,2022-05-28,2022,5,61,rain,62.6,57.1,0.138,0.138,0.0,9.0,10.1,14.79,1,0,0
fifth-meyran,2022-05-29,2022,5,3,cloud,66.7,53.9,0.0,0.0,0.0,0.0,5.3,14.81,0,0,0
fifth-meyran,2022-05-30,2022,5,3,cloud,72.9,60.6,0.0,0.0,0.0,0.0,7.7,14.83,0,0,0
fifth-meyran,2022-05-31,2022,5,51,rain,74.6,62.6,0.016,0.016,0.0,2.0,10.3,14.85,1,0,0
fifth-meyran,2022-06-01,2022,6,65,rain,75.7,67.5,0.433,0.433,0.0,5.0,11.3,14.87,1,0,0
fifth-meyran,2022-06-02,2022,6,63,rain,67.2,57.7,0.85,0.85,0.0,17.0,8.2,14.89,1,0,0
fifth-meyran,2022-06-03,2022,6,51,rain,63.4,51.0,0.004,0.004,0.0,1.0,7.3,14.91,0,0,0
fifth-meyran,2022-06-04,2022,6,3,cloud,63.4,53.3,0.0,0.0,0.0,0.0,6.9,14.92,0,0,0
fifth-meyran,2022-06-05,2022,6,3,cloud,64.1,51.2,0.0,0.0,0.0,0.0,5.4,14.94,0,0,0
fifth-meyran,2022-06-06,2022,6,3,cloud,69.6,57.3,0.0,0.0,0.0,0.0,11.7,14.96,0,0,0
fifth-meyran,2022-06-07,2022,6,65,rain,67.8,63.5,1.083,1.083,0.0,13.0,12.7,14.97,1,0,0
fifth-meyran,2022-06-08,2022,6,63,rain,66.2,55.5,0.157,0.157,0.0,2.0,13.2,14.98,1,0,0
fifth-meyran,2022-06-09,2022,6,53,rain,64.1,59.0,0.059,0.059,0.0,7.0,13.7,15.0,1,0,0
fifth-meyran,2022-06-10,2022,6,3,cloud,64.4,54.7,0.0,0.0,0.0,0.0,6.8,15.01,0,0,0
fifth-meyran,2022-06-11,2022,6,51,rain,64.4,57.2,0.055,0.055,0.0,9.0,7.0,15.02,1,0,0
fifth-meyran,2022-06-12,2022,6,53,rain,68.3,59.5,0.087,0.087,0.0,10.0,8.1,15.03,1,0,0
fifth-meyran,2022-06-13,2022,6,63,rain,73.7,65.2,0.276,0.276,0.0,9.0,9.0,15.03,1,0,0
fifth-meyran,2022-06-14,2022,6,65,rain,74.0,68.5,1.157,1.157,0.0,9.0,8.6,15.04,1,0,0
fifth-meyran,2022-06-15,2022,6,65,rain,75.7,67.0,0.673,0.673,0.0,3.0,9.3,15.05,1,0,0
fifth-meyran,2022-06-16,2022,6,63,rain,80.1,69.4,0.283,0.283,0.0,5.0,13.4,15.05,1,0,0
fifth-meyran,2022-06-17,2022,6,61,rain,76.6,69.5,0.063,0.063,0.0,1.0,15.2,15.06,1,0,0
fifth-meyran,2022-06-18,2022,6,3,cloud,62.2,54.2,0.0,0.0,0.0,0.0,15.0,15.06,0,0,0
fifth-meyran,2022-06-19,2022,6,3,cloud,61.0,49.5,0.0,0.0,0.0,0.0,12.3,15.06,0,0,0
fifth-meyran,2022-06-20,2022,6,3,cloud,64.1,57.9,0.0,0.0,0.0,0.0,5.9,15.06,0,0,0
fifth-meyran,2022-06-21,2022,6,51,rain,73.7,59.1,0.008,0.008,0.0,2.0,10.6,15.06,0,0,0
fifth-meyran,2022-06-22,2022,6,65,rain,75.7,68.8,1.13,1.13,0.0,8.0,8.6,15.06,1,0,0
fifth-meyran,2022-06-23,2022,6,3,cloud,73.0,63.5,0.0,0.0,0.0,0.0,8.5,15.06,0,0,0
fifth-meyran,2022-06-24,2022,6,3,cloud,72.6,58.6,0.0,0.0,0.0,0.0,5.9,15.06,0,0,0
fifth-meyran,2022-06-25,2022,6,3,cloud,76.4,60.4,0.0,0.0,0.0,0.0,6.8,15.05,0,0,0
fifth-meyran,2022-06-26,2022,6,63,rain,73.9,69.1,0.634,0.634,0.0,9.0,10.1,15.05,1,0,0
fifth-meyran,2022-06-27,2022,6,63,rain,69.4,62.3,0.134,0.134,0.0,3.0,10.5,15.04,1,0,0
fifth-meyran,2022-06-28,2022,6,3,cloud,66.1,54.9,0.0,0.0,0.0,0.0,6.1,15.04,0,0,0
fifth-meyran,2022-06-29,2022,6,3,cloud,70.2,56.9,0.0,0.0,0.0,0.0,6.6,15.03,0,0,0
fifth-meyran,2022-06-30,2022,6,0,clear,73.6,59.2,0.0,0.0,0.0,0.0,6.6,15.02,0,0,0
fifth-meyran,2022-07-01,2022,7,61,rain,75.3,64.7,0.157,0.157,0.0,3.0,12.3,15.01,1,0,0
fifth-meyran,2022-07-02,2022,7,61,rain,74.9,68.3,0.161,0.161,0.0,7.0,8.8,15.0,1,0,0
fifth-meyran,2022-07-03,2022,7,3,cloud,74.5,65.6,0.0,0.0,0.0,0.0,8.2,14.99,0,0,0
fifth-meyran,2022-07-04,2022,7,3,cloud,74.2,60.4,0.0,0.0,0.0,0.0,6.3,14.98,0,0,0
fifth-meyran,2022-07-05,2022,7,63,rain,75.4,67.5,0.382,0.382,0.0,8.0,14.0,14.96,1,0,0
fifth-meyran,2022-07-06,2022,7,63,rain,75.7,71.4,0.283,0.283,0.0,10.0,11.4,14.95,1,0,0
fifth-meyran,2022-07-07,2022,7,51,rain,75.7,66.1,0.008,0.008,0.0,2.0,8.3,14.93,0,0,0
fifth-meyran,2022-07-08,2022,7,51,rain,71.3,64.5,0.004,0.004,0.0,1.0,5.2,14.92,0,0,0
fifth-meyran,2022-07-09,2022,7,51,rain,74.8,64.6,0.016,0.016,0.0,4.0,6.7,14.9,1,0,0
fifth-meyran,2022-07-10,2022,7,51,rain,74.3,62.9,0.004,0.004,0.0,1.0,7.5,14.88,0,0,0
fifth-meyran,2022-07-11,2022,7,51,rain,76.4,64.8,0.004,0.004,0.0,1.0,10.8,14.86,0,0,0
fifth-meyran,2022-07-12,2022,7,55,rain,78.1,69.9,0.11,0.11,0.0,9.0,13.7,14.84,1,0,0
fifth-meyran,2022-07-13,2022,7,63,rain,74.2,65.6,0.453,0.453,0.0,3.0,8.8,14.82,1,0,0
fifth-meyran,2022-07-14,2022,7,51,rain,71.7,63.3,0.004,0.004,0.0,1.0,6.8,14.8,0,0,0
fifth-meyran,2022-07-15,2022,7,3,cloud,72.4,60.0,0.0,0.0,0.0,0.0,4.9,14.78,0,0,0
fifth-meyran,2022-07-16,2022,7,53,rain,71.3,66.0,0.075,0.075,0.0,8.0,7.9,14.75,1,0,0
fifth-meyran,2022-07-17,2022,7,63,rain,73.1,67.0,0.858,0.858,0.0,16.0,9.2,14.73,1,0,0
fifth-meyran,2022-07-18,2022,7,61,rain,71.8,69.3,0.713,0.713,0.0,15.0,14.0,14.7,1,0,0
fifth-meyran,2022-07-19,2022,7,51,rain,75.3,66.4,0.008,0.008,0.0,1.0,7.4,14.68,0,0,0
fifth-meyran,2022-07-20,2022,7,51,rain,78.8,68.1,0.004,0.004,0.0,1.0,12.4,14.65,0,0,0
fifth-meyran,2022-07-21,2022,7,53,rain,78.4,71.4,0.067,0.067,0.0,8.0,13.7,14.63,1,0,0
fifth-meyran,2022-07-22,2022,7,51,rain,77.4,67.5,0.012,0.012,0.0,2.0,12.0,14.6,1,0,0
fifth-meyran,2022-07-23,2022,7,51,rain,76.8,66.3,0.016,0.016,0.0,2.0,13.3,14.57,1,0,0
fifth-meyran,2022-07-24,2022,7,51,rain,77.4,69.8,0.004,0.004,0.0,1.0,13.5,14.54,0,0,0
fifth-meyran,2022-07-25,2022,7,63,rain,77.1,67.9,0.445,0.445,0.0,6.0,12.8,14.52,1,0,0
fifth-meyran,2022-07-26,2022,7,3,cloud,71.8,63.5,0.0,0.0,0.0,0.0,7.0,14.49,0,0,0
fifth-meyran,2022-07-27,2022,7,65,rain,72.6,68.1,0.583,0.583,0.0,15.0,11.1,14.45,1,0,0
fifth-meyran,2022-07-28,2022,7,51,rain,74.6,68.3,0.035,0.035,0.0,6.0,11.1,14.42,1,0,0
fifth-meyran,2022-07-29,2022,7,51,rain,73.1,67.8,0.004,0.004,0.0,1.0,7.9,14.39,0,0,0
fifth-meyran,2022-07-30,2022,7,51,rain,71.4,61.6,0.008,0.008,0.0,2.0,6.1,14.36,0,0,0
fifth-meyran,2022-07-31,2022,7,53,rain,69.5,62.5,0.028,0.028,0.0,2.0,6.5,14.33,1,0,0
fifth-meyran,2022-08-01,2022,8,53,rain,69.9,60.2,0.075,0.075,0.0,6.0,12.9,14.29,1,0,0
fifth-meyran,2022-08-02,2022,8,53,rain,73.9,67.0,0.051,0.051,0.0,5.0,8.9,14.26,1,0,0
fifth-meyran,2022-08-03,2022,8,3,cloud,76.5,63.2,0.0,0.0,0.0,0.0,8.5,14.22,0,0,0
fifth-meyran,2022-08-04,2022,8,63,rain,75.9,70.0,0.516,0.516,0.0,6.0,10.7,14.19,1,0,0
fifth-meyran,2022-08-05,2022,8,63,rain,74.8,69.9,0.961,0.961,0.0,12.0,8.7,14.15,1,0,0
fifth-meyran,2022-08-06,2022,8,61,rain,74.4,69.6,0.189,0.189,0.0,7.0,8.1,14.12,1,0,0
fifth-meyran,2022-08-07,2022,8,51,rain,76.8,69.6,0.043,0.043,0.0,7.0,7.3,14.08,1,0,0
fifth-meyran,2022-08-08,2022,8,51,rain,77.5,70.4,0.008,0.008,0.0,2.0,10.2,14.04,0,0,0
fifth-meyran,2022-08-09,2022,8,63,rain,75.4,70.5,0.839,0.839,0.0,12.0,8.1,14.01,1,0,0
fifth-meyran,2022-08-10,2022,8,3,cloud,72.4,67.8,0.0,0.0,0.0,0.0,5.7,13.97,0,0,0
fifth-meyran,2022-08-11,2022,8,51,rain,69.7,58.6,0.024,0.024,0.0,3.0,9.9,13.93,1,0,0
fifth-meyran,2022-08-12,2022,8,0,clear,67.5,57.8,0.0,0.0,0.0,0.0,7.9,13.9,0,0,0
fifth-meyran,2022-08-13,2022,8,3,cloud,66.5,55.4,0.0,0.0,0.0,0.0,5.6,13.86,0,0,0
fifth-meyran,2022-08-14,2022,8,3,cloud,66.9,60.3,0.0,0.0,0.0,0.0,10.2,13.82,0,0,0
fifth-meyran,2022-08-15,2022,8,53,rain,66.0,57.8,0.075,0.075,0.0,6.0,8.3,13.78,1,0,0
fifth-meyran,2022-08-16,2022,8,51,rain,68.7,60.4,0.008,0.008,0.0,2.0,9.1,13.74,0,0,0
fifth-meyran,2022-08-17,2022,8,51,rain,68.0,60.8,0.02,0.02,0.0,2.0,6.5,13.7,1,0,0
fifth-meyran,2022-08-18,2022,8,3,cloud,69.6,58.7,0.0,0.0,0.0,0.0,4.1,13.66,0,0,0
fifth-meyran,2022-08-19,2022,8,3,cloud,72.4,60.8,0.0,0.0,0.0,0.0,5.2,13.62,0,0,0
fifth-meyran,2022-08-20,2022,8,63,rain,73.5,64.2,0.173,0.173,0.0,2.0,7.7,13.58,1,0,0
fifth-meyran,2022-08-21,2022,8,65,rain,71.9,65.6,0.85,0.85,0.0,12.0,8.8,13.54,1,0,0
fifth-meyran,2022-08-22,2022,8,63,rain,69.4,65.3,0.752,0.752,0.0,19.0,7.9,13.5,1,0,0
fifth-meyran,2022-08-23,2022,8,51,rain,70.8,64.0,0.012,0.012,0.0,3.0,8.8,13.46,1,0,0
fifth-meyran,2022-08-24,2022,8,51,rain,71.7,62.6,0.004,0.004,0.0,1.0,3.8,13.42,0,0,0
fifth-meyran,2022-08-25,2022,8,1,clear,73.0,61.6,0.0,0.0,0.0,0.0,5.4,13.37,0,0,0
fifth-meyran,2022-08-26,2022,8,53,rain,73.9,65.3,0.063,0.063,0.0,8.0,9.2,13.33,1,0,0
fifth-meyran,2022-08-27,2022,8,51,rain,71.0,62.2,0.004,0.004,0.0,1.0,4.4,13.29,0,0,0
fifth-meyran,2022-08-28,2022,8,2,cloud,75.1,62.2,0.0,0.0,0.0,0.0,6.2,13.25,0,0,0
fifth-meyran,2022-08-29,2022,8,61,rain,77.0,69.1,0.154,0.154,0.0,7.0,10.9,13.21,1,0,0
fifth-meyran,2022-08-30,2022,8,63,rain,70.1,65.9,0.858,0.858,0.0,11.0,11.4,13.17,1,0,0
fifth-meyran,2022-08-31,2022,8,3,cloud,69.4,62.3,0.0,0.0,0.0,0.0,9.8,13.12,0,0,0
fifth-meyran,2022-09-01,2022,9,3,cloud,70.4,60.0,0.0,0.0,0.0,0.0,7.2,13.08,0,0,0
fifth-meyran,2022-09-02,2022,9,3,cloud,71.4,59.3,0.0,0.0,0.0,0.0,7.4,13.04,0,0,0
fifth-meyran,2022-09-03,2022,9,51,rain,71.8,65.0,0.02,0.02,0.0,5.0,8.7,13.0,1,0,0
fifth-meyran,2022-09-04,2022,9,63,rain,71.1,66.0,0.394,0.394,0.0,8.0,5.8,12.95,1,0,0
fifth-meyran,2022-09-05,2022,9,63,rain,68.7,66.6,1.264,1.264,0.0,24.0,7.2,12.91,1,0,0
fifth-meyran,2022-09-06,2022,9,63,rain,69.8,65.2,0.272,0.272,0.0,19.0,9.4,12.87,1,0,0
fifth-meyran,2022-09-07,2022,9,53,rain,68.3,64.0,0.102,0.102,0.0,11.0,7.7,12.82,1,0,0
fifth-meyran,2022-09-08,2022,9,51,rain,67.7,61.1,0.031,0.031,0.0,4.0,6.6,12.78,1,0,0
fifth-meyran,2022-09-09,2022,9,3,cloud,69.5,59.4,0.0,0.0,0.0,0.0,6.9,12.73,0,0,0
fifth-meyran,2022-09-10,2022,9,51,rain,68.0,61.0,0.004,0.004,0.0,1.0,8.5,12.69,0,0,0
fifth-meyran,2022-09-11,2022,9,61,rain,69.3,64.2,0.287,0.287,0.0,22.0,9.4,12.65,1,0,0
fifth-meyran,2022-09-12,2022,9,55,rain,69.3,62.2,0.083,0.083,0.0,8.0,10.5,12.6,1,0,0
fifth-meyran,2022-09-13,2022,9,51,rain,61.5,54.6,0.004,0.004,0.0,1.0,13.2,12.56,0,0,0
fifth-meyran,2022-09-14,2022,9,3,cloud,64.4,54.1,0.0,0.0,0.0,0.0,7.6,12.51,0,0,0
fifth-meyran,2022-09-15,2022,9,3,cloud,66.2,60.3,0.0,0.0,0.0,0.0,6.7,12.47,0,0,0
fifth-meyran,2022-09-16,2022,9,3,cloud,67.0,57.2,0.0,0.0,0.0,0.0,5.2,12.43,0,0,0
fifth-meyran,2022-09-17,2022,9,3,cloud,69.2,57.7,0.0,0.0,0.0,0.0,7.4,12.38,0,0,0
fifth-meyran,2022-09-18,2022,9,3,cloud,70.7,62.0,0.0,0.0,0.0,0.0,10.8,12.34,0,0,0
fifth-meyran,2022-09-19,2022,9,61,rain,68.0,63.3,0.232,0.232,0.0,11.0,11.6,12.3,1,0,0
fifth-meyran,2022-09-20,2022,9,51,rain,68.3,59.2,0.012,0.012,0.0,1.0,7.9,12.25,1,0,0
fifth-meyran,2022-09-21,2022,9,3,cloud,71.3,59.2,0.0,0.0,0.0,0.0,10.2,12.21,0,0,0
fifth-meyran,2022-09-22,2022,9,63,rain,62.1,52.2,0.252,0.252,0.0,8.0,16.3,12.16,1,0,0
fifth-meyran,2022-09-23,2022,9,3,cloud,53.3,46.4,0.0,0.0,0.0,0.0,9.6,12.12,0,0,0
fifth-meyran,2022-09-24,2022,9,51,rain,57.3,48.7,0.004,0.004,0.0,1.0,6.0,12.08,0,0,0
fifth-meyran,2022-09-25,2022,9,61,rain,61.3,56.6,0.193,0.193,0.0,12.0,16.2,12.03,1,0,0
fifth-meyran,2022-09-26,2022,9,53,rain,58.5,53.7,0.055,0.055,0.0,7.0,15.4,11.99,1,0,0
fifth-meyran,2022-09-27,2022,9,61,rain,52.0,47.8,0.157,0.157,0.0,5.0,12.4,11.94,1,0,0
fifth-meyran,2022-09-28,2022,9,51,rain,51.7,44.0,0.031,0.031,0.0,5.0,9.2,11.9,1,0,0
fifth-meyran,2022-09-29,2022,9,3,cloud,52.9,44.7,0.0,0.0,0.0,0.0,9.4,11.85,0,0,0
fifth-meyran,2022-09-30,2022,9,3,cloud,51.9,43.0,0.0,0.0,0.0,0.0,8.6,11.81,0,0,0
fifth-meyran,2022-10-01,2022,10,63,rain,53.1,49.9,0.882,0.882,0.0,20.0,11.7,11.76,1,0,0
fifth-meyran,2022-10-02,2022,10,51,rain,55.8,52.2,0.071,0.071,0.0,6.0,11.9,11.72,1,0,0
fifth-meyran,2022-10-03,2022,10,3,cloud,51.5,41.4,0.0,0.0,0.0,0.0,8.4,11.67,0,0,0
fifth-meyran,2022-10-04,2022,10,51,rain,51.9,44.2,0.004,0.004,0.0,1.0,7.7,11.63,0,0,0
fifth-meyran,2022-10-05,2022,10,3,cloud,55.6,43.9,0.0,0.0,0.0,0.0,5.5,11.59,0,0,0
fifth-meyran,2022-10-06,2022,10,3,cloud,56.7,46.7,0.0,0.0,0.0,0.0,7.0,11.54,0,0,0
fifth-meyran,2022-10-07,2022,10,51,rain,53.9,46.7,0.028,0.028,0.0,5.0,9.2,11.5,1,0,0
fifth-meyran,2022-10-08,2022,10,51,rain,46.5,40.3,0.012,0.012,0.0,2.0,8.9,11.46,1,0,0
fifth-meyran,2022-10-09,2022,10,3,cloud,48.1,38.5,0.0,0.0,0.0,0.0,11.0,11.41,0,0,0
fifth-meyran,2022-10-10,2022,10,3,cloud,52.7,41.8,0.0,0.0,0.0,0.0,9.6,11.37,0,0,0
fifth-meyran,2022-10-11,2022,10,2,cloud,55.6,44.6,0.0,0.0,0.0,0.0,6.5,11.33,0,0,0
fifth-meyran,2022-10-12,2022,10,61,rain,58.8,48.8,0.091,0.091,0.0,5.0,13.3,11.28,1,0,0
fifth-meyran,2022-10-13,2022,10,65,rain,56.9,46.5,1.189,1.189,0.0,12.0,15.0,11.24,1,0,0
fifth-meyran,2022-10-14,2022,10,3,cloud,49.8,39.5,0.0,0.0,0.0,0.0,13.6,11.2,0,0,0
fifth-meyran,2022-10-15,2022,10,51,rain,54.0,45.3,0.012,0.012,0.0,1.0,15.3,11.15,1,0,0
fifth-meyran,2022-10-16,2022,10,3,cloud,51.8,40.8,0.0,0.0,0.0,0.0,10.0,11.11,0,0,0
fifth-meyran,2022-10-17,2022,10,3,cloud,47.7,40.2,0.0,0.0,0.0,0.0,16.8,11.07,0,0,0
fifth-meyran,2022-10-18,2022,10,51,rain,40.5,36.9,0.031,0.031,0.0,5.0,14.4,11.02,1,0,0
fifth-meyran,2022-10-19,2022,10,53,rain,38.9,35.7,0.189,0.189,0.0,17.0,13.6,10.98,1,0,0
fifth-meyran,2022-10-20,2022,10,3,cloud,42.1,34.1,0.0,0.0,0.0,0.0,13.1,10.94,0,0,0
fifth-meyran,2022-10-21,2022,10,3,cloud,47.6,36.1,0.0,0.0,0.0,0.0,9.9,10.9,0,0,0
fifth-meyran,2022-10-22,2022,10,0,clear,53.6,42.7,0.0,0.0,0.0,0.0,6.9,10.85,0,0,0
fifth-meyran,2022-10-23,2022,10,2,cloud,54.4,40.8,0.0,0.0,0.0,0.0,7.4,10.81,0,0,0
fifth-meyran,2022-10-24,2022,10,3,cloud,55.1,42.8,0.0,0.0,0.0,0.0,5.2,10.77,0,0,0
fifth-meyran,2022-10-25,2022,10,3,cloud,58.8,46.0,0.0,0.0,0.0,0.0,9.5,10.73,0,0,0
fifth-meyran,2022-10-26,2022,10,63,rain,55.8,49.6,0.295,0.295,0.0,11.0,12.2,10.69,1,0,0
fifth-meyran,2022-10-27,2022,10,3,cloud,48.4,43.7,0.0,0.0,0.0,0.0,9.8,10.65,0,0,0
fifth-meyran,2022-10-28,2022,10,3,cloud,46.4,37.6,0.0,0.0,0.0,0.0,7.9,10.61,0,0,0
fifth-meyran,2022-10-29,2022,10,0,clear,49.1,38.7,0.0,0.0,0.0,0.0,7.0,10.57,0,0,0
fifth-meyran,2022-10-30,2022,10,3,cloud,50.6,39.3,0.0,0.0,0.0,0.0,6.2,10.53,0,0,0
fifth-meyran,2022-10-31,2022,10,55,rain,56.4,47.9,0.091,0.091,0.0,7.0,10.5,10.49,1,0,0
fifth-meyran,2022-11-01,2022,11,51,rain,58.9,54.7,0.039,0.039,0.0,8.0,9.8,10.45,1,0,0
fifth-meyran,2022-11-02,2022,11,3,cloud,54.3,47.5,0.0,0.0,0.0,0.0,5.0,10.41,0,0,0
fifth-meyran,2022-11-03,2022,11,3,cloud,54.3,43.2,0.0,0.0,0.0,0.0,6.9,10.37,0,0,0
fifth-meyran,2022-11-04,2022,11,3,cloud,58.8,48.7,0.0,0.0,0.0,0.0,9.7,10.33,0,0,0
fifth-meyran,2022-11-05,2022,11,51,rain,65.8,56.1,0.024,0.024,0.0,4.0,18.1,10.3,1,0,0
fifth-meyran,2022-11-06,2022,11,53,rain,66.4,62.6,0.091,0.091,0.0,9.0,13.2,10.26,1,0,0
fifth-meyran,2022-11-07,2022,11,3,cloud,56.2,46.6,0.0,0.0,0.0,0.0,9.0,10.22,0,0,0
fifth-meyran,2022-11-08,2022,11,3,cloud,45.7,39.1,0.0,0.0,0.0,0.0,7.6,10.18,0,0,0
fifth-meyran,2022-11-09,2022,11,3,cloud,48.9,38.9,0.0,0.0,0.0,0.0,8.1,10.15,0,0,0
fifth-meyran,2022-11-10,2022,11,3,cloud,53.2,41.6,0.0,0.0,0.0,0.0,9.2,10.11,0,0,0
fifth-meyran,2022-11-11,2022,11,65,rain,58.2,52.3,1.929,1.929,0.0,17.0,11.4,10.07,1,0,0
fifth-meyran,2022-11-12,2022,11,61,rain,46.8,36.0,0.264,0.264,0.0,8.0,13.2,10.04,1,0,0
fifth-meyran,2022-11-13,2022,11,51,rain,37.2,35.2,0.004,0.004,0.0,1.0,13.2,10.0,0,0,0
fifth-meyran,2022-11-14,2022,11,3,cloud,35.6,30.1,0.0,0.0,0.0,0.0,8.0,9.97,0,0,1
fifth-meyran,2022-11-15,2022,11,75,snow,34.1,29.5,0.244,0.094,1.047,9.0,8.2,9.94,1,1,1
fifth-meyran,2022-11-16,2022,11,51,rain,37.1,32.2,0.047,0.047,0.0,6.0,13.2,9.9,1,0,0
fifth-meyran,2022-11-17,2022,11,71,snow,32.3,28.1,0.008,0.0,0.055,1.0,15.5,9.87,0,0,1
fifth-meyran,2022-11-18,2022,11,71,snow,29.7,25.6,0.016,0.004,0.083,3.0,18.3,9.84,0,0,1
fifth-meyran,2022-11-19,2022,11,3,cloud,27.3,22.1,0.0,0.0,0.0,0.0,14.8,9.81,0,0,1
fifth-meyran,2022-11-20,2022,11,3,cloud,24.3,19.9,0.0,0.0,0.0,0.0,15.3,9.78,0,0,1
fifth-meyran,2022-11-21,2022,11,3,cloud,31.3,22.0,0.0,0.0,0.0,0.0,12.8,9.75,0,0,1
fifth-meyran,2022-11-22,2022,11,1,clear,36.4,26.2,0.0,0.0,0.0,0.0,9.7,9.72,0,0,1
fifth-meyran,2022-11-23,2022,11,0,clear,39.7,29.8,0.0,0.0,0.0,0.0,7.4,9.7,0,0,1
fifth-meyran,2022-11-24,2022,11,3,cloud,39.5,28.2,0.0,0.0,0.0,0.0,6.8,9.67,0,0,1
fifth-meyran,2022-11-25,2022,11,61,rain,45.2,36.0,0.248,0.248,0.0,8.0,12.6,9.64,1,0,0
fifth-meyran,2022-11-26,2022,11,3,cloud,39.9,31.9,0.0,0.0,0.0,0.0,8.4,9.62,0,0,1
fifth-meyran,2022-11-27,2022,11,61,rain,48.4,40.0,0.402,0.402,0.0,13.0,17.0,9.59,1,0,0
fifth-meyran,2022-11-28,2022,11,51,rain,43.3,40.3,0.031,0.031,0.0,5.0,12.9,9.57,1,0,0
fifth-meyran,2022-11-29,2022,11,3,cloud,45.4,39.8,0.0,0.0,0.0,0.0,10.2,9.54,0,0,0
fifth-meyran,2022-11-30,2022,11,61,rain,43.4,31.7,0.488,0.488,0.0,9.0,20.0,9.52,1,0,1
fifth-meyran,2022-12-01,2022,12,3,cloud,28.7,23.4,0.0,0.0,0.0,0.0,17.5,9.5,0,0,1
fifth-meyran,2022-12-02,2022,12,3,cloud,36.0,24.7,0.0,0.0,0.0,0.0,10.1,9.48,0,0,1
fifth-meyran,2022-12-03,2022,12,63,rain,46.8,34.9,0.402,0.402,0.0,12.0,19.3,9.46,1,0,0
fifth-meyran,2022-12-04,2022,12,0,clear,30.2,24.1,0.0,0.0,0.0,0.0,7.8,9.44,0,0,1
fifth-meyran,2022-12-05,2022,12,3,cloud,34.1,24.8,0.0,0.0,0.0,0.0,7.4,9.42,0,0,1
fifth-meyran,2022-12-06,2022,12,61,rain,43.9,38.5,0.331,0.331,0.0,19.0,6.5,9.4,1,0,0
fifth-meyran,2022-12-07,2022,12,61,rain,53.8,49.0,0.154,0.154,0.0,11.0,11.1,9.39,1,0,0
fifth-meyran,2022-12-08,2022,12,3,cloud,44.9,37.9,0.0,0.0,0.0,0.0,6.7,9.37,0,0,0
fifth-meyran,2022-12-09,2022,12,2,cloud,37.3,32.2,0.0,0.0,0.0,0.0,9.1,9.36,0,0,0
fifth-meyran,2022-12-10,2022,12,53,rain,38.7,34.5,0.091,0.091,0.0,8.0,8.6,9.35,1,0,0
fifth-meyran,2022-12-11,2022,12,51,rain,40.2,33.0,0.031,0.031,0.0,6.0,9.4,9.34,1,0,0
fifth-meyran,2022-12-12,2022,12,51,rain,35.9,32.2,0.008,0.008,0.0,2.0,8.6,9.33,0,0,0
fifth-meyran,2022-12-13,2022,12,3,cloud,30.3,24.4,0.0,0.0,0.0,0.0,6.6,9.32,0,0,1
fifth-meyran,2022-12-14,2022,12,3,cloud,32.3,25.6,0.0,0.0,0.0,0.0,10.3,9.31,0,0,1
fifth-meyran,2022-12-15,2022,12,61,rain,36.2,33.8,0.535,0.535,0.0,20.0,13.2,9.3,1,0,0
fifth-meyran,2022-12-16,2022,12,51,rain,38.1,33.1,0.02,0.02,0.0,5.0,9.4,9.3,1,0,0
fifth-meyran,2022-12-17,2022,12,3,cloud,30.7,26.6,0.0,0.0,0.0,0.0,13.0,9.29,0,0,1
fifth-meyran,2022-12-18,2022,12,71,snow,27.3,25.2,0.02,0.0,0.138,5.0,13.0,9.29,0,1,1
fifth-meyran,2022-12-19,2022,12,3,cloud,25.8,22.8,0.0,0.0,0.0,0.0,9.0,9.28,0,0,1
fifth-meyran,2022-12-20,2022,12,3,cloud,27.2,22.1,0.0,0.0,0.0,0.0,4.3,9.28,0,0,1
fifth-meyran,2022-12-21,2022,12,3,cloud,30.2,23.1,0.0,0.0,0.0,0.0,6.7,9.28,0,0,1
fifth-meyran,2022-12-22,2022,12,55,rain,35.8,31.8,0.169,0.169,0.0,11.0,10.3,9.28,1,0,1
fifth-meyran,2022-12-23,2022,12,73,snow,13.5,-3.4,0.22,0.142,0.551,12.0,22.9,9.28,1,1,1
fifth-meyran,2022-12-24,2022,12,71,snow,3.9,-2.8,0.012,0.0,0.083,3.0,22.1,9.28,0,0,1
fifth-meyran,2022-12-25,2022,12,71,snow,14.2,10.8,0.004,0.0,0.028,1.0,17.1,9.29,0,0,1
fifth-meyran,2022-12-26,2022,12,71,snow,17.2,11.1,0.02,0.0,0.138,5.0,9.9,9.29,0,1,1
fifth-meyran,2022-12-27,2022,12,71,snow,26.7,20.8,0.004,0.0,0.028,1.0,9.3,9.3,0,0,1
fifth-meyran,2022-12-28,2022,12,3,cloud,33.4,25.3,0.0,0.0,0.0,0.0,10.2,9.3,0,0,1
fifth-meyran,2022-12-29,2022,12,3,cloud,42.5,31.9,0.0,0.0,0.0,0.0,9.5,9.31,0,0,1
fifth-meyran,2022-12-30,2022,12,51,rain,50.7,44.5,0.004,0.004,0.0,1.0,7.8,9.32,0,0,0
fifth-meyran,2022-12-31,2022,12,61,rain,49.1,45.5,0.323,0.323,0.0,13.0,9.0,9.33,1,0,0
fifth-meyran,2023-01-01,2023,1,51,rain,45.0,39.9,0.004,0.004,0.0,1.0,10.0,9.34,0,0,0
fifth-meyran,2023-01-02,2023,1,53,rain,48.3,45.7,0.106,0.106,0.0,12.0,5.8,9.35,1,0,0
fifth-meyran,2023-01-03,2023,1,63,rain,55.5,48.7,1.189,1.189,0.0,20.0,15.1,9.37,1,0,0
fifth-meyran,2023-01-04,2023,1,61,rain,56.0,50.5,0.276,0.276,0.0,15.0,11.4,9.38,1,0,0
fifth-meyran,2023-01-05,2023,1,3,cloud,43.1,38.7,0.0,0.0,0.0,0.0,8.7,9.4,0,0,0
fifth-meyran,2023-01-06,2023,1,51,rain,36.6,33.7,0.012,0.012,0.0,3.0,12.8,9.42,1,0,0
fifth-meyran,2023-01-07,2023,1,71,snow,34.3,30.1,0.012,0.004,0.055,3.0,7.9,9.43,0,0,1
fifth-meyran,2023-01-08,2023,1,73,snow,32.9,25.9,0.016,0.0,0.11,2.0,5.8,9.45,0,1,1
fifth-meyran,2023-01-09,2023,1,73,snow,31.4,25.7,0.031,0.0,0.22,2.0,9.4,9.47,0,1,1
fifth-meyran,2023-01-10,2023,1,3,cloud,31.7,25.3,0.0,0.0,0.0,0.0,6.3,9.49,0,0,1
fifth-meyran,2023-01-11,2023,1,3,cloud,36.1,25.4,0.0,0.0,0.0,0.0,9.5,9.51,0,0,1
fifth-meyran,2023-01-12,2023,1,63,rain,47.8,41.1,0.689,0.689,0.0,15.0,11.7,9.54,1,0,0
fifth-meyran,2023-01-13,2023,1,71,snow,33.8,28.6,0.067,0.055,0.083,13.0,14.1,9.56,1,0,1
fifth-meyran,2023-01-14,2023,1,3,cloud,26.4,20.6,0.0,0.0,0.0,0.0,12.2,9.58,0,0,1
fifth-meyran,2023-01-15,2023,1,3,cloud,26.4,20.0,0.0,0.0,0.0,0.0,5.9,9.61,0,0,1
fifth-meyran,2023-01-16,2023,1,3,cloud,32.3,22.3,0.0,0.0,0.0,0.0,5.2,9.63,0,0,1
fifth-meyran,2023-01-17,2023,1,61,rain,43.7,36.0,0.299,0.299,0.0,15.0,13.7,9.66,1,0,0
fifth-meyran,2023-01-18,2023,1,3,cloud,39.9,35.1,0.0,0.0,0.0,0.0,11.6,9.68,0,0,0
fifth-meyran,2023-01-19,2023,1,61,rain,45.1,35.4,0.626,0.626,0.0,16.0,15.8,9.71,1,0,0
fifth-meyran,2023-01-20,2023,1,71,snow,36.6,33.6,0.008,0.0,0.055,2.0,15.9,9.74,0,0,0
fifth-meyran,2023-01-21,2023,1,71,snow,33.6,29.1,0.008,0.0,0.055,2.0,9.0,9.77,0,0,1
fifth-meyran,2023-01-22,2023,1,73,snow,31.7,25.6,0.213,0.134,0.551,8.0,8.0,9.8,1,1,1
fifth-meyran,2023-01-23,2023,1,73,snow,33.0,30.6,0.047,0.004,0.303,7.0,13.8,9.83,0,1,1
fifth-meyran,2023-01-24,2023,1,3,cloud,31.6,26.3,0.0,0.0,0.0,0.0,14.7,9.86,0,0,1
fifth-meyran,2023-01-25,2023,1,75,snow,36.8,29.5,0.433,0.197,1.654,15.0,15.2,9.89,1,1,1
fifth-meyran,2023-01-26,2023,1,75,snow,34.4,30.7,0.11,0.02,0.661,13.0,15.5,9.93,1,1,1
fifth-meyran,2023-01-27,2023,1,73,snow,30.5,26.8,0.031,0.0,0.22,2.0,14.3,9.96,0,1,1
fifth-meyran,2023-01-28,2023,1,3,cloud,41.0,36.3,0.0,0.0,0.0,0.0,13.9,10.0,0,0,0
fifth-meyran,2023-01-29,2023,1,61,rain,41.4,36.9,0.177,0.177,0.0,8.0,11.7,10.03,1,0,0
fifth-meyran,2023-01-30,2023,1,73,snow,37.5,32.2,0.098,0.063,0.248,11.0,9.4,10.07,1,1,0
fifth-meyran,2023-01-31,2023,1,73,snow,27.4,23.1,0.118,0.0,0.827,8.0,8.4,10.1,0,1,1
fifth-meyran,2023-02-01,2023,2,3,cloud,23.0,16.0,0.0,0.0,0.0,0.0,7.3,10.14,0,0,1
fifth-meyran,2023-02-02,2023,2,3,cloud,28.4,20.9,0.0,0.0,0.0,0.0,11.9,10.18,0,0,1
fifth-meyran,2023-02-03,2023,2,71,snow,18.2,11.1,0.008,0.0,0.055,1.0,16.0,10.21,0,0,1
fifth-meyran,2023-02-04,2023,2,3,cloud,21.5,11.0,0.0,0.0,0.0,0.0,9.4,10.25,0,0,1
fifth-meyran,2023-02-05,2023,2,55,rain,42.3,36.4,0.039,0.039,0.0,1.0,15.2,10.29,1,0,0
fifth-meyran,2023-02-06,2023,2,3,cloud,36.9,30.8,0.0,0.0,0.0,0.0,11.7,10.32,0,0,1
fifth-meyran,2023-02-07,2023,2,63,rain,39.8,26.8,0.213,0.213,0.0,7.0,14.6,10.36,1,0,1
fifth-meyran,2023-02-08,2023,2,3,cloud,40.4,32.6,0.0,0.0,0.0,0.0,7.9,10.4,0,0,0
fifth-meyran,2023-02-09,2023,2,55,rain,54.7,39.7,0.122,0.122,0.0,5.0,17.1,10.44,1,0,0
fifth-meyran,2023-02-10,2023,2,3,cloud,41.9,35.2,0.0,0.0,0.0,0.0,15.5,10.48,0,0,0
fifth-meyran,2023-02-11,2023,2,3,cloud,33.8,25.2,0.0,0.0,0.0,0.0,9.7,10.52,0,0,1
fifth-meyran,2023-02-12,2023,2,3,cloud,36.9,27.1,0.0,0.0,0.0,0.0,6.6,10.56,0,0,1
fifth-meyran,2023-02-13,2023,2,3,cloud,39.1,28.1,0.0,0.0,0.0,0.0,14.9,10.6,0,0,1
fifth-meyran,2023-02-14,2023,2,3,cloud,40.7,27.8,0.0,0.0,0.0,0.0,7.8,10.64,0,0,1
fifth-meyran,2023-02-15,2023,2,51,rain,57.0,48.6,0.004,0.004,0.0,1.0,23.1,10.68,0,0,0
fifth-meyran,2023-02-16,2023,2,61,rain,50.5,40.2,0.248,0.248,0.0,8.0,13.3,10.73,1,0,0
fifth-meyran,2023-02-17,2023,2,63,rain,39.4,23.5,0.256,0.256,0.0,7.0,18.7,10.77,1,0,1
fifth-meyran,2023-02-18,2023,2,3,cloud,30.4,21.7,0.0,0.0,0.0,0.0,12.5,10.81,0,0,1
fifth-meyran,2023-02-19,2023,2,3,cloud,41.8,31.1,0.0,0.0,0.0,0.0,14.6,10.85,0,0,1
fifth-meyran,2023-02-20,2023,2,61,rain,46.0,41.2,0.146,0.146,0.0,4.0,10.7,10.9,1,0,0
fifth-meyran,2023-02-21,2023,2,61,rain,43.0,34.8,0.091,0.091,0.0,5.0,22.5,10.94,1,0,0
fifth-meyran,2023-02-22,2023,2,63,rain,39.4,29.3,0.606,0.606,0.0,11.0,11.0,10.98,1,0,1
fifth-meyran,2023-02-23,2023,2,53,rain,61.5,54.4,0.055,0.055,0.0,6.0,15.2,11.03,1,0,0
fifth-meyran,2023-02-24,2023,2,3,cloud,35.6,24.5,0.0,0.0,0.0,0.0,14.9,11.07,0,0,1
fifth-meyran,2023-02-25,2023,2,3,cloud,32.4,22.1,0.0,0.0,0.0,0.0,7.2,11.11,0,0,1
fifth-meyran,2023-02-26,2023,2,2,cloud,39.1,30.8,0.0,0.0,0.0,0.0,14.0,11.16,0,0,1
fifth-meyran,2023-02-27,2023,2,63,rain,40.2,28.4,0.598,0.598,0.0,11.0,15.7,11.2,1,0,1
fifth-meyran,2023-02-28,2023,2,51,rain,45.3,35.4,0.035,0.035,0.0,5.0,14.3,11.24,1,0,0
fifth-meyran,2023-03-01,2023,3,3,cloud,49.0,30.8,0.0,0.0,0.0,0.0,15.3,11.29,0,0,1
fifth-meyran,2023-03-02,2023,3,51,rain,49.6,37.9,0.012,0.012,0.0,2.0,10.0,11.33,1,0,0
fifth-meyran,2023-03-03,2023,3,63,rain,39.1,32.8,0.492,0.492,0.0,8.0,19.9,11.37,1,0,0
fifth-meyran,2023-03-04,2023,3,61,rain,42.5,36.5,0.165,0.165,0.0,5.0,20.7,11.42,1,0,0
fifth-meyran,2023-03-05,2023,3,3,cloud,42.9,35.5,0.0,0.0,0.0,0.0,11.5,11.46,0,0,0
fifth-meyran,2023-03-06,2023,3,63,rain,42.4,29.3,0.114,0.114,0.0,1.0,12.9,11.51,1,0,1
fifth-meyran,2023-03-07,2023,3,53,rain,37.0,28.9,0.079,0.079,0.0,4.0,15.2,11.55,1,0,1
fifth-meyran,2023-03-08,2023,3,3,cloud,33.9,26.2,0.0,0.0,0.0,0.0,10.3,11.6,0,0,1
fifth-meyran,2023-03-09,2023,3,3,cloud,35.4,24.4,0.0,0.0,0.0,0.0,5.9,11.64,0,0,1
fifth-meyran,2023-03-10,2023,3,71,snow,38.3,32.2,0.177,0.173,0.028,17.0,16.0,11.69,1,0,0
fifth-meyran,2023-03-11,2023,3,71,snow,33.0,30.2,0.012,0.0,0.083,3.0,11.9,11.73,0,0,1
fifth-meyran,2023-03-12,2023,3,71,snow,32.7,27.1,0.039,0.008,0.22,7.0,7.6,11.78,0,1,1
fifth-meyran,2023-03-13,2023,3,73,snow,34.4,28.6,0.094,0.024,0.496,16.0,11.4,11.82,1,1,1
fifth-meyran,2023-03-14,2023,3,73,snow,27.3,24.5,0.035,0.0,0.248,5.0,16.5,11.87,0,1,1
fifth-meyran,2023-03-15,2023,3,3,cloud,32.2,22.7,0.0,0.0,0.0,0.0,11.5,11.91,0,0,1
fifth-meyran,2023-03-16,2023,3,3,cloud,42.1,28.4,0.0,0.0,0.0,0.0,8.9,11.96,0,0,1
fifth-meyran,2023-03-17,2023,3,61,rain,46.1,36.1,0.323,0.323,0.0,15.0,14.2,12.0,1,0,0
fifth-meyran,2023-03-18,2023,3,3,cloud,32.6,22.3,0.0,0.0,0.0,0.0,17.7,12.05,0,0,1
fifth-meyran,2023-03-19,2023,3,3,cloud,25.5,18.1,0.0,0.0,0.0,0.0,14.5,12.09,0,0,1
fifth-meyran,2023-03-20,2023,3,3,cloud,33.9,23.0,0.0,0.0,0.0,0.0,10.0,12.13,0,0,1
fifth-meyran,2023-03-21,2023,3,3,cloud,41.3,26.5,0.0,0.0,0.0,0.0,7.7,12.18,0,0,1
fifth-meyran,2023-03-22,2023,3,63,rain,46.3,39.0,0.193,0.193,0.0,6.0,11.8,12.22,1,0,0
fifth-meyran,2023-03-23,2023,3,63,rain,54.1,46.7,1.193,1.193,0.0,20.0,18.8,12.27,1,0,0
fifth-meyran,2023-03-24,2023,3,61,rain,43.4,37.8,0.386,0.386,0.0,10.0,6.8,12.31,1,0,0
fifth-meyran,2023-03-25,2023,3,63,rain,52.6,44.0,0.535,0.535,0.0,14.0,25.3,12.36,1,0,0
fifth-meyran,2023-03-26,2023,3,2,cloud,45.3,33.7,0.0,0.0,0.0,0.0,12.5,12.4,0,0,0
fifth-meyran,2023-03-27,2023,3,51,rain,46.7,39.5,0.004,0.004,0.0,1.0,9.7,12.45,0,0,0
fifth-meyran,2023-03-28,2023,3,3,cloud,42.6,37.0,0.0,0.0,0.0,0.0,8.8,12.49,0,0,0
fifth-meyran,2023-03-29,2023,3,71,snow,39.8,28.9,0.035,0.031,0.028,5.0,16.9,12.54,1,0,1
fifth-meyran,2023-03-30,2023,3,3,cloud,36.5,23.5,0.0,0.0,0.0,0.0,6.1,12.58,0,0,1
fifth-meyran,2023-03-31,2023,3,63,rain,45.3,35.5,0.319,0.319,0.0,9.0,13.0,12.63,1,0,0
fifth-meyran,2023-04-01,2023,4,63,rain,53.8,39.7,0.78,0.78,0.0,12.0,22.6,12.67,1,0,0
fifth-meyran,2023-04-02,2023,4,3,cloud,39.5,30.2,0.0,0.0,0.0,0.0,13.5,12.72,0,0,1
fifth-meyran,2023-04-03,2023,4,63,rain,50.8,34.3,0.157,0.157,0.0,1.0,11.9,12.76,1,0,0
fifth-meyran,2023-04-04,2023,4,3,cloud,58.6,45.6,0.0,0.0,0.0,0.0,9.3,12.81,0,0,0
fifth-meyran,2023-04-05,2023,4,51,rain,67.6,55.1,0.02,0.02,0.0,2.0,15.3,12.85,1,0,0
fifth-meyran,2023-04-06,2023,4,53,rain,54.3,44.2,0.071,0.071,0.0,8.0,10.8,12.89,1,0,0
fifth-meyran,2023-04-07,2023,4,3,cloud,43.9,36.0,0.0,0.0,0.0,0.0,9.3,12.94,0,0,0
fifth-meyran,2023-04-08,2023,4,3,cloud,40.9,28.8,0.0,0.0,0.0,0.0,6.3,12.98,0,0,1
fifth-meyran,2023-04-09,2023,4,0,clear,44.7,32.2,0.0,0.0,0.0,0.0,7.4,13.02,0,0,0
fifth-meyran,2023-04-10,2023,4,3,cloud,49.3,32.7,0.0,0.0,0.0,0.0,5.5,13.07,0,0,0
fifth-meyran,2023-04-11,2023,4,3,cloud,55.2,36.3,0.0,0.0,0.0,0.0,10.8,13.11,0,0,0
fifth-meyran,2023-04-12,2023,4,3,cloud,63.5,50.5,0.0,0.0,0.0,0.0,12.1,13.15,0,0,0
fifth-meyran,2023-04-13,2023,4,1,clear,66.1,51.3,0.0,0.0,0.0,0.0,8.4,13.2,0,0,0
fifth-meyran,2023-04-14,2023,4,3,cloud,65.5,48.9,0.0,0.0,0.0,0.0,5.8,13.24,0,0,0
fifth-meyran,2023-04-15,2023,4,51,rain,64.2,56.0,0.039,0.039,0.0,5.0,9.3,13.28,1,0,0
fifth-meyran,2023-04-16,2023,4,63,rain,63.4,52.6,0.413,0.413,0.0,5.0,17.3,13.33,1,0,0
fifth-meyran,2023-04-17,2023,4,51,rain,45.2,40.4,0.063,0.063,0.0,8.0,17.1,13.37,1,0,0
fifth-meyran,2023-04-18,2023,4,51,rain,41.9,35.2,0.004,0.004,0.0,1.0,17.5,13.41,0,0,0
fifth-meyran,2023-04-19,2023,4,3,cloud,49.1,35.0,0.0,0.0,0.0,0.0,5.7,13.45,0,0,0
fifth-meyran,2023-04-20,2023,4,3,cloud,63.5,45.2,0.0,0.0,0.0,0.0,9.1,13.49,0,0,0
fifth-meyran,2023-04-21,2023,4,3,cloud,66.7,55.0,0.0,0.0,0.0,0.0,14.5,13.54,0,0,0
fifth-meyran,2023-04-22,2023,4,61,rain,52.8,44.6,0.228,0.228,0.0,10.0,11.9,13.58,1,0,0
fifth-meyran,2023-04-23,2023,4,51,rain,43.4,38.8,0.004,0.004,0.0,1.0,11.5,13.62,0,0,0
fifth-meyran,2023-04-24,2023,4,51,rain,41.5,34.3,0.051,0.051,0.0,8.0,12.2,13.66,1,0,0
fifth-meyran,2023-04-25,2023,4,3,cloud,44.5,33.1,0.0,0.0,0.0,0.0,6.2,13.7,0,0,0
fifth-meyran,2023-04-26,2023,4,53,rain,46.7,36.0,0.071,0.071,0.0,7.0,8.2,13.74,1,0,0
fifth-meyran,2023-04-27,2023,4,3,cloud,49.9,34.3,0.0,0.0,0.0,0.0,8.7,13.78,0,0,0
fifth-meyran,2023-04-28,2023,4,61,rain,53.8,50.5,0.555,0.555,0.0,16.0,14.6,13.82,1,0,0
fifth-meyran,2023-04-29,2023,4,51,rain,54.3,49.3,0.079,0.079,0.0,11.0,12.5,13.86,1,0,0
fifth-meyran,2023-04-30,2023,4,51,rain,52.7,44.6,0.039,0.039,0.0,5.0,10.4,13.89,1,0,0
fifth-meyran,2023-05-01,2023,5,53,rain,41.9,38.6,0.24,0.24,0.0,18.0,17.7,13.93,1,0,0
fifth-meyran,2023-05-02,2023,5,71,snow,39.0,35.6,0.441,0.433,0.055,23.0,14.1,13.97,1,0,0
fifth-meyran,2023-05-03,2023,5,55,rain,40.6,36.0,0.287,0.287,0.0,20.0,11.7,14.01,1,0,0
fifth-meyran,2023-05-04,2023,5,51,rain,49.1,43.7,0.051,0.051,0.0,7.0,10.6,14.05,1,0,0
fifth-meyran,2023-05-05,2023,5,3,cloud,51.8,37.5,0.0,0.0,0.0,0.0,5.8,14.08,0,0,0
fifth-meyran,2023-05-06,2023,5,3,cloud,57.1,41.1,0.0,0.0,0.0,0.0,6.2,14.12,0,0,0
fifth-meyran,2023-05-07,2023,5,63,rain,59.5,51.9,0.319,0.319,0.0,10.0,9.5,14.16,1,0,0
fifth-meyran,2023-05-08,2023,5,63,rain,62.5,55.6,0.197,0.197,0.0,8.0,7.1,14.19,1,0,0
fifth-meyran,2023-05-09,2023,5,53,rain,60.2,51.7,0.055,0.055,0.0,5.0,10.5,14.23,1,0,0
fifth-meyran,2023-05-10,2023,5,2,cloud,56.9,44.3,0.0,0.0,0.0,0.0,6.2,14.26,0,0,0
fifth-meyran,2023-05-11,2023,5,3,cloud,62.8,47.8,0.0,0.0,0.0,0.0,4.0,14.3,0,0,0
fifth-meyran,2023-05-12,2023,5,3,cloud,66.4,50.4,0.0,0.0,0.0,0.0,5.5,14.33,0,0,0
fifth-meyran,2023-05-13,2023,5,61,rain,63.0,57.7,0.453,0.453,0.0,13.0,5.2,14.36,1,0,0
fifth-meyran,2023-05-14,2023,5,3,cloud,64.5,54.8,0.0,0.0,0.0,0.0,7.8,14.4,0,0,0
fifth-meyran,2023-05-15,2023,5,3,cloud,62.1,50.2,0.0,0.0,0.0,0.0,7.5,14.43,0,0,0
fifth-meyran,2023-05-16,2023,5,3,cloud,61.0,48.8,0.0,0.0,0.0,0.0,11.0,14.46,0,0,0
fifth-meyran,2023-05-17,2023,5,3,cloud,56.7,47.8,0.0,0.0,0.0,0.0,9.3,14.49,0,0,0
fifth-meyran,2023-05-18,2023,5,3,cloud,58.0,41.4,0.0,0.0,0.0,0.0,9.2,14.52,0,0,0
fifth-meyran,2023-05-19,2023,5,63,rain,62.9,52.4,0.559,0.559,0.0,7.0,9.6,14.55,1,0,0
fifth-meyran,2023-05-20,2023,5,65,rain,61.5,52.7,0.61,0.61,0.0,7.0,10.0,14.58,1,0,0
fifth-meyran,2023-05-21,2023,5,1,clear,60.5,47.4,0.0,0.0,0.0,0.0,8.0,14.6,0,0,0
fifth-meyran,2023-05-22,2023,5,1,clear,63.4,48.7,0.0,0.0,0.0,0.0,5.2,14.63,0,0,0
fifth-meyran,2023-05-23,2023,5,3,cloud,66.1,54.1,0.0,0.0,0.0,0.0,7.8,14.66,0,0,0
fifth-meyran,2023-05-24,2023,5,3,cloud,66.0,53.7,0.0,0.0,0.0,0.0,12.6,14.68,0,0,0
fifth-meyran,2023-05-25,2023,5,3,cloud,56.2,45.0,0.0,0.0,0.0,0.0,9.8,14.71,0,0,0
fifth-meyran,2023-05-26,2023,5,3,cloud,60.0,46.3,0.0,0.0,0.0,0.0,9.0,14.73,0,0,0
fifth-meyran,2023-05-27,2023,5,3,cloud,63.6,46.8,0.0,0.0,0.0,0.0,7.9,14.76,0,0,0
fifth-meyran,2023-05-28,2023,5,3,cloud,66.3,50.6,0.0,0.0,0.0,0.0,8.5,14.78,0,0,0
fifth-meyran,2023-05-29,2023,5,51,rain,71.5,57.2,0.008,0.008,0.0,2.0,11.4,14.8,0,0,0
fifth-meyran,2023-05-30,2023,5,1,clear,72.7,60.0,0.0,0.0,0.0,0.0,8.8,14.83,0,0,0
fifth-meyran,2023-05-31,2023,5,0,clear,71.7,56.8,0.0,0.0,0.0,0.0,8.0,14.85,0,0,0
fifth-meyran,2023-06-01,2023,6,0,clear,72.8,55.3,0.0,0.0,0.0,0.0,5.8,14.87,0,0,0
fifth-meyran,2023-06-02,2023,6,3,cloud,76.1,60.7,0.0,0.0,0.0,0.0,9.3,14.89,0,0,0
fifth-meyran,2023-06-03,2023,6,51,rain,76.9,65.9,0.012,0.012,0.0,2.0,10.5,14.9,1,0,0
fifth-meyran,2023-06-04,2023,6,3,cloud,71.6,62.7,0.0,0.0,0.0,0.0,11.2,14.92,0,0,0
fifth-meyran,2023-06-05,2023,6,3,cloud,65.9,53.5,0.0,0.0,0.0,0.0,9.1,14.94,0,0,0
fifth-meyran,2023-06-06,2023,6,3,cloud,67.8,57.2,0.0,0.0,0.0,0.0,14.3,14.95,0,0,0
fifth-meyran,2023-06-07,2023,6,2,cloud,63.5,51.6,0.0,0.0,0.0,0.0,9.5,14.97,0,0,0
fifth-meyran,2023-06-08,2023,6,51,rain,59.9,49.5,0.004,0.004,0.0,1.0,10.6,14.98,0,0,0
fifth-meyran,2023-06-09,2023,6,51,rain,62.5,51.9,0.008,0.008,0.0,2.0,11.4,14.99,0,0,0
fifth-meyran,2023-06-10,2023,6,3,cloud,68.1,54.8,0.0,0.0,0.0,0.0,11.2,15.0,0,0,0
fifth-meyran,2023-06-11,2023,6,61,rain,68.2,56.8,0.15,0.15,0.0,4.0,13.5,15.01,1,0,0
fifth-meyran,2023-06-12,2023,6,63,rain,63.0,57.6,0.335,0.335,0.0,9.0,13.6,15.02,1,0,0
fifth-meyran,2023-06-13,2023,6,63,rain,59.6,51.5,0.48,0.48,0.0,8.0,15.7,15.03,1,0,0
fifth-meyran,2023-06-14,2023,6,63,rain,61.1,56.0,0.831,0.831,0.0,14.0,17.7,15.04,1,0,0
fifth-meyran,2023-06-15,2023,6,3,cloud,63.1,51.6,0.0,0.0,0.0,0.0,5.9,15.05,0,0,0
fifth-meyran,2023-06-16,2023,6,63,rain,63.3,58.6,0.575,0.575,0.0,12.0,12.3,15.05,1,0,0
fifth-meyran,2023-06-17,2023,6,3,cloud,63.6,53.2,0.0,0.0,0.0,0.0,11.0,15.06,0,0,0
fifth-meyran,2023-06-18,2023,6,3,cloud,65.8,52.2,0.0,0.0,0.0,0.0,5.4,15.06,0,0,0
fifth-meyran,2023-06-19,2023,6,3,cloud,71.3,56.7,0.0,0.0,0.0,0.0,10.7,15.06,0,0,0
fifth-meyran,2023-06-20,2023,6,55,rain,70.8,64.8,0.118,0.118,0.0,7.0,10.6,15.06,1,0,0
fifth-meyran,2023-06-21,2023,6,51,rain,69.9,62.5,0.016,0.016,0.0,3.0,13.2,15.06,1,0,0
fifth-meyran,2023-06-22,2023,6,61,rain,63.8,57.6,0.331,0.331,0.0,15.0,11.0,15.06,1,0,0
fifth-meyran,2023-06-23,2023,6,61,rain,67.1,60.2,0.319,0.319,0.0,16.0,7.0,15.06,1,0,0
fifth-meyran,2023-06-24,2023,6,53,rain,68.4,62.7,0.11,0.11,0.0,10.0,8.6,15.06,1,0,0
fifth-meyran,2023-06-25,2023,6,51,rain,72.2,60.6,0.063,0.063,0.0,7.0,8.5,15.06,1,0,0
fifth-meyran,2023-06-26,2023,6,65,rain,69.8,64.9,0.949,0.949,0.0,14.0,11.0,15.05,1,0,0
fifth-meyran,2023-06-27,2023,6,65,rain,66.0,62.5,0.76,0.76,0.0,15.0,11.5,15.05,1,0,0
fifth-meyran,2023-06-28,2023,6,51,rain,66.9,59.1,0.024,0.024,0.0,6.0,10.8,15.04,1,0,0
fifth-meyran,2023-06-29,2023,6,3,cloud,69.0,56.8,0.0,0.0,0.0,0.0,6.4,15.03,0,0,0
fifth-meyran,2023-06-30,2023,6,51,rain,72.1,63.9,0.024,0.024,0.0,4.0,7.7,15.02,1,0,0
fifth-meyran,2023-07-01,2023,7,63,rain,72.8,66.3,0.461,0.461,0.0,16.0,8.3,15.01,1,0,0
fifth-meyran,2023-07-02,2023,7,61,rain,72.0,67.2,0.339,0.339,0.0,11.0,13.3,15.0,1,0,0
fifth-meyran,2023-07-03,2023,7,65,rain,70.9,67.2,0.657,0.657,0.0,15.0,7.6,14.99,1,0,0
fifth-meyran,2023-07-04,2023,7,51,rain,73.2,65.4,0.035,0.035,0.0,6.0,5.5,14.98,1,0,0
fifth-meyran,2023-07-05,2023,7,3,cloud,76.5,67.6,0.0,0.0,0.0,0.0,4.8,14.97,0,0,0
fifth-meyran,2023-07-06,2023,7,51,rain,76.4,67.7,0.012,0.012,0.0,2.0,10.0,14.95,1,0,0
fifth-meyran,2023-07-07,2023,7,53,rain,73.5,67.3,0.079,0.079,0.0,7.0,6.8,14.94,1,0,0
fifth-meyran,2023-07-08,2023,7,3,cloud,72.8,60.6,0.0,0.0,0.0,0.0,5.6,14.92,0,0,0
fifth-meyran,2023-07-09,2023,7,61,rain,70.6,66.6,0.28,0.28,0.0,15.0,6.2,14.9,1,0,0
fifth-meyran,2023-07-10,2023,7,51,rain,70.5,61.0,0.024,0.024,0.0,4.0,6.8,14.88,1,0,0
fifth-meyran,2023-07-11,2023,7,3,cloud,73.0,60.9,0.0,0.0,0.0,0.0,9.0,14.87,0,0,0
fifth-meyran,2023-07-12,2023,7,51,rain,74.7,64.6,0.02,0.02,0.0,5.0,7.3,14.85,1,0,0
fifth-meyran,2023-07-13,2023,7,55,rain,76.9,67.9,0.043,0.043,0.0,2.0,13.5,14.83,1,0,0
fifth-meyran,2023-07-14,2023,7,53,rain,74.0,67.8,0.059,0.059,0.0,6.0,6.5,14.8,1,0,0
fifth-meyran,2023-07-15,2023,7,61,rain,74.5,66.7,0.154,0.154,0.0,7.0,7.2,14.78,1,0,0
fifth-meyran,2023-07-16,2023,7,51,rain,73.4,67.1,0.028,0.028,0.0,3.0,7.4,14.76,1,0,0
fifth-meyran,2023-07-17,2023,7,63,rain,71.8,66.1,0.5,0.5,0.0,5.0,10.3,14.74,1,0,0
fifth-meyran,2023-07-18,2023,7,55,rain,71.1,65.9,0.11,0.11,0.0,8.0,8.0,14.71,1,0,0
fifth-meyran,2023-07-19,2023,7,53,rain,71.8,64.6,0.063,0.063,0.0,7.0,4.8,14.69,1,0,0
fifth-meyran,2023-07-20,2023,7,63,rain,73.0,64.5,0.492,0.492,0.0,6.0,7.9,14.66,1,0,0
fifth-meyran,2023-07-21,2023,7,53,rain,70.1,64.5,0.067,0.067,0.0,7.0,12.4,14.64,1,0,0
fifth-meyran,2023-07-22,2023,7,51,rain,69.0,58.3,0.008,0.008,0.0,2.0,5.1,14.61,0,0,0
fifth-meyran,2023-07-23,2023,7,1,clear,72.3,63.1,0.0,0.0,0.0,0.0,4.5,14.58,0,0,0
fifth-meyran,2023-07-24,2023,7,51,rain,73.9,63.4,0.004,0.004,0.0,1.0,7.4,14.55,0,0,0
fifth-meyran,2023-07-25,2023,7,63,rain,71.9,64.1,0.185,0.185,0.0,9.0,6.1,14.52,1,0,0
fifth-meyran,2023-07-26,2023,7,63,rain,76.3,64.7,0.209,0.209,0.0,1.0,10.0,14.49,1,0,0
fifth-meyran,2023-07-27,2023,7,55,rain,78.8,71.7,0.106,0.106,0.0,6.0,15.0,14.46,1,0,0
fifth-meyran,2023-07-28,2023,7,63,rain,77.1,70.3,0.335,0.335,0.0,12.0,12.0,14.43,1,0,0
fifth-meyran,2023-07-29,2023,7,65,rain,73.6,67.8,0.457,0.457,0.0,10.0,16.0,14.4,1,0,0
fifth-meyran,2023-07-30,2023,7,53,rain,69.4,61.2,0.028,0.028,0.0,3.0,5.0,14.36,1,0,0
fifth-meyran,2023-07-31,2023,7,3,cloud,68.1,59.2,0.0,0.0,0.0,0.0,8.6,14.33,0,0,0
fifth-meyran,2023-08-01,2023,8,51,rain,67.8,58.6,0.008,0.008,0.0,2.0,7.3,14.3,0,0,0
fifth-meyran,2023-08-02,2023,8,51,rain,69.2,58.8,0.008,0.008,0.0,2.0,5.1,14.27,0,0,0
fifth-meyran,2023-08-03,2023,8,51,rain,72.4,62.5,0.02,0.02,0.0,4.0,5.2,14.23,1,0,0
fifth-meyran,2023-08-04,2023,8,61,rain,73.8,63.0,0.098,0.098,0.0,3.0,8.9,14.2,1,0,0
fifth-meyran,2023-08-05,2023,8,3,cloud,71.1,60.4,0.0,0.0,0.0,0.0,6.1,14.16,0,0,0
fifth-meyran,2023-08-06,2023,8,63,rain,72.2,64.9,0.417,0.417,0.0,7.0,12.8,14.13,1,0,0
fifth-meyran,2023-08-07,2023,8,63,rain,70.7,66.7,0.795,0.795,0.0,18.0,13.9,14.09,1,0,0
fifth-meyran,2023-08-08,2023,8,51,rain,69.8,60.4,0.008,0.008,0.0,2.0,14.9,14.06,0,0,0
fifth-meyran,2023-08-09,2023,8,51,rain,71.0,62.2,0.008,0.008,0.0,2.0,8.4,14.02,0,0,0
fifth-meyran,2023-08-10,2023,8,63,rain,71.1,65.8,0.457,0.457,0.0,16.0,10.6,13.98,1,0,0
fifth-meyran,2023-08-11,2023,8,53,rain,71.6,62.4,0.031,0.031,0.0,3.0,8.5,13.94,1,0,0
fifth-meyran,2023-08-12,2023,8,63,rain,73.7,65.8,0.343,0.343,0.0,9.0,11.0,13.91,1,0,0
fifth-meyran,2023-08-13,2023,8,51,rain,73.2,65.6,0.012,0.012,0.0,2.0,8.5,13.87,1,0,0
fifth-meyran,2023-08-14,2023,8,63,rain,71.2,66.3,0.571,0.571,0.0,11.0,5.7,13.83,1,0,0
fifth-meyran,2023-08-15,2023,8,53,rain,71.4,65.9,0.13,0.13,0.0,14.0,10.3,13.79,1,0,0
fifth-meyran,2023-08-16,2023,8,51,rain,68.5,62.2,0.028,0.028,0.0,4.0,6.7,13.75,1,0,0
fifth-meyran,2023-08-17,2023,8,63,rain,70.4,61.3,0.217,0.217,0.0,4.0,13.0,13.71,1,0,0
fifth-meyran,2023-08-18,2023,8,61,rain,65.7,59.7,0.11,0.11,0.0,6.0,13.8,13.67,1,0,0
fifth-meyran,2023-08-19,2023,8,3,cloud,65.1,54.0,0.0,0.0,0.0,0.0,5.3,13.63,0,0,0
fifth-meyran,2023-08-20,2023,8,2,cloud,70.8,58.2,0.0,0.0,0.0,0.0,5.7,13.59,0,0,0
fifth-meyran,2023-08-21,2023,8,3,cloud,75.3,64.2,0.0,0.0,0.0,0.0,7.7,13.55,0,0,0
fifth-meyran,2023-08-22,2023,8,3,cloud,70.1,62.2,0.0,0.0,0.0,0.0,6.4,13.51,0,0,0
fifth-meyran,2023-08-23,2023,8,3,cloud,69.7,59.7,0.0,0.0,0.0,0.0,8.5,13.47,0,0,0
fifth-meyran,2023-08-24,2023,8,53,rain,74.0,66.2,0.063,0.063,0.0,4.0,8.8,13.43,1,0,0
fifth-meyran,2023-08-25,2023,8,63,rain,74.5,68.5,0.248,0.248,0.0,10.0,11.3,13.39,1,0,0
fifth-meyran,2023-08-26,2023,8,51,rain,72.5,63.8,0.012,0.012,0.0,3.0,7.8,13.34,1,0,0
fifth-meyran,2023-08-27,2023,8,51,rain,69.1,60.1,0.004,0.004,0.0,1.0,6.9,13.3,0,0,0
fifth-meyran,2023-08-28,2023,8,51,rain,71.1,62.1,0.004,0.004,0.0,1.0,6.1,13.26,0,0,0
fifth-meyran,2023-08-29,2023,8,51,rain,70.9,63.9,0.059,0.059,0.0,7.0,7.5,13.22,1,0,0
fifth-meyran,2023-08-30,2023,8,3,cloud,66.3,60.7,0.0,0.0,0.0,0.0,10.9,13.18,0,0,0
fifth-meyran,2023-08-31,2023,8,3,cloud,65.1,56.8,0.0,0.0,0.0,0.0,8.6,13.13,0,0,0
fifth-meyran,2023-09-01,2023,9,0,clear,65.5,53.3,0.0,0.0,0.0,0.0,7.2,13.09,0,0,0
fifth-meyran,2023-09-02,2023,9,3,cloud,71.3,58.4,0.0,0.0,0.0,0.0,6.9,13.05,0,0,0
fifth-meyran,2023-09-03,2023,9,3,cloud,77.1,65.8,0.0,0.0,0.0,0.0,9.6,13.01,0,0,0
fifth-meyran,2023-09-04,2023,9,3,cloud,78.6,68.7,0.0,0.0,0.0,0.0,7.4,12.96,0,0,0
fifth-meyran,2023-09-05,2023,9,1,clear,78.1,65.8,0.0,0.0,0.0,0.0,5.2,12.92,0,0,0
fifth-meyran,2023-09-06,2023,9,51,rain,79.2,68.5,0.004,0.004,0.0,1.0,10.4,12.88,0,0,0
fifth-meyran,2023-09-07,2023,9,53,rain,73.5,68.5,0.106,0.106,0.0,12.0,10.4,12.83,1,0,0
fifth-meyran,2023-09-08,2023,9,53,rain,69.2,63.4,0.087,0.087,0.0,10.0,6.0,12.79,1,0,0
fifth-meyran,2023-09-09,2023,9,63,rain,67.3,60.1,0.307,0.307,0.0,6.0,7.1,12.74,1,0,0
fifth-meyran,2023-09-10,2023,9,63,rain,68.4,62.8,0.591,0.591,0.0,14.0,7.4,12.7,1,0,0
fifth-meyran,2023-09-11,2023,9,51,rain,68.5,61.1,0.008,0.008,0.0,2.0,5.4,12.66,0,0,0
fifth-meyran,2023-09-12,2023,9,55,rain,67.3,60.8,0.134,0.134,0.0,7.0,5.5,12.61,1,0,0
fifth-meyran,2023-09-13,2023,9,51,rain,63.7,58.0,0.028,0.028,0.0,6.0,7.7,12.57,1,0,0
fifth-meyran,2023-09-14,2023,9,3,cloud,59.7,49.6,0.0,0.0,0.0,0.0,7.3,12.53,0,0,0
fifth-meyran,2023-09-15,2023,9,0,clear,58.7,48.1,0.0,0.0,0.0,0.0,6.0,12.48,0,0,0
fifth-meyran,2023-09-16,2023,9,3,cloud,60.5,49.9,0.0,0.0,0.0,0.0,4.7,12.44,0,0,0
fifth-meyran,2023-09-17,2023,9,53,rain,60.5,52.8,0.094,0.094,0.0,8.0,5.3,12.4,1,0,0
fifth-meyran,2023-09-18,2023,9,3,cloud,61.3,54.4,0.0,0.0,0.0,0.0,9.9,12.35,0,0,0
fifth-meyran,2023-09-19,2023,9,3,cloud,59.3,50.4,0.0,0.0,0.0,0.0,6.5,12.31,0,0,0
fifth-meyran,2023-09-20,2023,9,3,cloud,62.0,51.6,0.0,0.0,0.0,0.0,5.2,12.26,0,0,0
fifth-meyran,2023-09-21,2023,9,3,cloud,64.3,53.3,0.0,0.0,0.0,0.0,5.8,12.22,0,0,0
fifth-meyran,2023-09-22,2023,9,3,cloud,62.7,53.4,0.0,0.0,0.0,0.0,8.7,12.17,0,0,0
fifth-meyran,2023-09-23,2023,9,51,rain,57.2,53.8,0.083,0.083,0.0,10.0,11.0,12.13,1,0,0
fifth-meyran,2023-09-24,2023,9,61,rain,58.8,55.0,0.232,0.232,0.0,16.0,10.3,12.08,1,0,0
fifth-meyran,2023-09-25,2023,9,51,rain,63.0,58.3,0.031,0.031,0.0,7.0,7.0,12.04,1,0,0
fifth-meyran,2023-09-26,2023,9,51,rain,60.3,57.5,0.004,0.004,0.0,1.0,10.6,12.0,0,0,0
fifth-meyran,2023-09-27,2023,9,55,rain,62.4,56.0,0.122,0.122,0.0,5.0,9.5,11.95,1,0,0
fifth-meyran,2023-09-28,2023,9,63,rain,61.1,54.1,0.126,0.126,0.0,2.0,9.4,11.91,1,0,0
fifth-meyran,2023-09-29,2023,9,55,rain,62.3,52.9,0.047,0.047,0.0,3.0,6.6,11.86,1,0,0
fifth-meyran,2023-09-30,2023,9,3,cloud,63.0,54.8,0.0,0.0,0.0,0.0,4.7,11.82,0,0,0
fifth-meyran,2023-10-01,2023,10,0,clear,65.3,55.1,0.0,0.0,0.0,0.0,5.4,11.77,0,0,0
fifth-meyran,2023-10-02,2023,10,2,cloud,67.4,57.0,0.0,0.0,0.0,0.0,5.0,11.73,0,0,0
fifth-meyran,2023-10-03,2023,10,1,clear,69.0,57.7,0.0,0.0,0.0,0.0,4.7,11.69,0,0,0
fifth-meyran,2023-10-04,2023,10,3,cloud,68.6,58.0,0.0,0.0,0.0,0.0,7.7,11.64,0,0,0
fifth-meyran,2023-10-05,2023,10,51,rain,68.7,58.9,0.004,0.004,0.0,1.0,10.4,11.6,0,0,0
fifth-meyran,2023-10-06,2023,10,61,rain,63.7,60.4,0.413,0.413,0.0,17.0,9.7,11.56,1,0,0
fifth-meyran,2023-10-07,2023,10,51,rain,52.8,47.8,0.008,0.008,0.0,2.0,13.0,11.51,0,0,0
fifth-meyran,2023-10-08,2023,10,3,cloud,49.2,44.3,0.0,0.0,0.0,0.0,16.3,11.47,0,0,0
fifth-meyran,2023-10-09,2023,10,3,cloud,49.3,43.3,0.0,0.0,0.0,0.0,10.3,11.42,0,0,0
fifth-meyran,2023-10-10,2023,10,3,cloud,52.6,43.1,0.0,0.0,0.0,0.0,13.5,11.38,0,0,0
fifth-meyran,2023-10-11,2023,10,3,cloud,53.3,43.8,0.0,0.0,0.0,0.0,10.0,11.34,0,0,0
fifth-meyran,2023-10-12,2023,10,3,cloud,56.4,46.5,0.0,0.0,0.0,0.0,8.1,11.29,0,0,0
fifth-meyran,2023-10-13,2023,10,3,cloud,54.3,45.3,0.0,0.0,0.0,0.0,8.1,11.25,0,0,0
fifth-meyran,2023-10-14,2023,10,63,rain,54.9,46.4,0.85,0.85,0.0,20.0,12.1,11.21,1,0,0
fifth-meyran,2023-10-15,2023,10,51,rain,48.5,45.0,0.016,0.016,0.0,3.0,11.8,11.16,1,0,0
fifth-meyran,2023-10-16,2023,10,51,rain,48.7,42.8,0.02,0.02,0.0,5.0,9.3,11.12,1,0,0
fifth-meyran,2023-10-17,2023,10,51,rain,50.5,46.7,0.012,0.012,0.0,3.0,7.3,11.08,1,0,0
fifth-meyran,2023-10-18,2023,10,51,rain,50.1,41.2,0.008,0.008,0.0,2.0,6.7,11.03,0,0,0
fifth-meyran,2023-10-19,2023,10,3,cloud,54.1,43.7,0.0,0.0,0.0,0.0,13.4,10.99,0,0,0
fifth-meyran,2023-10-20,2023,10,63,rain,54.4,49.8,0.657,0.657,0.0,18.0,12.6,10.95,1,0,0
fifth-meyran,2023-10-21,2023,10,55,rain,51.0,48.8,0.114,0.114,0.0,13.0,14.3,10.91,1,0,0
fifth-meyran,2023-10-22,2023,10,51,rain,47.8,41.7,0.008,0.008,0.0,2.0,13.9,10.86,0,0,0
fifth-meyran,2023-10-23,2023,10,1,clear,45.0,33.3,0.0,0.0,0.0,0.0,5.6,10.82,0,0,0
fifth-meyran,2023-10-24,2023,10,1,clear,54.3,41.2,0.0,0.0,0.0,0.0,7.5,10.78,0,0,0
fifth-meyran,2023-10-25,2023,10,3,cloud,60.5,53.8,0.0,0.0,0.0,0.0,8.6,10.74,0,0,0
fifth-meyran,2023-10-26,2023,10,3,cloud,61.2,49.5,0.0,0.0,0.0,0.0,8.4,10.7,0,0,0
fifth-meyran,2023-10-27,2023,10,51,rain,65.9,59.4,0.063,0.063,0.0,7.0,12.0,10.66,1,0,0
fifth-meyran,2023-10-28,2023,10,53,rain,62.9,57.8,0.031,0.031,0.0,4.0,10.6,10.62,1,0,0
fifth-meyran,2023-10-29,2023,10,63,rain,54.7,52.3,0.949,0.949,0.0,19.0,6.2,10.58,1,0,0
fifth-meyran,2023-10-30,2023,10,63,rain,49.2,40.1,0.654,0.654,0.0,21.0,10.0,10.54,1,0,0
fifth-meyran,2023-10-31,2023,10,73,snow,40.9,36.6,0.028,0.004,0.165,2.0,9.0,10.5,0,1,0
fifth-meyran,2023-11-01,2023,11,71,snow,35.7,29.2,0.004,0.0,0.028,1.0,14.0,10.46,0,0,1
fifth-meyran,2023-11-02,2023,11,3,cloud,36.7,28.2,0.0,0.0,0.0,0.0,8.2,10.42,0,0,1
fifth-meyran,2023-11-03,2023,11,3,cloud,43.9,33.5,0.0,0.0,0.0,0.0,10.2,10.38,0,0,0
fifth-meyran,2023-11-04,2023,11,51,rain,49.3,42.5,0.004,0.004,0.0,1.0,6.0,10.34,0,0,0
fifth-meyran,2023-11-05,2023,11,3,cloud,48.4,40.4,0.0,0.0,0.0,0.0,6.9,10.3,0,0,0
fifth-meyran,2023-11-06,2023,11,3,cloud,50.6,37.8,0.0,0.0,0.0,0.0,13.7,10.26,0,0,0
fifth-meyran,2023-11-07,2023,11,51,rain,58.4,45.6,0.004,0.004,0.0,1.0,13.7,10.23,0,0,0
fifth-meyran,2023-11-08,2023,11,3,cloud,47.5,37.9,0.0,0.0,0.0,0.0,7.8,10.19,0,0,0
fifth-meyran,2023-11-09,2023,11,55,rain,54.6,43.7,0.094,0.094,0.0,4.0,13.0,10.15,1,0,0
fifth-meyran,2023-11-10,2023,11,3,cloud,47.1,43.9,0.0,0.0,0.0,0.0,11.1,10.12,0,0,0
fifth-meyran,2023-11-11,2023,11,51,rain,43.4,37.0,0.004,0.004,0.0,1.0,6.3,10.08,0,0,0
fifth-meyran,2023-11-12,2023,11,3,cloud,40.6,32.7,0.0,0.0,0.0,0.0,6.0,10.05,0,0,0
fifth-meyran,2023-11-13,2023,11,0,clear,43.1,32.6,0.0,0.0,0.0,0.0,12.5,10.01,0,0,0
fifth-meyran,2023-11-14,2023,11,0,clear,44.0,36.1,0.0,0.0,0.0,0.0,10.0,9.98,0,0,0
fifth-meyran,2023-11-15,2023,11,3,cloud,45.9,32.8,0.0,0.0,0.0,0.0,9.7,9.95,0,0,0
fifth-meyran,2023-11-16,2023,11,3,cloud,48.7,37.0,0.0,0.0,0.0,0.0,7.2,9.92,0,0,0
fifth-meyran,2023-11-17,2023,11,63,rain,53.9,48.4,0.496,0.496,0.0,9.0,11.4,9.88,1,0,0
fifth-meyran,2023-11-18,2023,11,51,rain,41.2,33.3,0.008,0.008,0.0,1.0,11.1,9.85,0,0,0
fifth-meyran,2023-11-19,2023,11,0,clear,41.1,32.6,0.0,0.0,0.0,0.0,8.8,9.82,0,0,0
fifth-meyran,2023-11-20,2023,11,3,cloud,38.7,31.6,0.0,0.0,0.0,0.0,9.2,9.79,0,0,1
fifth-meyran,2023-11-21,2023,11,63,rain,42.0,38.0,0.831,0.831,0.0,17.0,12.8,9.76,1,0,0
fifth-meyran,2023-11-22,2023,11,51,rain,44.4,39.5,0.02,0.02,0.0,5.0,10.1,9.73,1,0,0
fifth-meyran,2023-11-23,2023,11,3,cloud,40.7,35.7,0.0,0.0,0.0,0.0,12.2,9.7,0,0,0
fifth-meyran,2023-11-24,2023,11,3,cloud,36.9,30.7,0.0,0.0,0.0,0.0,9.1,9.67,0,0,1
fifth-meyran,2023-11-25,2023,11,3,cloud,32.3,24.8,0.0,0.0,0.0,0.0,6.5,9.65,0,0,1
fifth-meyran,2023-11-26,2023,11,55,rain,40.8,32.1,0.134,0.134,0.0,5.0,10.4,9.62,1,0,0
fifth-meyran,2023-11-27,2023,11,73,snow,34.6,30.5,0.079,0.039,0.276,6.0,15.3,9.6,1,1,1
fifth-meyran,2023-11-28,2023,11,71,snow,25.6,22.4,0.016,0.0,0.11,3.0,16.6,9.57,0,1,1
fifth-meyran,2023-11-29,2023,11,3,cloud,26.5,19.7,0.0,0.0,0.0,0.0,10.8,9.55,0,0,1
fifth-meyran,2023-11-30,2023,11,3,cloud,38.1,27.7,0.0,0.0,0.0,0.0,10.1,9.52,0,0,1
fifth-meyran,2023-12-01,2023,12,61,rain,43.6,41.5,0.169,0.169,0.0,8.0,8.4,9.5,1,0,0
fifth-meyran,2023-12-02,2023,12,53,rain,52.0,47.7,0.031,0.031,0.0,2.0,11.0,9.48,1,0,0
fifth-meyran,2023-12-03,2023,12,63,rain,49.3,44.6,0.906,0.906,0.0,14.0,13.8,9.46,1,0,0
fifth-meyran,2023-12-04,2023,12,3,cloud,41.3,38.8,0.0,0.0,0.0,0.0,10.8,9.44,0,0,0
fifth-meyran,2023-12-05,2023,12,71,snow,35.8,31.9,0.051,0.043,0.055,8.0,7.2,9.43,1,0,1
fifth-meyran,2023-12-06,2023,12,71,snow,34.2,28.4,0.02,0.008,0.083,4.0,11.3,9.41,0,0,1
fifth-meyran,2023-12-07,2023,12,3,cloud,36.8,28.0,0.0,0.0,0.0,0.0,11.4,9.39,0,0,1
fifth-meyran,2023-12-08,2023,12,3,cloud,43.4,34.3,0.0,0.0,0.0,0.0,9.1,9.38,0,0,0
fifth-meyran,2023-12-09,2023,12,3,cloud,51.4,43.3,0.0,0.0,0.0,0.0,11.6,9.37,0,0,0
fifth-meyran,2023-12-10,2023,12,61,rain,45.6,35.2,0.303,0.303,0.0,17.0,10.6,9.35,1,0,0
fifth-meyran,2023-12-11,2023,12,51,rain,34.5,30.4,0.004,0.004,0.0,1.0,12.9,9.34,0,0,1
fifth-meyran,2023-12-12,2023,12,2,cloud,35.1,25.9,0.0,0.0,0.0,0.0,12.7,9.33,0,0,1
fifth-meyran,2023-12-13,2023,12,1,clear,32.6,26.0,0.0,0.0,0.0,0.0,8.2,9.32,0,0,1
fifth-meyran,2023-12-14,2023,12,0,clear,32.0,25.0,0.0,0.0,0.0,0.0,7.8,9.31,0,0,1
fifth-meyran,2023-12-15,2023,12,3,cloud,36.6,27.9,0.0,0.0,0.0,0.0,6.4,9.3,0,0,1
fifth-meyran,2023-12-16,2023,12,3,cloud,40.6,29.5,0.0,0.0,0.0,0.0,8.7,9.3,0,0,1
fifth-meyran,2023-12-17,2023,12,61,rain,45.4,42.9,0.232,0.232,0.0,13.0,9.5,9.29,1,0,0
fifth-meyran,2023-12-18,2023,12,73,snow,38.8,32.2,0.091,0.055,0.248,12.0,17.3,9.29,1,1,0
fifth-meyran,2023-12-19,2023,12,71,snow,29.4,24.7,0.004,0.0,0.028,1.0,17.0,9.28,0,0,1
fifth-meyran,2023-12-20,2023,12,2,cloud,29.3,23.3,0.0,0.0,0.0,0.0,5.9,9.28,0,0,1
fifth-meyran,2023-12-21,2023,12,3,cloud,32.6,25.3,0.0,0.0,0.0,0.0,3.9,9.28,0,0,1
fifth-meyran,2023-12-22,2023,12,3,cloud,37.7,31.7,0.0,0.0,0.0,0.0,4.1,9.28,0,0,1
fifth-meyran,2023-12-23,2023,12,55,rain,40.7,34.5,0.094,0.094,0.0,5.0,7.1,9.28,1,0,0
fifth-meyran,2023-12-24,2023,12,53,rain,45.7,41.7,0.071,0.071,0.0,5.0,5.9,9.28,1,0,0
fifth-meyran,2023-12-25,2023,12,53,rain,47.6,39.0,0.031,0.031,0.0,3.0,9.2,9.28,1,0,0
fifth-meyran,2023-12-26,2023,12,53,rain,50.0,46.5,0.205,0.205,0.0,15.0,8.9,9.29,1,0,0
fifth-meyran,2023-12-27,2023,12,63,rain,50.1,44.1,0.61,0.61,0.0,11.0,8.8,9.29,1,0,0
fifth-meyran,2023-12-28,2023,12,53,rain,45.7,38.7,0.075,0.075,0.0,4.0,9.8,9.3,1,0,0
fifth-meyran,2023-12-29,2023,12,71,snow,37.2,31.0,0.012,0.008,0.028,2.0,9.9,9.31,0,0,1
fifth-meyran,2023-12-30,2023,12,71,snow,35.8,34.0,0.055,0.051,0.028,13.0,11.0,9.32,1,0,0
fifth-meyran,2023-12-31,2023,12,51,rain,35.7,29.6,0.043,0.043,0.0,8.0,10.1,9.33,1,0,1
fifth-meyran,2024-01-01,2024,1,73,snow,34.4,31.4,0.091,0.031,0.413,11.0,9.4,9.34,1,1,1
fifth-meyran,2024-01-02,2024,1,71,snow,32.2,28.2,0.004,0.0,0.028,1.0,10.2,9.35,0,0,1
fifth-meyran,2024-01-03,2024,1,3,cloud,32.0,25.8,0.0,0.0,0.0,0.0,9.3,9.37,0,0,1
fifth-meyran,2024-01-04,2024,1,73,snow,30.7,24.8,0.035,0.0,0.248,6.0,12.6,9.38,0,1,1
fifth-meyran,2024-01-05,2024,1,3,cloud,28.3,22.8,0.0,0.0,0.0,0.0,5.4,9.4,0,0,1
fifth-meyran,2024-01-06,2024,1,75,snow,30.8,26.6,0.299,0.012,2.012,8.0,11.3,9.41,1,1,1
fifth-meyran,2024-01-07,2024,1,71,snow,33.7,32.2,0.083,0.031,0.358,16.0,11.4,9.43,1,1,0
fifth-meyran,2024-01-08,2024,1,3,cloud,33.8,29.9,0.0,0.0,0.0,0.0,10.4,9.45,0,0,1
fifth-meyran,2024-01-09,2024,1,75,snow,39.0,31.9,1.717,1.476,1.681,17.0,17.6,9.47,1,1,1
fifth-meyran,2024-01-10,2024,1,71,snow,36.8,33.9,0.043,0.028,0.11,6.0,20.4,9.49,1,1,0
fifth-meyran,2024-01-11,2024,1,3,cloud,36.5,28.7,0.0,0.0,0.0,0.0,17.8,9.51,0,0,1
fifth-meyran,2024-01-12,2024,1,73,snow,35.5,26.7,0.189,0.169,0.138,6.0,18.8,9.53,1,1,1
fifth-meyran,2024-01-13,2024,1,51,rain,32.3,25.1,0.024,0.024,0.0,3.0,21.0,9.55,1,0,1
fifth-meyran,2024-01-14,2024,1,73,snow,21.1,13.3,0.035,0.0,0.276,6.0,18.4,9.57,0,1,1
fifth-meyran,2024-01-15,2024,1,71,snow,17.7,12.5,0.016,0.0,0.11,4.0,6.7,9.6,0,1,1
fifth-meyran,2024-01-16,2024,1,73,snow,16.7,9.9,0.134,0.0,0.937,13.0,11.9,9.62,0,1,1
fifth-meyran,2024-01-17,2024,1,3,cloud,13.3,7.4,0.0,0.0,0.0,0.0,14.2,9.65,0,0,1
fifth-meyran,2024-01-18,2024,1,71,snow,24.0,17.6,0.024,0.0,0.165,5.0,10.8,9.68,0,1,1
fifth-meyran,2024-01-19,2024,1,73,snow,23.9,18.0,0.205,0.004,1.406,18.0,12.0,9.71,0,1,1
fifth-meyran,2024-01-20,2024,1,71,snow,15.2,12.3,0.012,0.0,0.083,3.0,14.0,9.73,0,0,1
fifth-meyran,2024-01-21,2024,1,3,cloud,18.8,15.1,0.0,0.0,0.0,0.0,9.2,9.76,0,0,1
fifth-meyran,2024-01-22,2024,1,3,cloud,23.7,11.3,0.0,0.0,0.0,0.0,8.6,9.79,0,0,1
fifth-meyran,2024-01-23,2024,1,51,rain,36.2,30.4,0.012,0.012,0.0,2.0,5.9,9.83,1,0,1
fifth-meyran,2024-01-24,2024,1,63,rain,42.2,37.3,0.575,0.575,0.0,16.0,8.5,9.86,1,0,0
fifth-meyran,2024-01-25,2024,1,63,rain,47.8,45.3,0.512,0.512,0.0,21.0,7.7,9.89,1,0,0
fifth-meyran,2024-01-26,2024,1,63,rain,52.3,42.9,0.335,0.335,0.0,11.0,14.1,9.92,1,0,0
fifth-meyran,2024-01-27,2024,1,61,rain,42.2,38.0,0.146,0.146,0.0,4.0,9.1,9.96,1,0,0
fifth-meyran,2024-01-28,2024,1,63,rain,41.7,36.1,0.709,0.709,0.0,24.0,11.0,9.99,1,0,0
fifth-meyran,2024-01-29,2024,1,51,rain,35.2,32.8,0.004,0.004,0.0,1.0,10.8,10.02,0,0,0
fifth-meyran,2024-01-30,2024,1,3,cloud,35.6,30.7,0.0,0.0,0.0,0.0,9.6,10.06,0,0,1
fifth-meyran,2024-01-31,2024,1,3,cloud,38.3,31.7,0.0,0.0,0.0,0.0,8.6,10.09,0,0,1
fifth-meyran,2024-02-01,2024,2,51,rain,41.0,35.5,0.012,0.012,0.0,1.0,14.6,10.13,1,0,0
fifth-meyran,2024-02-02,2024,2,63,rain,39.0,31.3,0.173,0.173,0.0,4.0,10.3,10.16,1,0,1
fifth-meyran,2024-02-03,2024,2,3,cloud,33.5,25.8,0.0,0.0,0.0,0.0,6.1,10.2,0,0,1
fifth-meyran,2024-02-04,2024,2,0,clear,35.9,25.1,0.0,0.0,0.0,0.0,8.3,10.24,0,0,1
fifth-meyran,2024-02-05,2024,2,0,clear,34.3,26.6,0.0,0.0,0.0,0.0,7.9,10.27,0,0,1
fifth-meyran,2024-02-06,2024,2,0,clear,31.8,23.7,0.0,0.0,0.0,0.0,7.5,10.31,0,0,1
fifth-meyran,2024-02-07,2024,2,3,cloud,36.0,25.6,0.0,0.0,0.0,0.0,4.8,10.35,0,0,1
fifth-meyran,2024-02-08,2024,2,3,cloud,41.1,28.3,0.0,0.0,0.0,0.0,7.8,10.39,0,0,1
fifth-meyran,2024-02-09,2024,2,55,rain,50.8,41.6,0.043,0.043,0.0,1.0,14.6,10.43,1,0,0
fifth-meyran,2024-02-10,2024,2,51,rain,52.3,45.1,0.02,0.02,0.0,4.0,11.1,10.47,1,0,0
fifth-meyran,2024-02-11,2024,2,3,cloud,40.2,34.3,0.0,0.0,0.0,0.0,7.7,10.51,0,0,0
fifth-meyran,2024-02-12,2024,2,3,cloud,36.2,27.6,0.0,0.0,0.0,0.0,6.9,10.55,0,0,1
fifth-meyran,2024-02-13,2024,2,73,snow,36.2,29.5,0.122,0.094,0.193,6.0,15.3,10.59,1,1,1
fifth-meyran,2024-02-14,2024,2,3,cloud,31.2,25.1,0.0,0.0,0.0,0.0,9.4,10.64,0,0,1
fifth-meyran,2024-02-15,2024,2,63,rain,35.5,22.6,0.114,0.114,0.0,5.0,17.1,10.68,1,0,1
fifth-meyran,2024-02-16,2024,2,75,snow,32.1,27.7,0.185,0.0,1.295,6.0,12.0,10.72,0,1,1
fifth-meyran,2024-02-17,2024,2,75,snow,25.4,18.6,0.11,0.0,0.772,9.0,15.7,10.76,0,1,1
fifth-meyran,2024-02-18,2024,2,0,clear,24.1,16.0,0.0,0.0,0.0,0.0,14.0,10.8,0,0,1
fifth-meyran,2024-02-19,2024,2,2,cloud,27.6,15.5,0.0,0.0,0.0,0.0,7.3,10.84,0,0,1
fifth-meyran,2024-02-20,2024,2,2,cloud,33.7,22.3,0.0,0.0,0.0,0.0,8.1,10.89,0,0,1
fifth-meyran,2024-02-21,2024,2,3,cloud,39.0,26.6,0.0,0.0,0.0,0.0,8.4,10.93,0,0,1
fifth-meyran,2024-02-22,2024,2,61,rain,42.2,36.4,0.563,0.563,0.0,15.0,9.2,10.97,1,0,0
fifth-meyran,2024-02-23,2024,2,61,rain,43.6,37.0,0.181,0.181,0.0,11.0,12.2,11.01,1,0,0
fifth-meyran,2024-02-24,2024,2,73,snow,30.4,22.0,0.031,0.0,0.22,4.0,9.6,11.06,0,1,1
fifth-meyran,2024-02-25,2024,2,3,cloud,31.2,20.2,0.0,0.0,0.0,0.0,9.2,11.1,0,0,1
fifth-meyran,2024-02-26,2024,2,53,rain,44.4,29.8,0.051,0.051,0.0,4.0,7.2,11.14,1,0,1
fifth-meyran,2024-02-27,2024,2,63,rain,52.4,43.3,0.165,0.165,0.0,5.0,15.9,11.19,1,0,0
fifth-meyran,2024-02-28,2024,2,65,rain,51.0,27.2,0.988,0.988,0.0,16.0,19.8,11.23,1,0,1
fifth-meyran,2024-02-29,2024,2,3,cloud,29.0,22.0,0.0,0.0,0.0,0.0,14.8,11.27,0,0,1
fifth-meyran,2024-03-01,2024,3,51,rain,37.9,25.1,0.02,0.02,0.0,2.0,10.8,11.32,1,0,1
fifth-meyran,2024-03-02,2024,3,61,rain,45.5,40.5,0.283,0.283,0.0,14.0,9.7,11.36,1,0,0
fifth-meyran,2024-03-03,2024,3,3,cloud,50.2,40.9,0.0,0.0,0.0,0.0,6.7,11.41,0,0,0
fifth-meyran,2024-03-04,2024,3,3,cloud,55.2,41.6,0.0,0.0,0.0,0.0,9.7,11.45,0,0,0
fifth-meyran,2024-03-05,2024,3,61,rain,56.9,44.8,0.146,0.146,0.0,2.0,9.5,11.5,1,0,0
fifth-meyran,2024-03-06,2024,3,61,rain,54.7,51.1,0.642,0.642,0.0,21.0,8.1,11.54,1,0,0
fifth-meyran,2024-03-07,2024,3,53,rain,48.7,41.7,0.075,0.075,0.0,3.0,9.4,11.59,1,0,0
fifth-meyran,2024-03-08,2024,3,53,rain,51.0,38.7,0.039,0.039,0.0,3.0,11.8,11.63,1,0,0
fifth-meyran,2024-03-09,2024,3,61,rain,48.7,41.0,0.744,0.744,0.0,22.0,12.2,11.68,1,0,0
fifth-meyran,2024-03-10,2024,3,73,snow,34.8,29.9,0.169,0.031,0.965,17.0,22.0,11.72,1,1,1
fifth-meyran,2024-03-11,2024,3,2,cloud,38.1,28.0,0.0,0.0,0.0,0.0,14.0,11.77,0,0,1
fifth-meyran,2024-03-12,2024,3,3,cloud,49.7,37.4,0.0,0.0,0.0,0.0,10.7,11.81,0,0,0
fifth-meyran,2024-03-13,2024,3,3,cloud,53.0,40.3,0.0,0.0,0.0,0.0,9.7,11.85,0,0,0
fifth-meyran,2024-03-14,2024,3,61,rain,56.1,41.2,0.106,0.106,0.0,2.0,10.6,11.9,1,0,0
fifth-meyran,2024-03-15,2024,3,63,rain,53.8,45.0,0.524,0.524,0.0,10.0,12.1,11.94,1,0,0
fifth-meyran,2024-03-16,2024,3,3,cloud,47.4,34.5,0.0,0.0,0.0,0.0,13.8,11.99,0,0,0
fifth-meyran,2024-03-17,2024,3,53,rain,45.4,34.6,0.067,0.067,0.0,5.0,16.7,12.03,1,0,0
fifth-meyran,2024-03-18,2024,3,73,snow,31.7,27.5,0.028,0.0,0.193,4.0,12.2,12.08,0,1,1
fifth-meyran,2024-03-19,2024,3,71,snow,35.2,26.1,0.024,0.0,0.193,5.0,17.2,12.12,0,1,1
fifth-meyran,2024-03-20,2024,3,73,snow,39.0,27.8,0.063,0.031,0.22,9.0,18.6,12.17,1,1,1
fifth-meyran,2024-03-21,2024,3,3,cloud,29.2,21.9,0.0,0.0,0.0,0.0,9.2,12.21,0,0,1
fifth-meyran,2024-03-22,2024,3,61,rain,37.5,23.5,0.299,0.299,0.0,8.0,8.1,12.26,1,0,1
fifth-meyran,2024-03-23,2024,3,61,rain,37.8,30.7,0.193,0.193,0.0,10.0,14.7,12.3,1,0,1
fifth-meyran,2024-03-24,2024,3,1,clear,34.0,22.6,0.0,0.0,0.0,0.0,9.3,12.35,0,0,1
fifth-meyran,2024-03-25,2024,3,3,cloud,46.2,32.5,0.0,0.0,0.0,0.0,11.8,12.4,0,0,0
fifth-meyran,2024-03-26,2024,3,61,rain,46.8,41.7,0.429,0.429,0.0,12.0,11.9,12.44,1,0,0
fifth-meyran,2024-03-27,2024,3,51,rain,52.0,41.6,0.016,0.016,0.0,4.0,11.6,12.49,1,0,0
fifth-meyran,2024-03-28,2024,3,3,cloud,40.7,30.9,0.0,0.0,0.0,0.0,11.9,12.53,0,0,1
fifth-meyran,2024-03-29,2024,3,3,cloud,41.3,33.2,0.0,0.0,0.0,0.0,11.2,12.57,0,0,0
fifth-meyran,2024-03-30,2024,3,63,rain,42.9,31.6,0.634,0.634,0.0,11.0,12.9,12.62,1,0,1
fifth-meyran,2024-03-31,2024,3,3,cloud,49.0,41.0,0.0,0.0,0.0,0.0,5.4,12.66,0,0,0
fifth-meyran,2024-04-01,2024,4,63,rain,53.1,44.7,0.591,0.591,0.0,10.0,8.4,12.71,1,0,0
fifth-meyran,2024-04-02,2024,4,63,rain,58.7,51.4,1.539,1.539,0.0,20.0,13.9,12.75,1,0,0
fifth-meyran,2024-04-03,2024,4,73,snow,48.3,36.1,1.752,1.736,0.11,15.0,17.6,12.79,1,1,0
fifth-meyran,2024-04-04,2024,4,73,snow,38.8,34.4,0.24,0.13,0.772,14.0,9.1,12.84,1,1,0
fifth-meyran,2024-04-05,2024,4,53,rain,38.7,35.8,0.039,0.039,0.0,5.0,16.8,12.88,1,0,0
fifth-meyran,2024-04-06,2024,4,51,rain,42.2,33.8,0.004,0.004,0.0,1.0,12.3,12.93,0,0,0
fifth-meyran,2024-04-07,2024,4,3,cloud,44.8,29.8,0.0,0.0,0.0,0.0,6.1,12.97,0,0,1
fifth-meyran,2024-04-08,2024,4,51,rain,56.1,43.2,0.02,0.02,0.0,2.0,12.5,13.01,1,0,0
fifth-meyran,2024-04-09,2024,4,53,rain,59.3,48.1,0.055,0.055,0.0,3.0,10.1,13.06,1,0,0
fifth-meyran,2024-04-10,2024,4,53,rain,59.5,55.0,0.146,0.146,0.0,16.0,8.0,13.1,1,0,0
fifth-meyran,2024-04-11,2024,4,65,rain,61.7,56.8,2.445,2.445,0.0,17.0,13.2,13.14,1,0,0
fifth-meyran,2024-04-12,2024,4,63,rain,50.3,45.0,1.063,1.063,0.0,24.0,22.6,13.19,1,0,0
fifth-meyran,2024-04-13,2024,4,53,rain,49.7,43.2,0.039,0.039,0.0,2.0,20.1,13.23,1,0,0
fifth-meyran,2024-04-14,2024,4,65,rain,58.5,41.7,0.685,0.685,0.0,3.0,18.0,13.27,1,0,0
fifth-meyran,2024-04-15,2024,4,61,rain,61.1,51.2,0.11,0.11,0.0,3.0,8.9,13.32,1,0,0
fifth-meyran,2024-04-16,2024,4,3,cloud,58.9,42.6,0.0,0.0,0.0,0.0,6.4,13.36,0,0,0
fifth-meyran,2024-04-17,2024,4,61,rain,63.3,55.6,0.252,0.252,0.0,6.0,15.1,13.4,1,0,0
fifth-meyran,2024-04-18,2024,4,51,rain,60.8,54.6,0.004,0.004,0.0,1.0,11.1,13.44,0,0,0
fifth-meyran,2024-04-19,2024,4,61,rain,59.1,51.6,0.177,0.177,0.0,6.0,14.0,13.48,1,0,0
fifth-meyran,2024-04-20,2024,4,51,rain,49.6,39.8,0.004,0.004,0.0,1.0,17.7,13.53,0,0,0
fifth-meyran,2024-04-21,2024,4,3,cloud,42.2,37.0,0.0,0.0,0.0,0.0,10.8,13.57,0,0,0
fifth-meyran,2024-04-22,2024,4,3,cloud,46.4,34.3,0.0,0.0,0.0,0.0,7.1,13.61,0,0,0
fifth-meyran,2024-04-23,2024,4,51,rain,52.4,39.7,0.02,0.02,0.0,2.0,14.0,13.65,1,0,0
fifth-meyran,2024-04-24,2024,4,51,rain,51.5,41.4,0.047,0.047,0.0,8.0,13.1,13.69,1,0,0
fifth-meyran,2024-04-25,2024,4,51,rain,44.8,35.4,0.008,0.008,0.0,2.0,7.2,13.73,0,0,0
fifth-meyran,2024-04-26,2024,4,3,cloud,53.0,38.3,0.0,0.0,0.0,0.0,13.4,13.77,0,0,0
fifth-meyran,2024-04-27,2024,4,63,rain,61.2,49.6,0.465,0.465,0.0,6.0,12.5,13.81,1,0,0
fifth-meyran,2024-04-28,2024,4,51,rain,67.6,57.1,0.012,0.012,0.0,3.0,12.0,13.85,1,0,0
fifth-meyran,2024-04-29,2024,4,3,cloud,70.0,59.5,0.0,0.0,0.0,0.0,11.2,13.89,0,0,0
fifth-meyran,2024-04-30,2024,4,53,rain,62.7,56.3,0.098,0.098,0.0,9.0,9.1,13.92,1,0,0
fifth-meyran,2024-05-01,2024,5,3,cloud,62.8,46.9,0.0,0.0,0.0,0.0,8.7,13.96,0,0,0
fifth-meyran,2024-05-02,2024,5,3,cloud,67.8,55.8,0.0,0.0,0.0,0.0,8.0,14.0,0,0,0
fifth-meyran,2024-05-03,2024,5,63,rain,66.5,55.0,0.354,0.354,0.0,7.0,10.6,14.04,1,0,0
fifth-meyran,2024-05-04,2024,5,61,rain,63.2,56.0,0.339,0.339,0.0,18.0,12.1,14.08,1,0,0
fifth-meyran,2024-05-05,2024,5,65,rain,63.4,55.2,0.965,0.965,0.0,20.0,9.6,14.11,1,0,0
fifth-meyran,2024-05-06,2024,5,51,rain,64.6,58.4,0.039,0.039,0.0,8.0,4.7,14.15,1,0,0
fifth-meyran,2024-05-07,2024,5,63,rain,65.4,53.7,0.398,0.398,0.0,5.0,7.2,14.18,1,0,0
fifth-meyran,2024-05-08,2024,5,63,rain,69.9,61.4,0.122,0.122,0.0,4.0,14.2,14.22,1,0,0
fifth-meyran,2024-05-09,2024,5,63,rain,58.6,52.1,0.736,0.736,0.0,11.0,12.9,14.25,1,0,0
fifth-meyran,2024-05-10,2024,5,61,rain,53.7,47.5,0.134,0.134,0.0,8.0,11.7,14.29,1,0,0
fifth-meyran,2024-05-11,2024,5,61,rain,51.3,44.4,0.291,0.291,0.0,9.0,11.9,14.32,1,0,0
fifth-meyran,2024-05-12,2024,5,51,rain,53.9,45.3,0.028,0.028,0.0,5.0,13.0,14.35,1,0,0
fifth-meyran,2024-05-13,2024,5,3,cloud,61.4,46.9,0.0,0.0,0.0,0.0,8.9,14.39,0,0,0
fifth-meyran,2024-05-14,2024,5,53,rain,62.9,55.3,0.075,0.075,0.0,7.0,8.6,14.42,1,0,0
fifth-meyran,2024-05-15,2024,5,63,rain,64.6,57.5,0.287,0.287,0.0,11.0,7.8,14.45,1,0,0
fifth-meyran,2024-05-16,2024,5,51,rain,65.0,54.9,0.028,0.028,0.0,5.0,5.2,14.48,1,0,0
fifth-meyran,2024-05-17,2024,5,63,rain,62.2,57.6,0.598,0.598,0.0,15.0,9.0,14.51,1,0,0
fifth-meyran,2024-05-18,2024,5,53,rain,66.4,57.8,0.083,0.083,0.0,8.0,5.5,14.54,1,0,0
fifth-meyran,2024-05-19,2024,5,1,clear,68.5,54.6,0.0,0.0,0.0,0.0,5.9,14.57,0,0,0
fifth-meyran,2024-05-20,2024,5,3,cloud,70.2,56.3,0.0,0.0,0.0,0.0,5.5,14.6,0,0,0
fifth-meyran,2024-05-21,2024,5,3,cloud,72.5,60.4,0.0,0.0,0.0,0.0,6.2,14.63,0,0,0
fifth-meyran,2024-05-22,2024,5,63,rain,71.1,62.2,0.358,0.358,0.0,5.0,14.2,14.65,1,0,0
fifth-meyran,2024-05-23,2024,5,61,rain,70.1,63.6,0.067,0.067,0.0,4.0,10.1,14.68,1,0,0
fifth-meyran,2024-05-24,2024,5,51,rain,69.2,59.1,0.016,0.016,0.0,4.0,6.5,14.71,1,0,0
fifth-meyran,2024-05-25,2024,5,61,rain,68.7,61.5,0.118,0.118,0.0,5.0,12.0,14.73,1,0,0
fifth-meyran,2024-05-26,2024,5,61,rain,69.8,59.8,0.138,0.138,0.0,8.0,11.6,14.75,1,0,0
fifth-meyran,2024-05-27,2024,5,63,rain,68.7,63.1,0.437,0.437,0.0,11.0,16.5,14.78,1,0,0
fifth-meyran,2024-05-28,2024,5,61,rain,63.6,57.4,0.106,0.106,0.0,5.0,13.7,14.8,1,0,0
fifth-meyran,2024-05-29,2024,5,63,rain,57.9,52.0,0.551,0.551,0.0,12.0,8.2,14.82,1,0,0
fifth-meyran,2024-05-30,2024,5,1,clear,57.6,49.3,0.0,0.0,0.0,0.0,10.7,14.84,0,0,0
fifth-meyran,2024-05-31,2024,5,0,clear,59.4,46.0,0.0,0.0,0.0,0.0,4.8,14.86,0,0,0
fifth-meyran,2024-06-01,2024,6,3,cloud,64.4,50.3,0.0,0.0,0.0,0.0,6.0,14.88,0,0,0
fifth-meyran,2024-06-02,2024,6,53,rain,64.5,59.9,0.063,0.063,0.0,6.0,9.8,14.9,1,0,0
fifth-meyran,2024-06-03,2024,6,51,rain,69.1,59.0,0.047,0.047,0.0,6.0,4.8,14.92,1,0,0
fifth-meyran,2024-06-04,2024,6,3,cloud,72.9,60.4,0.0,0.0,0.0,0.0,6.9,14.93,0,0,0
fifth-meyran,2024-06-05,2024,6,63,rain,70.4,66.1,0.602,0.602,0.0,12.0,8.1,14.95,1,0,0
fifth-meyran,2024-06-06,2024,6,63,rain,70.8,64.9,0.346,0.346,0.0,10.0,12.3,14.96,1,0,0
fifth-meyran,2024-06-07,2024,6,51,rain,65.3,57.6,0.004,0.004,0.0,1.0,15.6,14.98,0,0,0
fifth-meyran,2024-06-08,2024,6,3,cloud,66.2,53.8,0.0,0.0,0.0,0.0,10.3,14.99,0,0,0
fifth-meyran,2024-06-09,2024,6,55,rain,66.4,59.3,0.102,0.102,0.0,4.0,12.9,15.0,1,0,0
fifth-meyran,2024-06-10,2024,6,3,cloud,59.6,52.3,0.0,0.0,0.0,0.0,10.2,15.01,0,0,0
fifth-meyran,2024-06-11,2024,6,3,cloud,59.9,49.2,0.0,0.0,0.0,0.0,5.8,15.02,0,0,0
fifth-meyran,2024-06-12,2024,6,3,cloud,66.8,53.1,0.0,0.0,0.0,0.0,6.8,15.03,0,0,0
fifth-meyran,2024-06-13,2024,6,2,cloud,71.9,56.9,0.0,0.0,0.0,0.0,7.0,15.04,0,0,0
fifth-meyran,2024-06-14,2024,6,63,rain,70.9,64.2,0.409,0.409,0.0,4.0,10.1,15.04,1,0,0
fifth-meyran,2024-06-15,2024,6,3,cloud,66.5,53.4,0.0,0.0,0.0,0.0,6.4,15.05,0,0,0
fifth-meyran,2024-06-16,2024,6,3,cloud,72.4,55.8,0.0,0.0,0.0,0.0,9.1,15.06,0,0,0
fifth-meyran,2024-06-17,2024,6,51,rain,78.5,65.3,0.02,0.02,0.0,2.0,7.7,15.06,1,0,0
fifth-meyran,2024-06-18,2024,6,63,rain,77.6,69.3,0.122,0.122,0.0,2.0,5.9,15.06,1,0,0
fifth-meyran,2024-06-19,2024,6,51,rain,80.5,71.6,0.008,0.008,0.0,2.0,6.4,15.06,0,0,0
fifth-meyran,2024-06-20,2024,6,3,cloud,79.9,70.0,0.0,0.0,0.0,0.0,4.3,15.07,0,0,0
fifth-meyran,2024-06-21,2024,6,51,rain,81.1,68.6,0.004,0.004,0.0,1.0,8.0,15.06,0,0,0
fifth-meyran,2024-06-22,2024,6,51,rain,82.7,71.4,0.004,0.004,0.0,1.0,8.5,15.06,0,0,0
fifth-meyran,2024-06-23,2024,6,61,rain,78.2,71.4,0.154,0.154,0.0,9.0,17.4,15.06,1,0,0
fifth-meyran,2024-06-24,2024,6,3,cloud,71.6,64.9,0.0,0.0,0.0,0.0,10.1,15.06,0,0,0
fifth-meyran,2024-06-25,2024,6,3,cloud,73.6,60.2,0.0,0.0,0.0,0.0,11.4,15.05,0,0,0
fifth-meyran,2024-06-26,2024,6,63,rain,74.4,68.5,0.441,0.441,0.0,10.0,12.7,15.05,1,0,0
fifth-meyran,2024-06-27,2024,6,53,rain,71.0,64.2,0.063,0.063,0.0,5.0,8.1,15.04,1,0,0
fifth-meyran,2024-06-28,2024,6,3,cloud,72.3,57.8,0.0,0.0,0.0,0.0,12.5,15.03,0,0,0
fifth-meyran,2024-06-29,2024,6,63,rain,77.6,73.1,0.236,0.236,0.0,6.0,14.7,15.02,1,0,0
fifth-meyran,2024-06-30,2024,6,63,rain,73.6,60.5,0.382,0.382,0.0,8.0,15.4,15.02,1,0,0
fifth-meyran,2024-07-01,2024,7,1,clear,64.2,53.9,0.0,0.0,0.0,0.0,10.5,15.0,0,0,0
fifth-meyran,2024-07-02,2024,7,3,cloud,70.0,56.3,0.0,0.0,0.0,0.0,8.4,14.99,0,0,0
fifth-meyran,2024-07-03,2024,7,51,rain,77.9,65.5,0.02,0.02,0.0,3.0,12.9,14.98,1,0,0
fifth-meyran,2024-07-04,2024,7,63,rain,76.5,71.0,0.429,0.429,0.0,15.0,7.8,14.97,1,0,0
fifth-meyran,2024-07-05,2024,7,63,rain,77.9,70.3,0.323,0.323,0.0,13.0,10.2,14.95,1,0,0
fifth-meyran,2024-07-06,2024,7,65,rain,76.3,69.6,0.492,0.492,0.0,9.0,10.4,14.94,1,0,0
fifth-meyran,2024-07-07,2024,7,3,cloud,75.4,64.2,0.0,0.0,0.0,0.0,5.9,14.92,0,0,0
fifth-meyran,2024-07-08,2024,7,3,cloud,77.7,66.7,0.0,0.0,0.0,0.0,7.6,14.91,0,0,0
fifth-meyran,2024-07-09,2024,7,3,cloud,79.5,68.7,0.0,0.0,0.0,0.0,7.2,14.89,0,0,0
fifth-meyran,2024-07-10,2024,7,51,rain,79.7,68.0,0.016,0.016,0.0,2.0,19.6,14.87,1,0,0
fifth-meyran,2024-07-11,2024,7,51,rain,72.5,67.3,0.008,0.008,0.0,2.0,13.5,14.85,0,0,0
fifth-meyran,2024-07-12,2024,7,2,cloud,75.2,63.5,0.0,0.0,0.0,0.0,5.1,14.83,0,0,0
fifth-meyran,2024-07-13,2024,7,51,rain,79.5,66.8,0.012,0.012,0.0,3.0,4.7,14.81,1,0,0
fifth-meyran,2024-07-14,2024,7,3,cloud,81.3,69.6,0.0,0.0,0.0,0.0,10.3,14.79,0,0,0
fifth-meyran,2024-07-15,2024,7,61,rain,77.0,68.3,0.256,0.256,0.0,8.0,16.7,14.77,1,0,0
fifth-meyran,2024-07-16,2024,7,51,rain,80.0,71.2,0.004,0.004,0.0,1.0,15.8,14.74,0,0,0
fifth-meyran,2024-07-17,2024,7,63,rain,73.4,68.7,0.807,0.807,0.0,13.0,8.6,14.72,1,0,0
fifth-meyran,2024-07-18,2024,7,3,cloud,71.4,65.1,0.0,0.0,0.0,0.0,9.9,14.69,0,0,0
fifth-meyran,2024-07-19,2024,7,3,cloud,69.5,57.8,0.0,0.0,0.0,0.0,5.9,14.67,0,0,0
fifth-meyran,2024-07-20,2024,7,3,cloud,73.5,62.3,0.0,0.0,0.0,0.0,6.6,14.64,0,0,0
fifth-meyran,2024-07-21,2024,7,3,cloud,72.7,61.3,0.0,0.0,0.0,0.0,5.3,14.61,0,0,0
fifth-meyran,2024-07-22,2024,7,53,rain,71.9,65.8,0.02,0.02,0.0,1.0,8.2,14.58,1,0,0
fifth-meyran,2024-07-23,2024,7,63,rain,72.9,63.7,0.154,0.154,0.0,2.0,6.1,14.56,1,0,0
fifth-meyran,2024-07-24,2024,7,53,rain,73.9,66.1,0.083,0.083,0.0,6.0,12.2,14.53,1,0,0
fifth-meyran,2024-07-25,2024,7,53,rain,72.0,64.4,0.055,0.055,0.0,6.0,7.2,14.5,1,0,0
fifth-meyran,2024-07-26,2024,7,3,cloud,70.1,58.9,0.0,0.0,0.0,0.0,6.5,14.47,0,0,0
fifth-meyran,2024-07-27,2024,7,2,cloud,73.1,60.3,0.0,0.0,0.0,0.0,6.2,14.44,0,0,0
fifth-meyran,2024-07-28,2024,7,0,clear,76.1,62.6,0.0,0.0,0.0,0.0,6.3,14.4,0,0,0
fifth-meyran,2024-07-29,2024,7,65,rain,74.0,64.9,0.839,0.839,0.0,5.0,12.8,14.37,1,0,0
fifth-meyran,2024-07-30,2024,7,65,rain,72.3,67.9,1.378,1.378,0.0,19.0,9.6,14.34,1,0,0
fifth-meyran,2024-07-31,2024,7,51,rain,77.9,67.6,0.047,0.047,0.0,7.0,8.5,14.31,1,0,0
fifth-meyran,2024-08-01,2024,8,51,rain,79.0,69.7,0.008,0.008,0.0,2.0,7.6,14.28,0,0,0
fifth-meyran,2024-08-02,2024,8,63,rain,76.3,70.4,0.488,0.488,0.0,14.0,10.3,14.24,1,0,0
fifth-meyran,2024-08-03,2024,8,63,rain,72.4,68.8,0.453,0.453,0.0,15.0,7.0,14.21,1,0,0
fifth-meyran,2024-08-04,2024,8,51,rain,75.4,67.0,0.004,0.004,0.0,1.0,5.9,14.17,0,0,0
fifth-meyran,2024-08-05,2024,8,3,cloud,77.9,66.7,0.0,0.0,0.0,0.0,7.9,14.14,0,0,0
fifth-meyran,2024-08-06,2024,8,65,rain,75.3,68.4,0.665,0.665,0.0,8.0,5.9,14.1,1,0,0
fifth-meyran,2024-08-07,2024,8,63,rain,73.0,67.6,0.516,0.516,0.0,15.0,9.5,14.06,1,0,0
fifth-meyran,2024-08-08,2024,8,63,rain,74.7,68.5,0.205,0.205,0.0,4.0,10.9,14.03,1,0,0
fifth-meyran,2024-08-09,2024,8,53,rain,75.3,70.2,0.142,0.142,0.0,12.0,13.7,13.99,1,0,0
fifth-meyran,2024-08-10,2024,8,3,cloud,69.2,61.7,0.0,0.0,0.0,0.0,10.0,13.95,0,0,0
fifth-meyran,2024-08-11,2024,8,3,cloud,66.7,57.9,0.0,0.0,0.0,0.0,11.2,13.91,0,0,0
fifth-meyran,2024-08-12,2024,8,51,rain,67.1,58.1,0.004,0.004,0.0,1.0,10.8,13.88,0,0,0
fifth-meyran,2024-08-13,2024,8,3,cloud,67.1,56.2,0.0,0.0,0.0,0.0,6.4,13.84,0,0,0
fifth-meyran,2024-08-14,2024,8,0,clear,69.3,58.5,0.0,0.0,0.0,0.0,5.7,13.8,0,0,0
fifth-meyran,2024-08-15,2024,8,3,cloud,71.3,59.1,0.0,0.0,0.0,0.0,5.5,13.76,0,0,0
fifth-meyran,2024-08-16,2024,8,53,rain,72.9,68.1,0.039,0.039,0.0,3.0,10.7,13.72,1,0,0
fifth-meyran,2024-08-17,2024,8,65,rain,73.2,67.3,0.433,0.433,0.0,9.0,12.4,13.68,1,0,0
fifth-meyran,2024-08-18,2024,8,53,rain,71.1,65.4,0.059,0.059,0.0,6.0,9.8,13.64,1,0,0
fifth-meyran,2024-08-19,2024,8,51,rain,67.4,62.1,0.047,0.047,0.0,8.0,14.1,13.6,1,0,0
fifth-meyran,2024-08-20,2024,8,51,rain,61.8,56.7,0.008,0.008,0.0,2.0,12.0,13.56,0,0,0
fifth-meyran,2024-08-21,2024,8,3,cloud,60.0,51.2,0.0,0.0,0.0,0.0,9.6,13.52,0,0,0
fifth-meyran,2024-08-22,2024,8,3,cloud,62.8,52.0,0.0,0.0,0.0,0.0,4.2,13.48,0,0,0
fifth-meyran,2024-08-23,2024,8,3,cloud,66.4,54.3,0.0,0.0,0.0,0.0,5.4,13.44,0,0,0
fifth-meyran,2024-08-24,2024,8,3,cloud,70.2,57.7,0.0,0.0,0.0,0.0,4.5,13.4,0,0,0
fifth-meyran,2024-08-25,2024,8,55,rain,72.7,59.5,0.075,0.075,0.0,5.0,5.7,13.36,1,0,0
fifth-meyran,2024-08-26,2024,8,53,rain,74.0,63.9,0.059,0.059,0.0,5.0,5.7,13.31,1,0,0
fifth-meyran,2024-08-27,2024,8,51,rain,77.8,67.5,0.035,0.035,0.0,5.0,9.5,13.27,1,0,0
fifth-meyran,2024-08-28,2024,8,53,rain,78.2,69.3,0.024,0.024,0.0,1.0,8.8,13.23,1,0,0
fifth-meyran,2024-08-29,2024,8,65,rain,76.1,68.7,0.819,0.819,0.0,5.0,4.6,13.19,1,0,0
fifth-meyran,2024-08-30,2024,8,63,rain,76.6,68.3,0.22,0.22,0.0,3.0,12.1,13.14,1,0,0
fifth-meyran,2024-08-31,2024,8,65,rain,74.6,69.4,0.693,0.693,0.0,9.0,9.2,13.1,1,0,0
fifth-meyran,2024-09-01,2024,9,51,rain,73.9,65.9,0.004,0.004,0.0,1.0,11.8,13.06,0,0,0
fifth-meyran,2024-09-02,2024,9,51,rain,64.0,55.6,0.008,0.008,0.0,1.0,9.6,13.01,0,0,0
fifth-meyran,2024-09-03,2024,9,0,clear,61.1,49.9,0.0,0.0,0.0,0.0,7.3,12.97,0,0,0
fifth-meyran,2024-09-04,2024,9,0,clear,64.7,53.5,0.0,0.0,0.0,0.0,7.1,12.93,0,0,0
fifth-meyran,2024-09-05,2024,9,0,clear,66.4,55.5,0.0,0.0,0.0,0.0,7.8,12.88,0,0,0
fifth-meyran,2024-09-06,2024,9,63,rain,68.7,56.2,0.398,0.398,0.0,6.0,8.9,12.84,1,0,0
fifth-meyran,2024-09-07,2024,9,63,rain,60.5,54.0,0.469,0.469,0.0,11.0,13.4,12.8,1,0,0
fifth-meyran,2024-09-08,2024,9,1,clear,57.1,46.9,0.0,0.0,0.0,0.0,9.7,12.76,0,0,0
fifth-meyran,2024-09-09,2024,9,3,cloud,61.7,49.8,0.0,0.0,0.0,0.0,9.6,12.71,0,0,0
fifth-meyran,2024-09-10,2024,9,3,cloud,67.9,57.7,0.0,0.0,0.0,0.0,7.0,12.67,0,0,0
fifth-meyran,2024-09-11,2024,9,3,cloud,69.1,55.7,0.0,0.0,0.0,0.0,6.0,12.63,0,0,0
fifth-meyran,2024-09-12,2024,9,3,cloud,70.3,59.4,0.0,0.0,0.0,0.0,9.0,12.58,0,0,0
fifth-meyran,2024-09-13,2024,9,3,cloud,69.2,57.9,0.0,0.0,0.0,0.0,8.1,12.54,0,0,0
fifth-meyran,2024-09-14,2024,9,0,clear,70.6,59.8,0.0,0.0,0.0,0.0,8.3,12.49,0,0,0
fifth-meyran,2024-09-15,2024,9,0,clear,70.5,60.2,0.0,0.0,0.0,0.0,9.5,12.45,0,0,0
fifth-meyran,2024-09-16,2024,9,3,cloud,67.7,59.4,0.0,0.0,0.0,0.0,9.0,12.41,0,0,0
fifth-meyran,2024-09-17,2024,9,3,cloud,68.3,59.4,0.0,0.0,0.0,0.0,9.8,12.36,0,0,0
fifth-meyran,2024-09-18,2024,9,53,rain,68.1,63.1,0.11,0.11,0.0,9.0,8.5,12.32,1,0,0
fifth-meyran,2024-09-19,2024,9,51,rain,70.7,62.1,0.004,0.004,0.0,1.0,7.0,12.27,0,0,0
fifth-meyran,2024-09-20,2024,9,3,cloud,70.7,58.8,0.0,0.0,0.0,0.0,5.3,12.23,0,0,0
fifth-meyran,2024-09-21,2024,9,63,rain,71.4,64.4,0.224,0.224,0.0,6.0,9.7,12.18,1,0,0
fifth-meyran,2024-09-22,2024,9,3,cloud,70.1,59.9,0.0,0.0,0.0,0.0,8.2,12.14,0,0,0
fifth-meyran,2024-09-23,2024,9,61,rain,70.4,65.0,0.264,0.264,0.0,12.0,10.0,12.09,1,0,0
fifth-meyran,2024-09-24,2024,9,63,rain,67.3,64.0,0.921,0.921,0.0,16.0,12.2,12.05,1,0,0
fifth-meyran,2024-09-25,2024,9,63,rain,67.3,63.4,1.047,1.047,0.0,15.0,11.0,12.01,1,0,0
fifth-meyran,2024-09-26,2024,9,61,rain,68.6,64.4,0.205,0.205,0.0,11.0,5.1,11.96,1,0,0
fifth-meyran,2024-09-27,2024,9,63,rain,69.2,66.2,0.343,0.343,0.0,13.0,14.9,11.92,1,0,0
fifth-meyran,2024-09-28,2024,9,61,rain,70.1,67.2,0.386,0.386,0.0,15.0,10.9,11.87,1,0,0
fifth-meyran,2024-09-29,2024,9,55,rain,66.7,64.3,0.236,0.236,0.0,18.0,8.0,11.83,1,0,0
fifth-meyran,2024-09-30,2024,9,61,rain,64.0,62.2,0.398,0.398,0.0,24.0,8.6,11.79,1,0,0
fifth-meyran,2024-10-01,2024,10,53,rain,64.0,61.5,0.197,0.197,0.0,16.0,6.3,11.74,1,0,0
fifth-meyran,2024-10-02,2024,10,51,rain,61.2,54.8,0.012,0.012,0.0,2.0,10.2,11.7,1,0,0
fifth-meyran,2024-10-03,2024,10,3,cloud,60.2,49.6,0.0,0.0,0.0,0.0,5.3,11.65,0,0,0
fifth-meyran,2024-10-04,2024,10,3,cloud,63.8,53.2,0.0,0.0,0.0,0.0,8.7,11.61,0,0,0
fifth-meyran,2024-10-05,2024,10,0,clear,60.5,52.9,0.0,0.0,0.0,0.0,5.4,11.57,0,0,0
fifth-meyran,2024-10-06,2024,10,65,rain,63.8,50.6,0.886,0.886,0.0,4.0,12.1,11.52,1,0,0
fifth-meyran,2024-10-07,2024,10,3,cloud,56.9,49.6,0.0,0.0,0.0,0.0,9.6,11.48,0,0,0
fifth-meyran,2024-10-08,2024,10,3,cloud,54.1,45.4,0.0,0.0,0.0,0.0,11.3,11.43,0,0,0
fifth-meyran,2024-10-09,2024,10,3,cloud,53.9,47.0,0.0,0.0,0.0,0.0,11.0,11.39,0,0,0
fifth-meyran,2024-10-10,2024,10,1,clear,49.9,42.0,0.0,0.0,0.0,0.0,7.2,11.35,0,0,0
fifth-meyran,2024-10-11,2024,10,0,clear,52.6,40.6,0.0,0.0,0.0,0.0,7.5,11.3,0,0,0
fifth-meyran,2024-10-12,2024,10,53,rain,58.7,50.0,0.031,0.031,0.0,2.0,7.1,11.26,1,0,0
fifth-meyran,2024-10-13,2024,10,51,rain,64.3,57.0,0.008,0.008,0.0,1.0,16.7,11.21,0,0,0
fifth-meyran,2024-10-14,2024,10,51,rain,50.0,43.3,0.028,0.028,0.0,3.0,19.8,11.17,1,0,0
fifth-meyran,2024-10-15,2024,10,53,rain,44.5,40.7,0.047,0.047,0.0,6.0,11.5,11.13,1,0,0
fifth-meyran,2024-10-16,2024,10,51,rain,44.8,38.9,0.02,0.02,0.0,4.0,11.4,11.09,1,0,0
fifth-meyran,2024-10-17,2024,10,3,cloud,47.9,39.9,0.0,0.0,0.0,0.0,7.3,11.04,0,0,0
fifth-meyran,2024-10-18,2024,10,0,clear,49.2,38.3,0.0,0.0,0.0,0.0,5.9,11.0,0,0,0
fifth-meyran,2024-10-19,2024,10,0,clear,51.2,36.3,0.0,0.0,0.0,0.0,5.3,10.96,0,0,0
fifth-meyran,2024-10-20,2024,10,0,clear,53.7,39.8,0.0,0.0,0.0,0.0,5.8,10.92,0,0,0
fifth-meyran,2024-10-21,2024,10,0,clear,57.6,45.0,0.0,0.0,0.0,0.0,6.0,10.88,0,0,0
fifth-meyran,2024-10-22,2024,10,3,cloud,60.1,46.3,0.0,0.0,0.0,0.0,6.4,10.83,0,0,0
fifth-meyran,2024-10-23,2024,10,61,rain,61.3,52.7,0.083,0.083,0.0,1.0,11.1,10.79,1,0,0
fifth-meyran,2024-10-24,2024,10,3,cloud,50.8,43.1,0.0,0.0,0.0,0.0,8.9,10.75,0,0,0
fifth-meyran,2024-10-25,2024,10,3,cloud,51.9,38.4,0.0,0.0,0.0,0.0,8.9,10.71,0,0,0
fifth-meyran,2024-10-26,2024,10,3,cloud,53.2,44.4,0.0,0.0,0.0,0.0,10.7,10.67,0,0,0
fifth-meyran,2024-10-27,2024,10,3,cloud,44.2,36.6,0.0,0.0,0.0,0.0,6.6,10.63,0,0,0
fifth-meyran,2024-10-28,2024,10,3,cloud,47.8,36.0,0.0,0.0,0.0,0.0,5.9,10.59,0,0,0
fifth-meyran,2024-10-29,2024,10,55,rain,59.2,46.9,0.043,0.043,0.0,2.0,10.8,10.55,1,0,0
fifth-meyran,2024-10-30,2024,10,3,cloud,63.7,54.7,0.0,0.0,0.0,0.0,10.6,10.51,0,0,0
fifth-meyran,2024-10-31,2024,10,51,rain,67.8,58.4,0.004,0.004,0.0,1.0,16.5,10.47,0,0,0
fifth-meyran,2024-11-01,2024,11,3,cloud,56.4,45.4,0.0,0.0,0.0,0.0,13.8,10.43,0,0,0
fifth-meyran,2024-11-02,2024,11,2,cloud,47.6,40.7,0.0,0.0,0.0,0.0,6.3,10.39,0,0,0
fifth-meyran,2024-11-03,2024,11,3,cloud,48.5,37.0,0.0,0.0,0.0,0.0,9.2,10.35,0,0,0
fifth-meyran,2024-11-04,2024,11,3,cloud,56.7,46.7,0.0,0.0,0.0,0.0,9.5,10.31,0,0,0
fifth-meyran,2024-11-05,2024,11,51,rain,65.8,55.8,0.004,0.004,0.0,1.0,15.5,10.27,0,0,0
fifth-meyran,2024-11-06,2024,11,51,rain,66.2,63.2,0.028,0.028,0.0,4.0,13.0,10.24,1,0,0
fifth-meyran,2024-11-07,2024,11,3,cloud,57.7,48.2,0.0,0.0,0.0,0.0,7.4,10.2,0,0,0
fifth-meyran,2024-11-08,2024,11,1,clear,50.6,41.4,0.0,0.0,0.0,0.0,13.1,10.16,0,0,0
fifth-meyran,2024-11-09,2024,11,3,cloud,46.6,38.1,0.0,0.0,0.0,0.0,7.7,10.13,0,0,0
fifth-meyran,2024-11-10,2024,11,63,rain,52.0,46.6,0.941,0.941,0.0,14.0,13.1,10.09,1,0,0
fifth-meyran,2024-11-11,2024,11,55,rain,55.5,46.9,0.126,0.126,0.0,5.0,14.9,10.06,1,0,0
fifth-meyran,2024-11-12,2024,11,51,rain,45.3,38.3,0.004,0.004,0.0,1.0,10.8,10.02,0,0,0
fifth-meyran,2024-11-13,2024,11,3,cloud,41.3,31.8,0.0,0.0,0.0,0.0,9.0,9.99,0,0,1
fifth-meyran,2024-11-14,2024,11,61,rain,42.2,40.0,0.449,0.449,0.0,13.0,10.0,9.96,1,0,0
fifth-meyran,2024-11-15,2024,11,51,rain,47.8,43.9,0.012,0.012,0.0,3.0,8.5,9.92,1,0,0
fifth-meyran,2024-11-16,2024,11,3,cloud,47.5,44.0,0.0,0.0,0.0,0.0,9.2,9.89,0,0,0
fifth-meyran,2024-11-17,2024,11,3,cloud,44.5,36.9,0.0,0.0,0.0,0.0,5.7,9.86,0,0,0
fifth-meyran,2024-11-18,2024,11,3,cloud,53.4,46.1,0.0,0.0,0.0,0.0,6.6,9.83,0,0,0
fifth-meyran,2024-11-19,2024,11,51,rain,56.0,48.4,0.016,0.016,0.0,2.0,6.5,9.8,1,0,0
fifth-meyran,2024-11-20,2024,11,65,rain,54.5,40.6,0.634,0.634,0.0,11.0,16.3,9.77,1,0,0
fifth-meyran,2024-11-21,2024,11,73,snow,37.1,31.6,0.11,0.083,0.193,14.0,9.5,9.74,1,1,1
fifth-meyran,2024-11-22,2024,11,73,snow,35.8,31.9,0.469,0.374,0.661,17.0,17.4,9.71,1,1,1
fifth-meyran,2024-11-23,2024,11,53,rain,42.8,40.5,0.232,0.232,0.0,14.0,12.6,9.68,1,0,0
fifth-meyran,2024-11-24,2024,11,3,cloud,41.3,36.3,0.0,0.0,0.0,0.0,9.8,9.65,0,0,0
fifth-meyran,2024-11-25,2024,11,53,rain,42.4,34.7,0.079,0.079,0.0,5.0,6.2,9.63,1,0,0
fifth-meyran,2024-11-26,2024,11,63,rain,45.3,37.4,0.354,0.354,0.0,10.0,12.7,9.6,1,0,0
fifth-meyran,2024-11-27,2024,11,53,rain,38.9,33.3,0.024,0.024,0.0,2.0,6.5,9.58,1,0,0
fifth-meyran,2024-11-28,2024,11,61,rain,38.9,34.8,0.394,0.394,0.0,20.0,12.1,9.55,1,0,0
fifth-meyran,2024-11-29,2024,11,73,snow,30.9,25.9,0.024,0.0,0.165,3.0,12.9,9.53,0,1,1
fifth-meyran,2024-11-30,2024,11,3,cloud,24.4,21.6,0.0,0.0,0.0,0.0,12.3,9.51,0,0,1
fifth-meyran,2024-12-01,2024,12,3,cloud,26.7,22.2,0.0,0.0,0.0,0.0,10.5,9.49,0,0,1
fifth-meyran,2024-12-02,2024,12,71,snow,27.2,23.5,0.008,0.0,0.055,1.0,8.5,9.47,0,0,1
fifth-meyran,2024-12-03,2024,12,3,cloud,27.4,22.6,0.0,0.0,0.0,0.0,9.6,9.45,0,0,1
fifth-meyran,2024-12-04,2024,12,51,rain,30.0,22.6,0.024,0.024,0.0,4.0,14.4,9.43,1,0,1
fifth-meyran,2024-12-05,2024,12,73,snow,27.3,22.2,0.114,0.059,0.386,9.0,19.9,9.42,1,1,1
fifth-meyran,2024-12-06,2024,12,71,snow,26.1,21.6,0.004,0.0,0.028,1.0,11.5,9.4,0,0,1
fifth-meyran,2024-12-07,2024,12,3,cloud,30.3,25.1,0.0,0.0,0.0,0.0,12.4,9.38,0,0,1
fifth-meyran,2024-12-08,2024,12,3,cloud,42.2,37.0,0.0,0.0,0.0,0.0,14.4,9.37,0,0,0
fifth-meyran,2024-12-09,2024,12,63,rain,47.5,39.4,0.469,0.469,0.0,12.0,13.1,9.35,1,0,0
fifth-meyran,2024-12-10,2024,12,61,rain,49.9,43.5,0.236,0.236,0.0,9.0,9.6,9.34,1,0,0
fifth-meyran,2024-12-11,2024,12,73,snow,38.6,28.9,0.205,0.13,0.524,12.0,14.1,9.33,1,1,1
fifth-meyran,2024-12-12,2024,12,71,snow,22.8,19.9,0.004,0.0,0.028,1.0,16.1,9.32,0,0,1
fifth-meyran,2024-12-13,2024,12,71,snow,22.4,20.1,0.043,0.0,0.331,9.0,6.0,9.31,0,1,1
fifth-meyran,2024-12-14,2024,12,3,cloud,26.6,19.1,0.0,0.0,0.0,0.0,7.5,9.3,0,0,1
fifth-meyran,2024-12-15,2024,12,61,rain,33.9,29.2,0.307,0.307,0.0,13.0,9.5,9.3,1,0,1
fifth-meyran,2024-12-16,2024,12,61,rain,43.6,34.3,0.346,0.346,0.0,10.0,14.0,9.29,1,0,0
fifth-meyran,2024-12-17,2024,12,53,rain,46.0,39.6,0.039,0.039,0.0,3.0,16.0,9.29,1,0,0
fifth-meyran,2024-12-18,2024,12,71,snow,34.9,32.1,0.28,0.264,0.11,8.0,8.1,9.28,1,1,0
fifth-meyran,2024-12-19,2024,12,51,rain,33.6,30.5,0.004,0.004,0.0,1.0,8.3,9.28,0,0,1
fifth-meyran,2024-12-20,2024,12,73,snow,33.1,31.0,0.075,0.0,0.524,7.0,8.2,9.28,0,1,1
fifth-meyran,2024-12-21,2024,12,71,snow,26.1,23.3,0.035,0.0,0.248,8.0,11.2,9.28,0,1,1
fifth-meyran,2024-12-22,2024,12,71,snow,22.1,19.6,0.004,0.0,0.028,1.0,7.8,9.28,0,0,1
fifth-meyran,2024-12-23,2024,12,3,cloud,29.0,18.5,0.0,0.0,0.0,0.0,10.1,9.28,0,0,1
fifth-meyran,2024-12-24,2024,12,73,snow,35.6,33.4,0.094,0.024,0.496,7.0,7.9,9.29,1,1,0
fifth-meyran,2024-12-25,2024,12,3,cloud,34.5,31.5,0.0,0.0,0.0,0.0,4.2,9.29,0,0,1
fifth-meyran,2024-12-26,2024,12,3,cloud,37.9,33.4,0.0,0.0,0.0,0.0,6.5,9.3,0,0,0
fifth-meyran,2024-12-27,2024,12,51,rain,40.1,31.4,0.02,0.02,0.0,2.0,9.5,9.3,1,0,1
fifth-meyran,2024-12-28,2024,12,53,rain,52.2,47.3,0.047,0.047,0.0,7.0,10.5,9.31,1,0,0
fifth-meyran,2024-12-29,2024,12,61,rain,55.5,46.5,0.098,0.098,0.0,6.0,19.6,9.32,1,0,0
fifth-meyran,2024-12-30,2024,12,53,rain,43.7,39.5,0.075,0.075,0.0,6.0,16.1,9.33,1,0,0
fifth-meyran,2024-12-31,2024,12,73,snow,41.8,33.8,0.256,0.232,0.165,11.0,9.7,9.34,1,1,0
fifth-meyran,2025-01-01,2025,1,73,snow,35.6,29.1,0.114,0.075,0.276,14.0,15.7,9.35,1,1,1
fifth-meyran,2025-01-02,2025,1,3,cloud,28.3,26.1,0.0,0.0,0.0,0.0,14.8,9.36,0,0,1
fifth-meyran,2025-01-03,2025,1,73,snow,26.2,21.1,0.185,0.0,1.295,13.0,13.1,9.38,0,1,1
fifth-meyran,2025-01-04,2025,1,71,snow,20.4,16.9,0.024,0.0,0.165,6.0,15.1,9.39,0,1,1
fifth-meyran,2025-01-05,2025,1,3,cloud,16.8,10.7,0.0,0.0,0.0,0.0,9.1,9.41,0,0,1
fifth-meyran,2025-01-06,2025,1,73,snow,22.0,19.4,0.22,0.0,1.543,17.0,11.7,9.42,0,1,1
fifth-meyran,2025-01-07,2025,1,71,snow,21.1,16.2,0.012,0.004,0.055,3.0,12.9,9.44,0,0,1
fifth-meyran,2025-01-08,2025,1,71,snow,20.0,17.1,0.039,0.0,0.276,8.0,11.1,9.46,0,1,1
fifth-meyran,2025-01-09,2025,1,71,snow,16.2,8.4,0.012,0.0,0.083,3.0,10.7,9.48,0,0,1
fifth-meyran,2025-01-10,2025,1,73,snow,11.4,0.9,0.051,0.0,0.358,5.0,3.8,9.5,0,1,1
fifth-meyran,2025-01-11,2025,1,73,snow,22.7,18.9,0.134,0.004,0.909,18.0,9.6,9.52,0,1,1
fifth-meyran,2025-01-12,2025,1,3,cloud,24.6,15.8,0.0,0.0,0.0,0.0,7.8,9.54,0,0,1
fifth-meyran,2025-01-13,2025,1,3,cloud,28.8,18.4,0.0,0.0,0.0,0.0,12.6,9.57,0,0,1
fifth-meyran,2025-01-14,2025,1,73,snow,13.4,5.1,0.067,0.0,0.469,7.0,11.7,9.59,0,1,1
fifth-meyran,2025-01-15,2025,1,3,cloud,12.9,7.6,0.0,0.0,0.0,0.0,9.0,9.62,0,0,1
fifth-meyran,2025-01-16,2025,1,73,snow,20.4,9.1,0.126,0.0,0.882,13.0,10.7,9.65,0,1,1
fifth-meyran,2025-01-17,2025,1,71,snow,29.6,26.0,0.016,0.0,0.11,4.0,9.0,9.67,0,1,1
fifth-meyran,2025-01-18,2025,1,73,snow,33.7,28.4,0.146,0.114,0.22,12.0,10.5,9.7,1,1,1
fifth-meyran,2025-01-19,2025,1,73,snow,22.6,19.8,0.146,0.0,1.02,15.0,9.7,9.73,0,1,1
fifth-meyran,2025-01-20,2025,1,71,snow,10.1,2.5,0.039,0.0,0.276,7.0,10.5,9.76,0,1,1
fifth-meyran,2025-01-21,2025,1,71,snow,2.5,-7.2,0.004,0.0,0.028,1.0,8.4,9.79,0,0,1
fifth-meyran,2025-01-22,2025,1,3,cloud,-1.5,-15.0,0.0,0.0,0.0,0.0,5.9,9.82,0,0,1
fifth-meyran,2025-01-23,2025,1,71,snow,14.9,2.7,0.004,0.0,0.028,1.0,10.4,9.85,0,0,1
fifth-meyran,2025-01-24,2025,1,73,snow,17.9,10.1,0.02,0.0,0.138,2.0,7.2,9.88,0,1,1
fifth-meyran,2025-01-25,2025,1,3,cloud,18.9,2.3,0.0,0.0,0.0,0.0,13.2,9.91,0,0,1
fifth-meyran,2025-01-26,2025,1,3,cloud,29.3,22.1,0.0,0.0,0.0,0.0,12.4,9.95,0,0,1
fifth-meyran,2025-01-27,2025,1,3,cloud,23.7,11.8,0.0,0.0,0.0,0.0,14.0,9.98,0,0,1
fifth-meyran,2025-01-28,2025,1,73,snow,32.1,28.0,0.02,0.0,0.138,2.0,14.7,10.01,0,1,1
fifth-meyran,2025-01-29,2025,1,71,snow,36.2,31.7,0.008,0.004,0.028,2.0,16.6,10.05,0,0,1
fifth-meyran,2025-01-30,2025,1,3,cloud,32.9,20.4,0.0,0.0,0.0,0.0,8.6,10.08,0,0,1
fifth-meyran,2025-01-31,2025,1,63,rain,42.2,36.1,0.815,0.815,0.0,24.0,13.8,10.12,1,0,0
fifth-meyran,2025-02-01,2025,2,3,cloud,28.6,22.8,0.0,0.0,0.0,0.0,11.1,10.15,0,0,1
fifth-meyran,2025-02-02,2025,2,55,rain,32.5,22.5,0.114,0.114,0.0,6.0,10.3,10.19,1,0,1
fifth-meyran,2025-02-03,2025,2,3,cloud,44.5,31.2,0.0,0.0,0.0,0.0,10.7,10.23,0,0,1
fifth-meyran,2025-02-04,2025,2,51,rain,35.5,26.4,0.004,0.004,0.0,1.0,11.1,10.27,0,0,1
fifth-meyran,2025-02-05,2025,2,71,snow,27.9,23.4,0.035,0.028,0.055,1.0,8.7,10.31,1,0,1
fifth-meyran,2025-02-06,2025,2,71,snow,38.8,31.4,0.555,0.551,0.028,12.0,11.2,10.34,1,0,1
fifth-meyran,2025-02-07,2025,2,3,cloud,30.5,25.7,0.0,0.0,0.0,0.0,12.4,10.38,0,0,1
fifth-meyran,2025-02-08,2025,2,63,rain,30.3,23.9,0.693,0.693,0.0,7.0,10.1,10.42,1,0,1
fifth-meyran,2025-02-09,2025,2,3,cloud,30.9,28.1,0.0,0.0,0.0,0.0,12.8,10.46,0,0,1
fifth-meyran,2025-02-10,2025,2,3,cloud,28.8,25.3,0.0,0.0,0.0,0.0,8.8,10.5,0,0,1
fifth-meyran,2025-02-11,2025,2,73,snow,29.5,25.8,0.079,0.0,0.551,11.0,5.6,10.54,0,1,1
fifth-meyran,2025-02-12,2025,2,73,snow,32.0,29.1,0.091,0.051,0.276,15.0,10.5,10.58,1,1,1
fifth-meyran,2025-02-13,2025,2,71,snow,35.4,28.1,0.154,0.15,0.028,10.0,15.1,10.63,1,0,1
fifth-meyran,2025-02-14,2025,2,3,cloud,24.6,17.8,0.0,0.0,0.0,0.0,13.5,10.67,0,0,1
fifth-meyran,2025-02-15,2025,2,75,snow,33.4,25.9,0.677,0.429,1.736,19.0,9.0,10.71,1,1,1
fifth-meyran,2025-02-16,2025,2,75,snow,34.1,26.4,1.079,0.937,0.992,23.0,15.8,10.75,1,1,1
fifth-meyran,2025-02-17,2025,2,71,snow,21.8,15.1,0.024,0.0,0.165,4.0,17.3,10.79,0,1,1
fifth-meyran,2025-02-18,2025,2,3,cloud,12.4,7.8,0.0,0.0,0.0,0.0,9.9,10.83,0,0,1
fifth-meyran,2025-02-19,2025,2,3,cloud,15.1,10.5,0.0,0.0,0.0,0.0,6.7,10.87,0,0,1
fifth-meyran,2025-02-20,2025,2,71,snow,16.3,11.7,0.075,0.0,0.524,14.0,13.6,10.92,0,1,1
fifth-meyran,2025-02-21,2025,2,3,cloud,20.8,16.4,0.0,0.0,0.0,0.0,11.8,10.96,0,0,1
fifth-meyran,2025-02-22,2025,2,3,cloud,24.3,14.3,0.0,0.0,0.0,0.0,7.2,11.0,0,0,1
fifth-meyran,2025-02-23,2025,2,3,cloud,30.7,21.3,0.0,0.0,0.0,0.0,7.5,11.05,0,0,1
fifth-meyran,2025-02-24,2025,2,3,cloud,38.6,28.0,0.0,0.0,0.0,0.0,12.6,11.09,0,0,1
fifth-meyran,2025-02-25,2025,2,61,rain,42.6,36.1,0.142,0.142,0.0,7.0,9.7,11.13,1,0,0
fifth-meyran,2025-02-26,2025,2,61,rain,39.0,29.6,0.13,0.13,0.0,5.0,9.1,11.18,1,0,1
fifth-meyran,2025-02-27,2025,2,73,snow,41.6,35.2,0.421,0.409,0.083,12.0,14.7,11.22,1,0,0
fifth-meyran,2025-02-28,2025,2,73,snow,40.0,32.5,0.024,0.004,0.138,3.0,13.2,11.27,0,1,0
fifth-meyran,2025-03-01,2025,3,73,snow,32.8,20.6,0.063,0.039,0.165,6.0,14.1,11.31,1,1,1
fifth-meyran,2025-03-02,2025,3,3,cloud,23.3,17.5,0.0,0.0,0.0,0.0,11.0,11.36,0,0,1
fifth-meyran,2025-03-03,2025,3,3,cloud,29.1,20.0,0.0,0.0,0.0,0.0,5.0,11.4,0,0,1
fifth-meyran,2025-03-04,2025,3,3,cloud,46.7,33.6,0.0,0.0,0.0,0.0,11.0,11.44,0,0,0
fifth-meyran,2025-03-05,2025,3,63,rain,51.3,39.4,0.823,0.823,0.0,14.0,14.7,11.49,1,0,0
fifth-meyran,2025-03-06,2025,3,73,snow,33.3,31.2,0.024,0.0,0.165,4.0,18.4,11.53,0,1,1
fifth-meyran,2025-03-07,2025,3,71,snow,34.3,25.9,0.035,0.02,0.11,6.0,11.9,11.58,1,1,1
fifth-meyran,2025-03-08,2025,3,71,snow,31.8,28.3,0.008,0.0,0.055,2.0,10.8,11.62,0,0,1
fifth-meyran,2025-03-09,2025,3,3,cloud,39.1,27.6,0.0,0.0,0.0,0.0,10.0,11.66,0,0,1
fifth-meyran,2025-03-10,2025,3,0,clear,46.3,33.3,0.0,0.0,0.0,0.0,7.4,11.71,0,0,0
fifth-meyran,2025-03-11,2025,3,3,cloud,50.9,39.6,0.0,0.0,0.0,0.0,11.4,11.75,0,0,0
fifth-meyran,2025-03-12,2025,3,3,cloud,47.9,31.5,0.0,0.0,0.0,0.0,7.6,11.8,0,0,1
fifth-meyran,2025-03-13,2025,3,3,cloud,51.1,35.8,0.0,0.0,0.0,0.0,7.3,11.84,0,0,0
fifth-meyran,2025-03-14,2025,3,3,cloud,55.6,40.1,0.0,0.0,0.0,0.0,11.6,11.89,0,0,0
fifth-meyran,2025-03-15,2025,3,53,rain,60.1,49.6,0.028,0.028,0.0,2.0,13.0,11.93,1,0,0
fifth-meyran,2025-03-16,2025,3,63,rain,59.7,49.3,0.496,0.496,0.0,13.0,16.5,11.98,1,0,0
fifth-meyran,2025-03-17,2025,3,51,rain,39.0,34.0,0.012,0.012,0.0,3.0,10.5,12.02,1,0,0
fifth-meyran,2025-03-18,2025,3,2,cloud,45.7,31.4,0.0,0.0,0.0,0.0,9.5,12.07,0,0,1
fifth-meyran,2025-03-19,2025,3,3,cloud,59.5,46.4,0.0,0.0,0.0,0.0,12.9,12.11,0,0,0
fifth-meyran,2025-03-20,2025,3,61,rain,51.8,36.1,0.185,0.185,0.0,6.0,15.6,12.16,1,0,0
fifth-meyran,2025-03-21,2025,3,3,cloud,40.4,31.7,0.0,0.0,0.0,0.0,15.1,12.21,0,0,1
fifth-meyran,2025-03-22,2025,3,73,snow,43.3,33.9,0.091,0.071,0.138,6.0,16.2,12.25,1,1,0
fifth-meyran,2025-03-23,2025,3,63,rain,36.3,25.9,0.213,0.213,0.0,3.0,12.3,12.3,1,0,1
fifth-meyran,2025-03-24,2025,3,61,rain,47.3,42.3,0.189,0.189,0.0,4.0,18.9,12.34,1,0,0
fifth-meyran,2025-03-25,2025,3,3,cloud,41.2,32.0,0.0,0.0,0.0,0.0,13.5,12.38,0,0,1
fifth-meyran,2025-03-26,2025,3,71,snow,35.6,30.7,0.004,0.0,0.028,1.0,12.5,12.43,0,0,1
fifth-meyran,2025-03-27,2025,3,3,cloud,41.3,27.8,0.0,0.0,0.0,0.0,10.9,12.47,0,0,1
fifth-meyran,2025-03-28,2025,3,61,rain,53.3,43.7,0.161,0.161,0.0,7.0,12.7,12.52,1,0,0
fifth-meyran,2025-03-29,2025,3,3,cloud,65.4,59.6,0.0,0.0,0.0,0.0,12.5,12.56,0,0,0
fifth-meyran,2025-03-30,2025,3,55,rain,63.0,58.6,0.154,0.154,0.0,5.0,13.8,12.61,1,0,0
fifth-meyran,2025-03-31,2025,3,55,rain,56.2,40.6,0.134,0.134,0.0,8.0,14.0,12.65,1,0,0
fifth-meyran,2025-04-01,2025,4,3,cloud,39.3,33.5,0.0,0.0,0.0,0.0,11.5,12.69,0,0,0
fifth-meyran,2025-04-02,2025,4,63,rain,49.5,36.2,0.24,0.24,0.0,3.0,14.0,12.74,1,0,0
fifth-meyran,2025-04-03,2025,4,63,rain,64.9,56.1,0.642,0.642,0.0,10.0,18.2,12.78,1,0,0
fifth-meyran,2025-04-04,2025,4,63,rain,53.8,49.6,0.811,0.811,0.0,10.0,8.1,12.83,1,0,0
fifth-meyran,2025-04-05,2025,4,63,rain,61.2,52.3,0.783,0.783,0.0,17.0,12.9,12.87,1,0,0
fifth-meyran,2025-04-06,2025,4,63,rain,42.7,37.9,0.472,0.472,0.0,22.0,10.4,12.92,1,0,0
fifth-meyran,2025-04-07,2025,4,55,rain,41.1,32.8,0.197,0.197,0.0,8.0,13.9,12.96,1,0,0
fifth-meyran,2025-04-08,2025,4,71,snow,31.0,27.0,0.004,0.0,0.028,1.0,13.8,13.0,0,0,1
fifth-meyran,2025-04-09,2025,4,51,rain,37.6,28.1,0.008,0.008,0.0,1.0,4.2,13.05,0,0,1
fifth-meyran,2025-04-10,2025,4,55,rain,44.4,38.0,0.335,0.335,0.0,21.0,8.5,13.09,1,0,0
fifth-meyran,2025-04-11,2025,4,3,cloud,43.0,38.1,0.0,0.0,0.0,0.0,8.6,13.14,0,0,0
fifth-meyran,2025-04-12,2025,4,51,rain,42.1,37.7,0.012,0.012,0.0,3.0,8.6,13.18,1,0,0
fifth-meyran,2025-04-13,2025,4,3,cloud,46.2,33.5,0.0,0.0,0.0,0.0,5.2,13.22,0,0,0
fifth-meyran,2025-04-14,2025,4,3,cloud,58.9,46.9,0.0,0.0,0.0,0.0,10.9,13.26,0,0,0
fifth-meyran,2025-04-15,2025,4,71,snow,49.3,40.2,0.22,0.217,0.028,13.0,20.3,13.31,1,0,0
fifth-meyran,2025-04-16,2025,4,51,rain,42.3,37.9,0.012,0.012,0.0,3.0,13.9,13.35,1,0,0
fifth-meyran,2025-04-17,2025,4,3,cloud,45.4,31.9,0.0,0.0,0.0,0.0,4.5,13.39,0,0,1
fifth-meyran,2025-04-18,2025,4,3,cloud,62.2,45.2,0.0,0.0,0.0,0.0,14.0,13.43,0,0,0
fifth-meyran,2025-04-19,2025,4,51,rain,69.9,62.5,0.035,0.035,0.0,7.0,17.0,13.47,1,0,0
fifth-meyran,2025-04-20,2025,4,3,cloud,57.2,48.9,0.0,0.0,0.0,0.0,8.8,13.51,0,0,0
fifth-meyran,2025-04-21,2025,4,61,rain,65.0,56.3,0.154,0.154,0.0,6.0,15.1,13.55,1,0,0
fifth-meyran,2025-04-22,2025,4,53,rain,57.4,48.2,0.024,0.024,0.0,2.0,9.3,13.6,1,0,0
fifth-meyran,2025-04-23,2025,4,3,cloud,60.0,45.2,0.0,0.0,0.0,0.0,5.9,13.64,0,0,0
fifth-meyran,2025-04-24,2025,4,3,cloud,66.9,54.5,0.0,0.0,0.0,0.0,8.8,13.68,0,0,0
fifth-meyran,2025-04-25,2025,4,61,rain,63.9,59.9,0.748,0.748,0.0,15.0,10.6,13.72,1,0,0
fifth-meyran,2025-04-26,2025,4,63,rain,55.8,44.2,0.559,0.559,0.0,10.0,14.5,13.76,1,0,0
fifth-meyran,2025-04-27,2025,4,0,clear,49.4,39.1,0.0,0.0,0.0,0.0,10.6,13.8,0,0,0
fifth-meyran,2025-04-28,2025,4,3,cloud,57.5,41.7,0.0,0.0,0.0,0.0,6.3,13.84,0,0,0
fifth-meyran,2025-04-29,2025,4,51,rain,68.1,58.3,0.031,0.031,0.0,3.0,14.8,13.88,1,0,0
fifth-meyran,2025-04-30,2025,4,53,rain,58.7,45.3,0.067,0.067,0.0,3.0,10.7,13.92,1,0,0
fifth-meyran,2025-05-01,2025,5,65,rain,64.4,53.4,0.563,0.563,0.0,7.0,12.9,13.95,1,0,0
fifth-meyran,2025-05-02,2025,5,61,rain,65.2,59.1,0.228,0.228,0.0,10.0,12.9,13.99,1,0,0
fifth-meyran,2025-05-03,2025,5,61,rain,62.0,59.5,0.374,0.374,0.0,19.0,12.6,14.03,1,0,0
fifth-meyran,2025-05-04,2025,5,63,rain,61.8,57.3,1.126,1.126,0.0,16.0,7.3,14.07,1,0,0
fifth-meyran,2025-05-05,2025,5,63,rain,60.4,52.7,0.303,0.303,0.0,7.0,8.1,14.1,1,0,0
fifth-meyran,2025-05-06,2025,5,55,rain,55.2,50.5,0.217,0.217,0.0,16.0,10.7,14.14,1,0,0
fifth-meyran,2025-05-07,2025,5,51,rain,59.6,52.3,0.035,0.035,0.0,9.0,6.3,14.17,1,0,0
fifth-meyran,2025-05-08,2025,5,3,cloud,59.4,51.8,0.0,0.0,0.0,0.0,10.3,14.21,0,0,0
fifth-meyran,2025-05-09,2025,5,51,rain,51.4,46.8,0.016,0.016,0.0,2.0,11.0,14.24,1,0,0
fifth-meyran,2025-05-10,2025,5,3,cloud,56.8,42.2,0.0,0.0,0.0,0.0,6.4,14.28,0,0,0
fifth-meyran,2025-05-11,2025,5,3,cloud,62.9,49.6,0.0,0.0,0.0,0.0,6.1,14.31,0,0,0
fifth-meyran,2025-05-12,2025,5,53,rain,66.3,55.5,0.063,0.063,0.0,5.0,9.4,14.34,1,0,0
fifth-meyran,2025-05-13,2025,5,63,rain,64.0,61.3,0.752,0.752,0.0,21.0,10.9,14.38,1,0,0
fifth-meyran,2025-05-14,2025,5,51,rain,65.8,59.0,0.047,0.047,0.0,7.0,8.4,14.41,1,0,0
fifth-meyran,2025-05-15,2025,5,51,rain,68.7,57.0,0.004,0.004,0.0,1.0,5.2,14.44,0,0,0
fifth-meyran,2025-05-16,2025,5,63,rain,70.3,64.0,0.484,0.484,0.0,13.0,14.7,14.47,1,0,0
fifth-meyran,2025-05-17,2025,5,61,rain,67.0,60.1,0.146,0.146,0.0,9.0,19.2,14.5,1,0,0
fifth-meyran,2025-05-18,2025,5,51,rain,61.5,54.8,0.004,0.004,0.0,1.0,13.8,14.53,0,0,0
fifth-meyran,2025-05-19,2025,5,3,cloud,56.5,49.0,0.0,0.0,0.0,0.0,10.8,14.56,0,0,0
fifth-meyran,2025-05-20,2025,5,53,rain,55.3,46.0,0.087,0.087,0.0,3.0,9.6,14.59,1,0,0
fifth-meyran,2025-05-21,2025,5,65,rain,59.9,54.2,0.945,0.945,0.0,19.0,14.4,14.62,1,0,0
fifth-meyran,2025-05-22,2025,5,55,rain,52.3,50.0,0.433,0.433,0.0,22.0,12.4,14.65,1,0,0
fifth-meyran,2025-05-23,2025,5,51,rain,51.4,47.7,0.11,0.11,0.0,16.0,14.3,14.67,1,0,0
fifth-meyran,2025-05-24,2025,5,51,rain,52.6,44.5,0.024,0.024,0.0,5.0,12.1,14.7,1,0,0
fifth-meyran,2025-05-25,2025,5,3,cloud,54.4,44.6,0.0,0.0,0.0,0.0,8.9,14.72,0,0,0
fifth-meyran,2025-05-26,2025,5,3,cloud,56.6,44.6,0.0,0.0,0.0,0.0,7.8,14.75,0,0,0
fifth-meyran,2025-05-27,2025,5,61,rain,57.2,51.0,0.169,0.169,0.0,8.0,10.9,14.77,1,0,0
fifth-meyran,2025-05-28,2025,5,63,rain,55.8,50.7,0.598,0.598,0.0,21.0,11.6,14.79,1,0,0
fifth-meyran,2025-05-29,2025,5,51,rain,62.2,54.2,0.028,0.028,0.0,6.0,8.6,14.82,1,0,0
fifth-meyran,2025-05-30,2025,5,63,rain,58.3,53.4,0.724,0.724,0.0,12.0,13.8,14.84,1,0,0
fifth-meyran,2025-05-31,2025,5,53,rain,53.4,48.3,0.106,0.106,0.0,10.0,15.0,14.86,1,0,0
fifth-meyran,2025-06-01,2025,6,3,cloud,54.2,44.7,0.0,0.0,0.0,0.0,10.2,14.88,0,0,0
fifth-meyran,2025-06-02,2025,6,2,cloud,59.1,45.8,0.0,0.0,0.0,0.0,7.2,14.89,0,0,0
fifth-meyran,2025-06-03,2025,6,3,cloud,65.5,51.3,0.0,0.0,0.0,0.0,6.8,14.91,0,0,0
fifth-meyran,2025-06-04,2025,6,3,cloud,73.3,62.5,0.0,0.0,0.0,0.0,9.2,14.93,0,0,0
fifth-meyran,2025-06-05,2025,6,63,rain,72.0,64.9,0.531,0.531,0.0,9.0,6.7,14.94,1,0,0
fifth-meyran,2025-06-06,2025,6,65,rain,69.6,63.2,0.811,0.811,0.0,13.0,8.4,14.96,1,0,0
fifth-meyran,2025-06-07,2025,6,51,rain,69.9,64.0,0.071,0.071,0.0,9.0,6.8,14.97,1,0,0
fifth-meyran,2025-06-08,2025,6,63,rain,66.4,62.4,0.772,0.772,0.0,12.0,9.2,14.99,1,0,0
fifth-meyran,2025-06-09,2025,6,63,rain,67.4,60.6,0.413,0.413,0.0,11.0,11.0,15.0,1,0,0
fifth-meyran,2025-06-10,2025,6,63,rain,66.8,61.5,0.343,0.343,0.0,6.0,10.9,15.01,1,0,0
fifth-meyran,2025-06-11,2025,6,3,cloud,69.0,57.8,0.0,0.0,0.0,0.0,8.4,15.02,0,0,0
fifth-meyran,2025-06-12,2025,6,3,cloud,74.2,62.9,0.0,0.0,0.0,0.0,6.4,15.03,0,0,0
fifth-meyran,2025-06-13,2025,6,63,rain,72.7,66.0,0.331,0.331,0.0,4.0,6.9,15.04,1,0,0
fifth-meyran,2025-06-14,2025,6,61,rain,70.5,66.9,0.634,0.634,0.0,21.0,7.1,15.04,1,0,0
fifth-meyran,2025-06-15,2025,6,65,rain,69.8,64.8,0.705,0.705,0.0,13.0,7.8,15.05,1,0,0
fifth-meyran,2025-06-16,2025,6,53,rain,69.4,63.0,0.055,0.055,0.0,6.0,7.0,15.05,1,0,0
fifth-meyran,2025-06-17,2025,6,65,rain,71.2,66.6,0.913,0.913,0.0,12.0,8.6,15.06,1,0,0
fifth-meyran,2025-06-18,2025,6,63,rain,73.1,68.6,0.37,0.37,0.0,13.0,9.8,15.06,1,0,0
fifth-meyran,2025-06-19,2025,6,65,rain,69.8,61.5,0.756,0.756,0.0,15.0,18.4,15.06,1,0,0
fifth-meyran,2025-06-20,2025,6,53,rain,68.7,60.4,0.063,0.063,0.0,7.0,10.6,15.06,1,0,0
fifth-meyran,2025-06-21,2025,6,3,cloud,75.3,64.8,0.0,0.0,0.0,0.0,8.3,15.06,0,0,0
fifth-meyran,2025-06-22,2025,6,3,cloud,80.6,70.6,0.0,0.0,0.0,0.0,8.8,15.06,0,0,0
fifth-meyran,2025-06-23,2025,6,1,clear,83.2,73.7,0.0,0.0,0.0,0.0,6.9,15.06,0,0,0
fifth-meyran,2025-06-24,2025,6,2,cloud,84.2,73.3,0.0,0.0,0.0,0.0,5.8,15.06,0,0,0
fifth-meyran,2025-06-25,2025,6,63,rain,80.6,73.9,0.228,0.228,0.0,7.0,9.6,15.05,1,0,0
fifth-meyran,2025-06-26,2025,6,51,rain,79.9,71.9,0.024,0.024,0.0,5.0,8.2,15.05,1,0,0
fifth-meyran,2025-06-27,2025,6,65,rain,76.0,71.2,0.791,0.791,0.0,13.0,8.4,15.04,1,0,0
fifth-meyran,2025-06-28,2025,6,61,rain,76.7,71.0,0.169,0.169,0.0,11.0,8.4,15.03,1,0,0
fifth-meyran,2025-06-29,2025,6,51,rain,78.2,70.1,0.012,0.012,0.0,3.0,4.6,15.03,1,0,0
fifth-meyran,2025-06-30,2025,6,63,rain,76.8,72.4,0.748,0.748,0.0,11.0,9.2,15.02,1,0,0
fifth-meyran,2025-07-01,2025,7,53,rain,74.1,70.3,0.11,0.11,0.0,9.0,7.7,15.01,1,0,0
fifth-meyran,2025-07-02,2025,7,51,rain,74.5,65.1,0.004,0.004,0.0,1.0,4.4,15.0,0,0,0
fifth-meyran,2025-07-03,2025,7,51,rain,74.4,66.6,0.012,0.012,0.0,1.0,9.9,14.98,1,0,0
fifth-meyran,2025-07-04,2025,7,2,cloud,73.6,62.4,0.0,0.0,0.0,0.0,3.7,14.97,0,0,0
fifth-meyran,2025-07-05,2025,7,51,rain,78.1,66.8,0.024,0.024,0.0,3.0,5.5,14.96,1,0,0
fifth-meyran,2025-07-06,2025,7,3,cloud,80.3,69.8,0.0,0.0,0.0,0.0,8.6,14.94,0,0,0
fifth-meyran,2025-07-07,2025,7,63,rain,78.2,71.9,0.571,0.571,0.0,7.0,8.6,14.93,1,0,0
fifth-meyran,2025-07-08,2025,7,65,rain,75.3,70.1,0.472,0.472,0.0,13.0,6.2,14.91,1,0,0
fifth-meyran,2025-07-09,2025,7,55,rain,73.2,68.4,0.075,0.075,0.0,4.0,4.1,14.89,1,0,0
fifth-meyran,2025-07-10,2025,7,53,rain,74.0,66.4,0.055,0.055,0.0,5.0,4.3,14.88,1,0,0
fifth-meyran,2025-07-11,2025,7,51,rain,76.9,67.6,0.02,0.02,0.0,4.0,4.2,14.86,1,0,0
fifth-meyran,2025-07-12,2025,7,55,rain,79.8,71.4,0.043,0.043,0.0,2.0,7.5,14.84,1,0,0
fifth-meyran,2025-07-13,2025,7,65,rain,76.9,71.4,0.705,0.705,0.0,10.0,10.3,14.82,1,0,0
fifth-meyran,2025-07-14,2025,7,61,rain,74.9,69.8,0.173,0.173,0.0,8.0,5.9,14.79,1,0,0
fifth-meyran,2025-07-15,2025,7,51,rain,78.0,70.6,0.008,0.008,0.0,2.0,5.2,14.77,0,0,0
fifth-meyran,2025-07-16,2025,7,63,rain,76.6,72.8,0.492,0.492,0.0,10.0,10.2,14.75,1,0,0
fifth-meyran,2025-07-17,2025,7,53,rain,77.6,70.5,0.067,0.067,0.0,7.0,15.0,14.72,1,0,0
fifth-meyran,2025-07-18,2025,7,61,rain,73.2,67.5,0.122,0.122,0.0,5.0,6.4,14.7,1,0,0
fifth-meyran,2025-07-19,2025,7,51,rain,77.1,69.6,0.043,0.043,0.0,9.0,5.1,14.67,1,0,0
fifth-meyran,2025-07-20,2025,7,63,rain,76.2,70.3,0.429,0.429,0.0,19.0,10.3,14.65,1,0,0
fifth-meyran,2025-07-21,2025,7,51,rain,72.0,63.1,0.004,0.004,0.0,1.0,7.3,14.62,0,0,0
fifth-meyran,2025-07-22,2025,7,3,cloud,70.4,59.5,0.0,0.0,0.0,0.0,6.3,14.59,0,0,0
fifth-meyran,2025-07-23,2025,7,51,rain,77.0,63.0,0.004,0.004,0.0,1.0,9.0,14.56,0,0,0
fifth-meyran,2025-07-24,2025,7,51,rain,82.5,72.4,0.012,0.012,0.0,2.0,7.9,14.53,1,0,0
fifth-meyran,2025-07-25,2025,7,61,rain,80.5,73.3,0.374,0.374,0.0,10.0,8.3,14.51,1,0,0
fifth-meyran,2025-07-26,2025,7,63,rain,79.5,72.4,0.28,0.28,0.0,7.0,10.6,14.48,1,0,0
fifth-meyran,2025-07-27,2025,7,63,rain,78.0,73.2,0.402,0.402,0.0,10.0,9.5,14.45,1,0,0
fifth-meyran,2025-07-28,2025,7,3,cloud,78.7,69.0,0.0,0.0,0.0,0.0,4.6,14.41,0,0,0
fifth-meyran,2025-07-29,2025,7,51,rain,80.0,73.6,0.028,0.028,0.0,5.0,4.6,14.38,1,0,0
fifth-meyran,2025-07-30,2025,7,51,rain,81.6,72.4,0.004,0.004,0.0,1.0,6.1,14.35,0,0,0
fifth-meyran,2025-07-31,2025,7,55,rain,74.7,65.4,0.114,0.114,0.0,9.0,10.5,14.32,1,0,0
fifth-meyran,2025-08-01,2025,8,3,cloud,69.4,61.6,0.0,0.0,0.0,0.0,9.4,14.28,0,0,0
fifth-meyran,2025-08-02,2025,8,3,cloud,69.4,60.1,0.0,0.0,0.0,0.0,8.0,14.25,0,0,0
fifth-meyran,2025-08-03,2025,8,2,cloud,70.9,58.7,0.0,0.0,0.0,0.0,5.5,14.21,0,0,0
fifth-meyran,2025-08-04,2025,8,3,cloud,73.3,61.3,0.0,0.0,0.0,0.0,6.6,14.18,0,0,0
fifth-meyran,2025-08-05,2025,8,3,cloud,75.4,66.7,0.0,0.0,0.0,0.0,7.4,14.14,0,0,0
fifth-meyran,2025-08-06,2025,8,3,cloud,75.3,68.4,0.0,0.0,0.0,0.0,9.3,14.11,0,0,0
fifth-meyran,2025-08-07,2025,8,3,cloud,74.3,63.7,0.0,0.0,0.0,0.0,10.0,14.07,0,0,0
fifth-meyran,2025-08-08,2025,8,51,rain,75.7,66.5,0.004,0.004,0.0,1.0,6.7,14.03,0,0,0
fifth-meyran,2025-08-09,2025,8,0,clear,77.4,67.2,0.0,0.0,0.0,0.0,7.0,14.0,0,0,0
fifth-meyran,2025-08-10,2025,8,3,cloud,79.4,68.9,0.0,0.0,0.0,0.0,7.8,13.96,0,0,0
fifth-meyran,2025-08-11,2025,8,51,rain,80.3,69.7,0.008,0.008,0.0,2.0,6.1,13.92,0,0,0
fifth-meyran,2025-08-12,2025,8,2,cloud,82.8,72.5,0.0,0.0,0.0,0.0,5.3,13.88,0,0,0
fifth-meyran,2025-08-13,2025,8,65,rain,75.7,71.9,0.85,0.85,0.0,16.0,9.3,13.85,1,0,0
fifth-meyran,2025-08-14,2025,8,51,rain,75.4,69.0,0.028,0.028,0.0,4.0,7.0,13.81,1,0,0
fifth-meyran,2025-08-15,2025,8,3,cloud,75.8,64.0,0.0,0.0,0.0,0.0,3.8,13.77,0,0,0
fifth-meyran,2025-08-16,2025,8,51,rain,78.9,67.8,0.004,0.004,0.0,1.0,6.1,13.73,0,0,0
fifth-meyran,2025-08-17,2025,8,63,rain,76.5,70.9,0.236,0.236,0.0,7.0,11.2,13.69,1,0,0
fifth-meyran,2025-08-18,2025,8,3,cloud,73.6,64.6,0.0,0.0,0.0,0.0,7.1,13.65,0,0,0
fifth-meyran,2025-08-19,2025,8,3,cloud,76.8,65.8,0.0,0.0,0.0,0.0,10.3,13.61,0,0,0
fifth-meyran,2025-08-20,2025,8,55,rain,75.8,71.5,0.157,0.157,0.0,9.0,7.3,13.57,1,0,0
fifth-meyran,2025-08-21,2025,8,51,rain,73.2,68.4,0.02,0.02,0.0,4.0,7.2,13.53,1,0,0
fifth-meyran,2025-08-22,2025,8,3,cloud,73.4,64.7,0.0,0.0,0.0,0.0,6.2,13.49,0,0,0
fifth-meyran,2025-08-23,2025,8,51,rain,77.2,67.8,0.047,0.047,0.0,6.0,8.9,13.45,1,0,0
fifth-meyran,2025-08-24,2025,8,51,rain,75.6,67.7,0.012,0.012,0.0,3.0,8.4,13.41,1,0,0
fifth-meyran,2025-08-25,2025,8,51,rain,67.8,61.1,0.004,0.004,0.0,1.0,11.7,13.36,0,0,0
fifth-meyran,2025-08-26,2025,8,51,rain,63.5,56.0,0.028,0.028,0.0,5.0,11.0,13.32,1,0,0
fifth-meyran,2025-08-27,2025,8,51,rain,63.1,54.2,0.004,0.004,0.0,1.0,8.2,13.28,0,0,0
fifth-meyran,2025-08-28,2025,8,51,rain,63.0,53.9,0.008,0.008,0.0,2.0,10.3,13.24,0,0,0
fifth-meyran,2025-08-29,2025,8,51,rain,62.4,57.6,0.024,0.024,0.0,3.0,9.4,13.19,1,0,0
fifth-meyran,2025-08-30,2025,8,3,cloud,61.2,51.1,0.0,0.0,0.0,0.0,7.4,13.15,0,0,0
fifth-meyran,2025-08-31,2025,8,3,cloud,64.1,52.2,0.0,0.0,0.0,0.0,8.0,13.11,0,0,0
fifth-meyran,2025-09-01,2025,9,3,cloud,66.4,54.9,0.0,0.0,0.0,0.0,6.9,13.07,0,0,0
fifth-meyran,2025-09-02,2025,9,3,cloud,68.5,57.4,0.0,0.0,0.0,0.0,5.3,13.02,0,0,0
fifth-meyran,2025-09-03,2025,9,51,rain,68.5,58.5,0.012,0.012,0.0,3.0,11.4,12.98,1,0,0
fifth-meyran,2025-09-04,2025,9,63,rain,64.8,60.8,0.272,0.272,0.0,13.0,14.1,12.94,1,0,0
fifth-meyran,2025-09-05,2025,9,51,rain,67.6,58.6,0.059,0.059,0.0,8.0,15.0,12.9,1,0,0
fifth-meyran,2025-09-06,2025,9,61,rain,62.9,56.6,0.114,0.114,0.0,6.0,8.7,12.85,1,0,0
fifth-meyran,2025-09-07,2025,9,3,cloud,59.3,52.6,0.0,0.0,0.0,0.0,8.6,12.81,0,0,0
fifth-meyran,2025-09-08,2025,9,2,cloud,58.8,49.0,0.0,0.0,0.0,0.0,4.5,12.77,0,0,0
fifth-meyran,2025-09-09,2025,9,0,clear,61.5,49.7,0.0,0.0,0.0,0.0,5.9,12.72,0,0,0
fifth-meyran,2025-09-10,2025,9,3,cloud,64.4,54.2,0.0,0.0,0.0,0.0,5.1,12.68,0,0,0
fifth-meyran,2025-09-11,2025,9,1,clear,66.6,54.1,0.0,0.0,0.0,0.0,4.6,12.64,0,0,0
fifth-meyran,2025-09-12,2025,9,0,clear,68.5,56.3,0.0,0.0,0.0,0.0,5.8,12.59,0,0,0
fifth-meyran,2025-09-13,2025,9,51,rain,70.0,60.2,0.004,0.004,0.0,1.0,6.0,12.55,0,0,0
fifth-meyran,2025-09-14,2025,9,0,clear,71.4,59.6,0.0,0.0,0.0,0.0,7.5,12.5,0,0,0
fifth-meyran,2025-09-15,2025,9,3,cloud,73.1,62.3,0.0,0.0,0.0,0.0,7.8,12.46,0,0,0
fifth-meyran,2025-09-16,2025,9,3,cloud,72.5,62.9,0.0,0.0,0.0,0.0,6.3,12.41,0,0,0
fifth-meyran,2025-09-17,2025,9,3,cloud,72.0,61.1,0.0,0.0,0.0,0.0,5.3,12.37,0,0,0
fifth-meyran,2025-09-18,2025,9,1,clear,72.2,60.0,0.0,0.0,0.0,0.0,6.3,12.33,0,0,0
fifth-meyran,2025-09-19,2025,9,51,rain,72.7,62.4,0.024,0.024,0.0,2.0,7.6,12.28,1,0,0
fifth-meyran,2025-09-20,2025,9,53,rain,70.9,62.6,0.094,0.094,0.0,4.0,6.4,12.24,1,0,0
fifth-meyran,2025-09-21,2025,9,61,rain,70.4,63.4,0.094,0.094,0.0,5.0,9.6,12.19,1,0,0
fifth-meyran,2025-09-22,2025,9,61,rain,71.6,64.7,0.193,0.193,0.0,8.0,9.0,12.15,1,0,0
fifth-meyran,2025-09-23,2025,9,63,rain,68.3,64.7,0.35,0.35,0.0,14.0,9.7,12.11,1,0,0
fifth-meyran,2025-09-24,2025,9,63,rain,65.9,63.6,0.579,0.579,0.0,8.0,5.7,12.06,1,0,0
fifth-meyran,2025-09-25,2025,9,63,rain,66.7,63.1,0.539,0.539,0.0,13.0,6.2,12.02,1,0,0
fifth-meyran,2025-09-26,2025,9,61,rain,66.2,58.6,0.075,0.075,0.0,6.0,6.6,11.97,1,0,0
fifth-meyran,2025-09-27,2025,9,51,rain,66.3,59.8,0.004,0.004,0.0,1.0,5.1,11.93,0,0,0
fifth-meyran,2025-09-28,2025,9,3,cloud,68.1,58.8,0.0,0.0,0.0,0.0,4.0,11.89,0,0,0
fifth-meyran,2025-09-29,2025,9,3,cloud,68.5,59.6,0.0,0.0,0.0,0.0,5.0,11.84,0,0,0
fifth-meyran,2025-09-30,2025,9,3,cloud,68.5,60.8,0.0,0.0,0.0,0.0,7.7,11.8,0,0,0
fifth-meyran,2025-10-01,2025,10,0,clear,62.2,53.6,0.0,0.0,0.0,0.0,8.5,11.75,0,0,0
fifth-meyran,2025-10-02,2025,10,3,cloud,60.7,49.6,0.0,0.0,0.0,0.0,6.6,11.71,0,0,0
fifth-meyran,2025-10-03,2025,10,3,cloud,62.6,53.1,0.0,0.0,0.0,0.0,6.1,11.66,0,0,0
fifth-meyran,2025-10-04,2025,10,2,cloud,63.6,52.2,0.0,0.0,0.0,0.0,3.0,11.62,0,0,0
fifth-meyran,2025-10-05,2025,10,0,clear,65.3,54.9,0.0,0.0,0.0,0.0,4.3,11.57,0,0,0
fifth-meyran,2025-10-06,2025,10,2,cloud,66.9,56.2,0.0,0.0,0.0,0.0,5.5,11.53,0,0,0
fifth-meyran,2025-10-07,2025,10,65,rain,65.0,62.5,1.622,1.622,0.0,19.0,10.4,11.49,1,0,0
fifth-meyran,2025-10-08,2025,10,51,rain,58.7,50.3,0.051,0.051,0.0,5.0,14.2,11.44,1,0,0
fifth-meyran,2025-10-09,2025,10,0,clear,50.3,42.2,0.0,0.0,0.0,0.0,6.2,11.4,0,0,0
fifth-meyran,2025-10-10,2025,10,2,cloud,52.6,42.9,0.0,0.0,0.0,0.0,7.8,11.36,0,0,0
fifth-meyran,2025-10-11,2025,10,3,cloud,55.0,46.0,0.0,0.0,0.0,0.0,7.9,11.31,0,0,0
fifth-meyran,2025-10-12,2025,10,53,rain,58.3,51.4,0.043,0.043,0.0,4.0,8.5,11.27,1,0,0
fifth-meyran,2025-10-13,2025,10,3,cloud,58.1,51.6,0.0,0.0,0.0,0.0,7.5,11.23,0,0,0
fifth-meyran,2025-10-14,2025,10,3,cloud,58.9,52.2,0.0,0.0,0.0,0.0,8.1,11.18,0,0,0
fifth-meyran,2025-10-15,2025,10,3,cloud,56.0,50.1,0.0,0.0,0.0,0.0,10.1,11.14,0,0,0
fifth-meyran,2025-10-16,2025,10,0,clear,50.0,41.8,0.0,0.0,0.0,0.0,8.0,11.1,0,0,0
fifth-meyran,2025-10-17,2025,10,3,cloud,49.7,39.3,0.0,0.0,0.0,0.0,4.0,11.06,0,0,0
fifth-meyran,2025-10-18,2025,10,3,cloud,60.4,48.5,0.0,0.0,0.0,0.0,7.1,11.01,0,0,0
fifth-meyran,2025-10-19,2025,10,63,rain,63.2,51.8,0.764,0.764,0.0,9.0,16.9,10.97,1,0,0
fifth-meyran,2025-10-20,2025,10,61,rain,51.3,46.7,0.248,0.248,0.0,7.0,16.2,10.93,1,0,0
fifth-meyran,2025-10-21,2025,10,63,rain,50.4,42.7,0.157,0.157,0.0,3.0,10.4,10.89,1,0,0
fifth-meyran,2025-10-22,2025,10,51,rain,47.2,44.8,0.024,0.024,0.0,4.0,16.7,10.84,1,0,0
fifth-meyran,2025-10-23,2025,10,55,rain,45.9,42.4,0.079,0.079,0.0,4.0,13.4,10.8,1,0,0
fifth-meyran,2025-10-24,2025,10,51,rain,44.1,37.8,0.008,0.008,0.0,2.0,9.4,10.76,0,0,0
fifth-meyran,2025-10-25,2025,10,3,cloud,45.6,36.8,0.0,0.0,0.0,0.0,4.1,10.72,0,0,0
fifth-meyran,2025-10-26,2025,10,1,clear,45.7,36.9,0.0,0.0,0.0,0.0,6.4,10.68,0,0,0
fifth-meyran,2025-10-27,2025,10,3,cloud,46.3,37.3,0.0,0.0,0.0,0.0,9.2,10.64,0,0,0
fifth-meyran,2025-10-28,2025,10,0,clear,45.3,37.9,0.0,0.0,0.0,0.0,10.3,10.59,0,0,0
fifth-meyran,2025-10-29,2025,10,61,rain,45.0,38.0,0.169,0.169,0.0,8.0,10.8,10.55,1,0,0
fifth-meyran,2025-10-30,2025,10,63,rain,47.3,45.5,1.228,1.228,0.0,24.0,12.6,10.51,1,0,0
fifth-meyran,2025-10-31,2025,10,51,rain,46.3,40.3,0.039,0.039,0.0,5.0,19.0,10.47,1,0,0
fifth-meyran,2025-11-01,2025,11,51,rain,47.7,40.2,0.004,0.004,0.0,1.0,9.9,10.44,0,0,0
fifth-meyran,2025-11-02,2025,11,3,cloud,46.5,38.8,0.0,0.0,0.0,0.0,4.4,10.4,0,0,0
fifth-meyran,2025-11-03,2025,11,3,cloud,47.1,39.8,0.0,0.0,0.0,0.0,12.9,10.36,0,0,0
fifth-meyran,2025-11-04,2025,11,3,cloud,47.2,39.0,0.0,0.0,0.0,0.0,11.6,10.32,0,0,0
fifth-meyran,2025-11-05,2025,11,51,rain,50.8,40.2,0.039,0.039,0.0,5.0,15.7,10.28,1,0,0
fifth-meyran,2025-11-06,2025,11,3,cloud,44.4,38.0,0.0,0.0,0.0,0.0,11.0,10.25,0,0,0
fifth-meyran,2025-11-07,2025,11,63,rain,48.8,37.0,0.193,0.193,0.0,8.0,14.6,10.21,1,0,0
fifth-meyran,2025-11-08,2025,11,53,rain,50.7,44.3,0.051,0.051,0.0,4.0,9.0,10.17,1,0,0
fifth-meyran,2025-11-09,2025,11,63,rain,44.3,38.7,0.295,0.295,0.0,12.0,11.5,10.14,1,0,0
fifth-meyran,2025-11-10,2025,11,71,snow,33.8,26.7,0.031,0.016,0.11,8.0,11.7,10.1,1,1,1
fifth-meyran,2025-11-11,2025,11,3,cloud,29.6,24.7,0.0,0.0,0.0,0.0,16.8,10.07,0,0,1
fifth-meyran,2025-11-12,2025,11,3,cloud,41.1,34.2,0.0,0.0,0.0,0.0,14.8,10.03,0,0,0
fifth-meyran,2025-11-13,2025,11,1,clear,41.7,36.2,0.0,0.0,0.0,0.0,12.4,10.0,0,0,0
fifth-meyran,2025-11-14,2025,11,3,cloud,41.3,32.3,0.0,0.0,0.0,0.0,4.9,9.96,0,0,0
fifth-meyran,2025-11-15,2025,11,55,rain,52.9,41.9,0.142,0.142,0.0,7.0,14.8,9.93,1,0,0
fifth-meyran,2025-11-16,2025,11,51,rain,45.4,38.0,0.012,0.012,0.0,3.0,15.7,9.9,1,0,0
fifth-meyran,2025-11-17,2025,11,71,snow,37.3,32.5,0.004,0.0,0.028,1.0,14.7,9.86,0,0,0
fifth-meyran,2025-11-18,2025,11,73,snow,33.7,28.5,0.169,0.13,0.276,7.0,5.8,9.83,1,1,1
fifth-meyran,2025-11-19,2025,11,63,rain,38.6,33.9,0.354,0.354,0.0,5.0,7.1,9.8,1,0,0
fifth-meyran,2025-11-20,2025,11,3,cloud,36.4,31.4,0.0,0.0,0.0,0.0,3.6,9.77,0,0,1
fifth-meyran,2025-11-21,2025,11,51,rain,43.3,39.1,0.02,0.02,0.0,3.0,4.5,9.74,1,0,0
fifth-meyran,2025-11-22,2025,11,63,rain,44.6,38.1,0.307,0.307,0.0,7.0,7.4,9.71,1,0,0
fifth-meyran,2025-11-23,2025,11,3,cloud,42.8,34.7,0.0,0.0,0.0,0.0,11.8,9.69,0,0,0
fifth-meyran,2025-11-24,2025,11,3,cloud,41.1,31.8,0.0,0.0,0.0,0.0,6.1,9.66,0,0,1
fifth-meyran,2025-11-25,2025,11,63,rain,48.9,44.2,0.622,0.622,0.0,15.0,10.2,9.64,1,0,0
fifth-meyran,2025-11-26,2025,11,53,rain,48.4,36.1,0.083,0.083,0.0,9.0,15.5,9.61,1,0,0
fifth-meyran,2025-11-27,2025,11,73,snow,32.2,27.6,0.039,0.0,0.276,3.0,16.0,9.59,0,1,1
fifth-meyran,2025-11-28,2025,11,71,snow,29.2,26.5,0.008,0.0,0.055,2.0,15.0,9.56,0,0,1
fifth-meyran,2025-11-29,2025,11,3,cloud,30.7,25.7,0.0,0.0,0.0,0.0,8.6,9.54,0,0,1
fifth-meyran,2025-11-30,2025,11,71,snow,36.6,29.4,0.051,0.039,0.083,6.0,17.1,9.52,1,0,1
fifth-meyran,2025-12-01,2025,12,3,cloud,30.5,28.9,0.0,0.0,0.0,0.0,11.1,9.49,0,0,1
fifth-meyran,2025-12-02,2025,12,75,snow,31.2,29.0,0.362,0.0,2.535,8.0,8.3,9.47,0,1,1
fifth-meyran,2025-12-03,2025,12,3,cloud,28.1,26.0,0.0,0.0,0.0,0.0,10.3,9.45,0,0,1
fifth-meyran,2025-12-04,2025,12,71,snow,25.5,15.6,0.012,0.0,0.083,3.0,11.2,9.44,0,0,1
fifth-meyran,2025-12-05,2025,12,3,cloud,22.3,13.6,0.0,0.0,0.0,0.0,6.1,9.42,0,0,1
fifth-meyran,2025-12-06,2025,12,3,cloud,29.7,23.1,0.0,0.0,0.0,0.0,10.5,9.4,0,0,1
fifth-meyran,2025-12-07,2025,12,71,snow,32.4,28.8,0.012,0.008,0.028,3.0,8.6,9.38,0,0,1
fifth-meyran,2025-12-08,2025,12,3,cloud,24.1,20.9,0.0,0.0,0.0,0.0,9.7,9.37,0,0,1
fifth-meyran,2025-12-09,2025,12,3,cloud,25.2,16.4,0.0,0.0,0.0,0.0,12.4,9.36,0,0,1
fifth-meyran,2025-12-10,2025,12,73,snow,36.5,30.6,0.366,0.291,0.524,19.0,15.6,9.34,1,1,1
fifth-meyran,2025-12-11,2025,12,71,snow,26.7,22.7,0.004,0.0,0.028,1.0,14.3,9.33,0,0,1
fifth-meyran,2025-12-12,2025,12,3,cloud,27.5,25.2,0.0,0.0,0.0,0.0,10.0,9.32,0,0,1
fifth-meyran,2025-12-13,2025,12,73,snow,29.6,24.6,0.272,0.0,1.902,11.0,12.0,9.31,0,1,1
fifth-meyran,2025-12-14,2025,12,73,snow,15.0,10.0,0.142,0.0,1.02,13.0,13.6,9.31,0,1,1
fifth-meyran,2025-12-15,2025,12,71,snow,12.2,7.8,0.004,0.0,0.028,1.0,10.2,9.3,0,0,1
fifth-meyran,2025-12-16,2025,12,3,cloud,21.9,11.7,0.0,0.0,0.0,0.0,9.5,9.29,0,0,1
fifth-meyran,2025-12-17,2025,12,3,cloud,37.7,29.6,0.0,0.0,0.0,0.0,11.2,9.29,0,0,1
fifth-meyran,2025-12-18,2025,12,51,rain,41.2,28.4,0.028,0.028,0.0,4.0,15.1,9.28,1,0,1
fifth-meyran,2025-12-19,2025,12,71,snow,33.9,19.1,0.362,0.335,0.193,16.0,19.2,9.28,1,1,1
fifth-meyran,2025-12-20,2025,12,3,cloud,30.7,18.3,0.0,0.0,0.0,0.0,9.2,9.28,0,0,1
fifth-meyran,2025-12-21,2025,12,3,cloud,32.7,24.0,0.0,0.0,0.0,0.0,12.5,9.28,0,0,1
fifth-meyran,2025-12-22,2025,12,71,snow,29.6,20.2,0.008,0.0,0.055,2.0,5.9,9.28,0,0,1
fifth-meyran,2025-12-23,2025,12,71,snow,40.5,34.7,0.382,0.374,0.055,10.0,12.9,9.28,1,0,0
fifth-meyran,2025-12-24,2025,12,3,cloud,37.6,31.6,0.0,0.0,0.0,0.0,9.4,9.28,0,0,1
fifth-meyran,2025-12-25,2025,12,53,rain,38.3,30.2,0.031,0.031,0.0,2.0,8.4,9.29,1,0,1
fifth-meyran,2025-12-26,2025,12,65,rain,36.6,28.5,1.339,1.339,0.0,12.0,12.3,9.29,1,0,1
fifth-meyran,2025-12-27,2025,12,3,cloud,35.7,34.1,0.0,0.0,0.0,0.0,7.8,9.3,0,0,0
fifth-meyran,2025-12-28,2025,12,61,rain,43.6,33.3,0.114,0.114,0.0,5.0,12.5,9.31,1,0,0
fifth-meyran,2025-12-29,2025,12,71,snow,37.8,22.8,0.457,0.433,0.165,13.0,20.5,9.31,1,1,1
fifth-meyran,2025-12-30,2025,12,71,snow,22.6,20.3,0.012,0.0,0.083,3.0,18.6,9.32,0,0,1
fifth-meyran,2025-12-31,2025,12,73,snow,24.4,19.2,0.161,0.0,1.13,18.0,13.5,9.33,0,1,1
penn-corridor-study,2021-12-01,2021,12,53,rain,40.8,34.3,0.075,0.075,0.0,5.0,8.8,9.5,1,0,0
penn-corridor-study,2021-12-02,2021,12,55,rain,49.9,43.3,0.106,0.106,0.0,5.0,20.3,9.48,1,0,0
penn-corridor-study,2021-12-03,2021,12,51,rain,39.0,34.5,0.012,0.012,0.0,2.0,9.3,9.46,1,0,0
penn-corridor-study,2021-12-04,2021,12,3,cloud,39.7,31.4,0.0,0.0,0.0,0.0,9.7,9.44,0,0,1
penn-corridor-study,2021-12-05,2021,12,3,cloud,40.7,30.7,0.0,0.0,0.0,0.0,12.7,9.42,0,0,1
penn-corridor-study,2021-12-06,2021,12,63,rain,46.6,30.2,0.543,0.543,0.0,9.0,17.5,9.4,1,0,1
penn-corridor-study,2021-12-07,2021,12,3,cloud,28.2,23.5,0.0,0.0,0.0,0.0,10.3,9.39,0,0,1
penn-corridor-study,2021-12-08,2021,12,71,snow,29.5,26.1,0.02,0.0,0.138,5.0,10.5,9.37,0,1,1
penn-corridor-study,2021-12-09,2021,12,3,cloud,31.6,25.1,0.0,0.0,0.0,0.0,9.4,9.36,0,0,1
penn-corridor-study,2021-12-10,2021,12,55,rain,48.4,38.7,0.075,0.075,0.0,4.0,7.8,9.34,1,0,0
penn-corridor-study,2021-12-11,2021,12,63,rain,53.6,37.5,0.728,0.728,0.0,18.0,23.4,9.33,1,0,0
penn-corridor-study,2021-12-12,2021,12,0,clear,36.2,29.9,0.0,0.0,0.0,0.0,12.1,9.32,0,0,1
penn-corridor-study,2021-12-13,2021,12,3,cloud,37.5,29.3,0.0,0.0,0.0,0.0,9.8,9.31,0,0,1
penn-corridor-study,2021-12-14,2021,12,3,cloud,38.4,28.9,0.0,0.0,0.0,0.0,7.7,9.31,0,0,1
penn-corridor-study,2021-12-15,2021,12,51,rain,46.0,38.3,0.012,0.012,0.0,2.0,9.4,9.3,1,0,0
penn-corridor-study,2021-12-16,2021,12,51,rain,56.4,50.8,0.012,0.012,0.0,2.0,13.7,9.29,1,0,0
penn-corridor-study,2021-12-17,2021,12,51,rain,42.4,34.6,0.004,0.004,0.0,1.0,11.2,9.29,0,0,0
penn-corridor-study,2021-12-18,2021,12,63,rain,44.9,38.6,0.587,0.587,0.0,22.0,12.7,9.28,1,0,0
penn-corridor-study,2021-12-19,2021,12,3,cloud,33.7,29.9,0.0,0.0,0.0,0.0,12.1,9.28,0,0,1
penn-corridor-study,2021-12-20,2021,12,3,cloud,31.6,25.7,0.0,0.0,0.0,0.0,6.5,9.28,0,0,1
penn-corridor-study,2021-12-21,2021,12,3,cloud,32.2,26.0,0.0,0.0,0.0,0.0,7.9,9.28,0,0,1
penn-corridor-study,2021-12-22,2021,12,3,cloud,30.7,23.6,0.0,0.0,0.0,0.0,14.9,9.28,0,0,1
penn-corridor-study,2021-12-23,2021,12,3,cloud,29.2,21.8,0.0,0.0,0.0,0.0,12.0,9.28,0,0,1
penn-corridor-study,2021-12-24,2021,12,51,rain,48.6,43.3,0.004,0.004,0.0,1.0,11.8,9.28,0,0,0
penn-corridor-study,2021-12-25,2021,12,63,rain,54.1,45.7,0.492,0.492,0.0,18.0,14.3,9.29,1,0,0
penn-corridor-study,2021-12-26,2021,12,3,cloud,40.8,34.0,0.0,0.0,0.0,0.0,7.5,9.29,0,0,0
penn-corridor-study,2021-12-27,2021,12,71,snow,40.6,30.3,0.689,0.685,0.028,15.0,13.5,9.3,1,0,1
penn-corridor-study,2021-12-28,2021,12,63,rain,41.8,37.0,0.535,0.535,0.0,7.0,11.8,9.31,1,0,0
penn-corridor-study,2021-12-29,2021,12,63,rain,45.6,39.8,0.283,0.283,0.0,4.0,11.5,9.31,1,0,0
penn-corridor-study,2021-12-30,2021,12,51,rain,46.4,41.5,0.047,0.047,0.0,6.0,7.8,9.32,1,0,0
penn-corridor-study,2021-12-31,2021,12,51,rain,47.6,40.4,0.016,0.016,0.0,3.0,7.7,9.33,1,0,0
penn-corridor-study,2026-04-01,2026,4,63,rain,59.2,50.3,0.622,0.622,0.0,17.0,13.7,12.68,1,0,0
penn-corridor-study,2026-04-02,2026,4,61,rain,62.4,50.1,0.142,0.142,0.0,8.0,11.5,12.73,1,0,0
penn-corridor-study,2026-04-03,2026,4,63,rain,67.5,60.9,0.224,0.224,0.0,6.0,15.4,12.77,1,0,0
penn-corridor-study,2026-04-04,2026,4,63,rain,68.7,58.3,0.472,0.472,0.0,7.0,12.2,12.82,1,0,0
penn-corridor-study,2026-04-05,2026,4,63,rain,48.8,42.4,0.52,0.52,0.0,8.0,14.9,12.86,1,0,0
penn-corridor-study,2026-04-06,2026,4,51,rain,43.1,35.9,0.035,0.035,0.0,6.0,11.5,12.91,1,0,0
penn-corridor-study,2026-04-07,2026,4,3,cloud,35.5,30.1,0.0,0.0,0.0,0.0,11.2,12.95,0,0,1
penn-corridor-study,2026-04-08,2026,4,0,clear,41.2,25.6,0.0,0.0,0.0,0.0,8.4,12.99,0,0,1
penn-corridor-study,2026-04-09,2026,4,3,cloud,56.3,41.5,0.0,0.0,0.0,0.0,9.4,13.04,0,0,0
penn-corridor-study,2026-04-10,2026,4,63,rain,60.4,50.7,0.37,0.37,0.0,6.0,15.7,13.08,1,0,0
penn-corridor-study,2026-04-11,2026,4,51,rain,48.9,41.9,0.004,0.004,0.0,1.0,10.2,13.12,0,0,0
penn-corridor-study,2026-04-12,2026,4,3,cloud,59.1,41.6,0.0,0.0,0.0,0.0,8.8,13.17,0,0,0
penn-corridor-study,2026-04-13,2026,4,51,rain,69.8,62.4,0.035,0.035,0.0,4.0,14.5,13.21,1,0,0
penn-corridor-study,2026-04-14,2026,4,63,rain,67.1,59.1,0.323,0.323,0.0,8.0,14.0,13.25,1,0,0
penn-corridor-study,2026-04-15,2026,4,65,rain,69.7,60.6,0.705,0.705,0.0,11.0,13.1,13.29,1,0,0
penn-corridor-study,2026-04-16,2026,4,63,rain,69.6,61.1,0.303,0.303,0.0,6.0,14.0,13.34,1,0,0
penn-corridor-study,2026-04-17,2026,4,55,rain,63.9,54.6,0.051,0.051,0.0,3.0,8.1,13.38,1,0,0
penn-corridor-study,2026-04-18,2026,4,63,rain,65.3,55.0,0.311,0.311,0.0,5.0,16.4,13.42,1,0,0
penn-corridor-study,2026-04-19,2026,4,73,snow,46.4,40.4,0.232,0.213,0.138,14.0,16.0,13.46,1,1,0
penn-corridor-study,2026-04-20,2026,4,51,rain,38.8,32.6,0.004,0.004,0.0,1.0,10.2,13.5,0,0,0
penn-corridor-study,2026-04-21,2026,4,3,cloud,48.2,30.7,0.0,0.0,0.0,0.0,8.8,13.55,0,0,1
penn-corridor-study,2026-04-22,2026,4,61,rain,63.7,52.8,0.173,0.173,0.0,2.0,9.6,13.59,1,0,0
penn-corridor-study,2026-04-23,2026,4,3,cloud,64.6,53.9,0.0,0.0,0.0,0.0,6.9,13.63,0,0,0
penn-corridor-study,2026-04-24,2026,4,51,rain,67.4,55.9,0.055,0.055,0.0,6.0,11.6,13.67,1,0,0
penn-corridor-study,2026-04-25,2026,4,63,rain,57.8,48.0,0.425,0.425,0.0,9.0,12.2,13.71,1,0,0
penn-corridor-study,2026-04-26,2026,4,3,cloud,51.7,45.4,0.0,0.0,0.0,0.0,7.5,13.75,0,0,0
penn-corridor-study,2026-04-27,2026,4,3,cloud,57.9,44.2,0.0,0.0,0.0,0.0,10.9,13.79,0,0,0
penn-corridor-study,2026-04-28,2026,4,61,rain,60.9,51.9,0.205,0.205,0.0,9.0,13.3,13.83,1,0,0
penn-corridor-study,2026-04-29,2026,4,63,rain,57.4,48.8,0.484,0.484,0.0,13.0,13.0,13.87,1,0,0
penn-corridor-study,2026-04-30,2026,4,53,rain,47.8,43.8,0.063,0.063,0.0,8.0,11.5,13.91,1,0,0
